str	version	fps	maxKey	layers	frames	textures	blend(src/dst)
10mon.str	148	60	120	6	25	10tiers.tga;hikari2.bmp;tiere.TGA	0/0;5/6;5/7
11mon.str	148	60	120	6	25	11tiers.tga;hikari2.bmp;tiere.TGA	0/0;5/6;5/7
12mon.str	148	60	120	6	25	12tiers.tga;hikari2.bmp;tiere.TGA	0/0;5/6;5/7
13123123.str	148	60	480	10	57	hikari2.bmp;hikari3.bmp;masterk.tga	0/0;5/6;5/7
13mon.str	148	60	120	6	25	13tiers.tga;hikari2.bmp;tiere.TGA	0/0;5/6;5/7
14mon.str	148	60	120	6	25	14tiers.tga;hikari2.bmp;tiere.TGA	0/0;5/6;5/7
15mon.str	148	60	120	6	25	15tiers.tga;hikari2.bmp;tiere.TGA	0/0;5/6;5/7
16mon.str	148	60	120	6	25	16tiers.tga;hikari2.bmp;tiere.TGA	0/0;5/6;5/7
17mon.str	148	60	120	6	25	17tiers.tga;hikari2.bmp;tiere.TGA	0/0;5/6;5/7
18mon.str	148	60	120	6	25	18tiers.tga;hikari2.bmp;tiere.TGA	0/0;5/6;5/7
19mon.str	148	60	120	6	25	19tiers.tga;hikari2.bmp;tiere.TGA	0/0;5/6;5/7
1mon.str	148	60	120	4	15	1tiers.tga;tiere.TGA	0/0;5/6;5/7
20mon.str	148	60	120	6	25	20tiers.tga;hikari2.bmp;tiere.TGA	0/0;5/6;5/7
20th_f.str	148	60	205	28	168	16tex	0/0;5/6;5/7
2mon.str	148	60	120	4	15	2tiers.TGA;tiere.TGA	0/0;5/6;5/7
3mon.str	148	60	120	4	15	3tiers.tga;tiere.TGA	0/0;5/6;5/7
4mon.str	148	60	120	5	20	4tiers.tga;hikari2.bmp;tiere.TGA	0/0;5/6;5/7
5mon.str	148	60	120	5	20	5tiers.tga;hikari2.bmp;tiere.TGA	0/0;5/6;5/7
6mon.str	148	60	120	6	25	6tiers.tga;hikari2.bmp;tiere.TGA	0/0;5/6;5/7
7mon.str	148	60	120	6	25	7tiers.tga;hikari2.bmp;tiere.TGA	0/0;5/6;5/7
8mon.str	148	60	120	6	25	8tiers.tga;hikari2.bmp;tiere.TGA	0/0;5/6;5/7
9mon.str	148	60	120	6	25	9tiers.tga;hikari2.bmp;tiere.TGA	0/0;5/6;5/7
_devil.str	148	60	139	8	235	19tex	0/0;12/12;5/7;7/5
a_machine_attack.str	148	60	59	48	249	29tex	0/0;5/6;5/7
a_machine_attack_waiting.str	148	60	71	27	180	22tex	0/0;5/6;5/7
a_machine_cast.str	148	60	69	20	65	19tex	0/0;1/6;5/6;5/7
a_machine_hit.str	148	60	25	4	11	18tex	0/0;5/6;5/7
a_machine_waiting.str	148	60	59	17	80	10tex	0/0;5/6;5/7
ab_offertorium.str	148	60	105	35	808	6tex	0/0;5/7
ab_offertorium_ring.str	148	60	120	4	27	preist_resurrection_ring.bmp	0/0;5/7
abyss_dagger.str	148	60	24	7	26	22tex	0/0;5/6;5/7
abyss_dagger_hit.str	148	60	16	15	56	13tex	0/0;5/6;5/7
abyss_slayer.str	148	60	50	9	40	10tex	0/0;5/6;5/7
abyss_slayer_cast.str	148	60	58	11	30	19tex	0/0;5/6;5/7
abyss_slayer_cast_bottom.str	148	60	60	3	10	10tex	0/0;5/6
abyss_square.str	148	60	66	8	21	10tex	0/0;5/6
abyss_square_bottom.str	148	60	66	6	15	23tex	0/0;5/6;5/7
abyss_square_hit.str	148	60	16	13	50	11tex	0/0;5/6;5/7
abyss_strike.str	148	60	53	10	29	28tex	0/0;5/6;5/7
abyss_strike_bottom.str	148	60	53	6	21	aby_glow_01.bmp;aby_ground_01.bmp;aby_ground_01.tga;aby_hit_sub_00.bmp	0/0;5/6;5/7
abyss_strike_cast.str	148	60	33	2	3	11tex	0/0;5/6
abyss_strike_cast_bottom.str	148	60	60	14	55	aby_aura_bottom_01.bmp;aby_aura_bottom_01.tga;aby_glow_bottom_01.bmp;aby_glow_sub_bottom_01.tga	0/0;5/6;5/7
abyss_strike_ground.str	148	60	59	26	111	17tex	0/0;5/6;5/7
abyss_strike_ground_bottom.str	148	60	59	3	6	aby_ground_01.bmp;aby_ground_01.tga	0/0;5/6;5/7
abyss_strike_hit.str	148	60	23	5	14	19tex	0/0;5/6;5/7
ac_concentration.str	148	60	50	10	31	lens_b.bmp;pokjuk_c.bmp;pokjuk_d.bmp	0/0;5/7
acidified_zone_fire_a_loop.str	148	60	40	10	39	20tex	0/0;5/7
acidified_zone_fire_a_loop_bottom.str	148	60	40	3	6	aci_ground.bmp;aci_ground.tga	0/0;5/6;5/7
acidified_zone_fire_a_start.str	148	60	5	2	3	aci_fire_b_00.bmp;aci_fire_b_01.bmp	0/0;5/7
acidified_zone_fire_a_start_bottom.str	148	60	5	3	6	aci_ground.bmp;aci_ground.tga	0/0;5/6;5/7
acidified_zone_fire_b.str	148	60	39	11	40	27tex	0/0;5/6;5/7
acidified_zone_fire_b_bottom.str	148	60	39	3	6	aci_slash_00.bmp;aci_slash_01.bmp;aci_slash_02.bmp;aci_slash_03.bmp;aci_slash_04.bmp	0/0;5/7
acidified_zone_fire_c.str	148	60	25	3	6	aci_water.tga;aci_water_a.bmp	0/0;5/6;5/7
acidified_zone_fire_cast.str	148	60	54	7	28	12tex	0/0;5/7
acidified_zone_fire_cast_bottom.str	148	60	59	7	28	aci_circle_00.bmp;aci_glow_1.tga;aci_m.bmp;aci_m.tga;aci_m_bg.bmp	0/0;5/6;5/7
acidified_zone_fire_hit.str	148	60	30	6	29	10tex	0/0;5/6;5/7
acidified_zone_fire_water.str	148	60	84	27	130	22tex	0/0;5/6;5/7
acidified_zone_ground_a.str	148	60	59	2	3	aci_ground.tga	0/0;5/6
acidified_zone_ground_a_loop.str	148	60	59	17	60	11tex	0/0;5/6;5/7
acidified_zone_ground_a_loop_bottom.str	148	60	59	2	3	aci_ground.tga	0/0;5/6
acidified_zone_ground_a_start.str	148	60	15	15	70	11tex	0/0;5/6;5/7
acidified_zone_ground_a_start_bottom.str	148	60	12	2	3	aci_ground.tga	0/0;5/6
acidified_zone_ground_b.str	148	60	39	11	40	27tex	0/0;5/6;5/7
acidified_zone_ground_b_bottom.str	148	60	39	4	11	6tex	0/0;5/6;5/7
acidified_zone_ground_c.str	148	60	25	3	6	aci_water.tga;aci_water_a.bmp	0/0;5/6;5/7
acidified_zone_ground_cast.str	148	60	54	12	55	aci_ster_00.bmp;aci_stone_p.tga	0/0;5/6;5/7
acidified_zone_ground_cast_bottom.str	148	60	59	7	28	aci_circle_00.bmp;aci_glow_1.tga;aci_m.bmp;aci_m.tga;aci_m_bg.bmp	0/0;5/6;5/7
acidified_zone_ground_hit.str	148	60	30	6	29	10tex	0/0;5/6;5/7
acidified_zone_ground_water.str	148	60	84	27	130	22tex	0/0;5/6;5/7
acidified_zone_water_a_loop.str	148	60	59	17	60	11tex	0/0;5/6;5/7
acidified_zone_water_a_loop_bottom.str	148	60	59	2	3	aci_target_grd_effect.tga	0/0;5/6
acidified_zone_water_a_start.str	148	60	12	15	70	11tex	0/0;5/6;5/7
acidified_zone_water_a_start_bottom.str	148	60	10	2	3	aci_target_grd_effect.tga	0/0;5/6
acidified_zone_water_b.str	148	60	39	11	40	27tex	0/0;5/6;5/7
acidified_zone_water_b_bottom.str	148	60	39	4	11	6tex	0/0;5/6;5/7
acidified_zone_water_c.str	148	60	25	3	6	aci_water.tga;aci_water_a.bmp	0/0;5/6;5/7
acidified_zone_water_c.str	148	60	25	3	6	aci_water.tga;aci_water_a.bmp	0/0;5/6;5/7
acidified_zone_water_cast.str	148	60	54	14	65	aci_snowflake_00.bmp;aci_ster_00.bmp	0/0;5/7
acidified_zone_water_cast_bottom.str	148	60	59	7	28	aci_circle_00.bmp;aci_glow_1.tga;aci_m.bmp;aci_m.tga;aci_m_bg.bmp	0/0;5/6;5/7
acidified_zone_water_hit.str	148	60	30	6	29	10tex	0/0;5/6;5/7
acidified_zone_water_water.str	148	60	84	27	130	22tex	0/0;5/6;5/7
acidified_zone_wind_a_loop.str	148	60	45	3	6	13tex	0/0;5/6;5/7
acidified_zone_wind_a_loop_bottom.str	148	60	45	3	6	13tex	0/0;5/6;5/7
acidified_zone_wind_a_start.str	148	60	10	3	6	aci_shine_00.bmp;aci_tornado_00.tga;aci_tornado_01.tga;aci_tornado_02.tga	0/0;5/6;5/7
acidified_zone_wind_a_start_bottom.str	148	60	10	2	3	aci_glow_3.tga	0/0;5/6
acidified_zone_wind_b.str	148	60	39	11	40	27tex	0/0;5/6;5/7
acidified_zone_wind_b_bottom.str	148	60	39	4	11	6tex	0/0;5/6;5/7
acidified_zone_wind_c.str	148	60	25	3	6	aci_water.tga;aci_water_a.bmp	0/0;5/6;5/7
acidified_zone_wind_cast.str	148	60	54	8	35	aci_ster_00.bmp	0/0;5/7
acidified_zone_wind_cast_bottom.str	148	60	59	11	40	15tex	0/0;5/6;5/7
acidified_zone_wind_hit.str	148	60	30	6	29	10tex	0/0;5/6;5/7
acidified_zone_wind_water.str	148	60	84	27	130	22tex	0/0;5/6;5/7
activity_burn.str	148	60	65	16	51	26tex	0/0;5/6;5/7
activity_burn_cast.str	148	60	51	16	57	16tex	0/0;5/6;5/7
activity_burn_cast_bottom.str	148	60	59	6	17	18tex	0/0;5/6;5/7
ado.str	148	60	55	5	26	ring_b.bmp;번개1.bmp;번개2.bmp;번개3.bmp	0/0;5/7
adrenaline.str	148	60	95	7	149	aaa copy.bmp;bbbb.bmp;pistor_o_p.bmp;poison_pistal.bmp	0/0;5/6;5/7
adv_protection.str	148	60	90	38	129	11tex	0/0;5/6;5/7
adv_protection_bottom.str	148	60	80	4	19	adv_bottom_00.bmp;adv_glow_00.tga	0/0;5/6;5/7
adv_protection_cast.str	148	60	60	3	36	adv_glow_00.tga	0/0;5/6;5/7
adv_protection_cast_bottom.str	148	60	60	5	20	adv_glow_00.tga;adv_shock_00.bmp	0/0;5/6;5/7
aimed.str	148	60	90	6	25	ring_b.bmp;ring_zigzag.bmp;target1.bmp;target2.bmp;target3.bmp	0/0;5/7
ain_rhapsody.str	148	60	40	13	40	ain_circle_01.bmp;ain_ring_01.tga;ain_shouting_01.tga	0/0;5/6;5/7
ain_rhapsody_cast.str	148	60	90	39	114	ain_mic_01.tga;ain_note_01.tga;ain_note_02.tga;ain_ring_01.tga	0/0;5/6;5/7
akumukesu.str	148	60	29	15	66	19tex	0/0;1/6;5/6;5/7
alice02.str	148	60	180	16	92	10tex	0/0;5/6;5/7
all_full_throttle.str	148	60	120	18	155	freeze.bmp;pika02.bmp;ring_b.bmp;throttle.bmp	0/0;5/7
allbloom.str	148	60	52	3	14	8tex	0/0;5/7
allbloom_bomb01.str	148	60	42	5	20	12tex	0/0;5/6;5/7
allbloom_bomb01_bottom.str	148	60	35	3	12	all_circle.bmp;all_crack_01.tga	0/0;5/6;5/7
allbloom_bomb02.str	148	60	42	5	20	12tex	0/0;5/6;5/7
allbloom_bomb02_bottom.str	148	60	35	3	12	all_circle.bmp;all_crack_01.tga	0/0;5/6;5/7
allbloom_bottom.str	148	60	375	6	33	all_flower.tga;all_garden_01.tga;all_ground.bmp	0/0;5/6;5/7
allbloom_cast.str	148	60	85	8	35	all_leaf_00.bmp;all_leaf_01.bmp;all_leaf_02.bmp	0/0;5/7
allbloom_cast_bottom.str	148	60	60	2	5	all_flare_01.bmp	0/0;5/7
allbloom_hit.str	148	60	22	2	5	6tex	0/0;5/7
allow.str	148	60	19	5	84	allow_a.bmp;allow_b.bmp	0/0;5/7
angel.str	148	60	104	37	816	8tex	0/0;5/7
angel_2nd.str	148	60	103	37	815	8tex	0/0;3/7;5/7
angel_fluttering.str	148	60	225	14	89	tenfe.bmp	0/0;5/7
angelus.str	148	60	236	11	585	14tex	0/0;2/1;5/7
ankokuryuuakumu_00.str	148	60	90	9	50	39tex	0/0;1/6
ankokuryuuakumu_01.str	148	60	89	7	26	30tex	0/0;1/6;5/7
antenpou.str	148	60	164	7	54	28tex	0/0;1/6
anti.str	148	60	80	3	14	anti1.bmp;anti2.bmp;anti3.bmp	0/0;5/7
arbitrium.str	148	60	130	19	95	arb_particle_1.bmp;arb_shine_1.bmp;arb_shine_3.bmp;arb_shine_4.bmp;arb_shine_4.tga	0/0;2/1;5/6;5/7
arbitrium_bottom.str	148	60	130	8	48	arb_circle_1.bmp;arb_circle_1.tga;arb_circle_2.bmp;arb_glow_1.tga	0/0;2/1;5/6;5/7
arbitrium_cast.str	148	60	50	4	15	arb_particle_1.bmp	0/0;5/7
arbitrium_cast_bottom.str	148	60	51	4	17	15tex	0/0;5/6;5/7
arbitrium_hit.str	148	60	17	9	38	7tex	0/0;5/7
ardor.str	148	60	49	30	87	23tex	0/0;5/7
ardor_bottom.str	148	60	55	4	9	16tex	0/0;5/6;5/7
ardor_cast.str	148	60	40	5	20	10tex	0/0;5/7
ardor_cast_bottom.str	148	60	40	2	3	11tex	0/0;5/7
ardor_flamearmor.str	148	60	119	22	93	24tex	0/0;5/6;5/7
ardor_flametechnic.str	148	60	24	5	14	16tex	0/0;5/6;5/7
ardor_flametechnic_bottom.str	148	60	39	5	20	11tex	0/0;5/6;5/7
ardor_hit.str	148	60	30	4	19	7tex	0/0;5/6;5/7
argutustelum.str	148	60	120	27	130	arg_glow_1.bmp;arg_particle_1.bmp;arg_particle_2.bmp;arg_shine_1.bmp;arg_shine_3.bmp	0/0;5/7
argutustelum_cast.str	148	60	120	7	30	arg_shine_1.bmp	0/0;5/7
argutusvita.str	148	60	120	25	120	arg_glow_1.bmp;arg_particle_1.bmp;arg_particle_2.bmp;arg_shine_1.bmp;arg_shine_3.bmp	0/0;5/7
argutusvita_cast.str	148	60	120	7	30	arg_shine_1.bmp	0/0;5/7
armscannon_explosion.str	148	60	50	8	33	25tex	0/0;5/6;5/7
armscannon_explosion.str	148	60	50	8	33	25tex	0/0;5/6;5/7
armscannon_explosion_bottom.str	148	60	55	4	19	arm_crack_1.bmp;arm_glow_4.bmp	0/0;5/6;5/7
armscannon_explosion_bottom.str	148	60	55	4	19	arm_crack_1.bmp;arm_glow_4.bmp	0/0;5/6;5/7
arrowshot.str	148	60	19	5	84	allow_a.bmp;allow_b.bmp	0/0;5/7
arrowstorm.str	148	60	90	16	75	allow_b.bmp;ring_b.bmp;ring_zigzag.bmp	0/0;5/7
aspersio.str	148	60	140	13	438	aspersio_cup .bmp;ring.bmp	0/0;5/7
assasin_poisonreact.str	148	60	111	3	40	ring_zigzag.bmp	0/0;5/7
assasin_poisonreact_1st.str	148	60	111	3	40	ring_zigzag.bmp	0/0;5/7
astra.str	148	60	180	9	44	astra.TGA;astra_s1.TGA;astra_s2.TGA;astra_s3.TGA;freeze_ice_part.bmp	0/0;5/6;5/7
astra.str	148	60	180	9	44	astra.TGA;astra_s1.TGA;astra_s2.TGA;astra_s3.TGA;freeze_ice_part.bmp	0/0;5/6;5/7
astralstrike.str	148	60	50	21	122	51tex	0/0;5/6;5/7
astralstrike_bottom.str	148	60	26	3	10	ast_flare_bottom_01.bmp	0/0;5/7
astralstrike_cast.str	148	60	120	9	48	13tex	0/0;5/7
astralstrike_cast_bottom.str	148	60	120	5	18	ast_magic_1.bmp;ast_magic_1.tga	0/0;5/6;5/7
astralstrike_sub_1.str	148	60	30	19	110	40tex	0/0;5/6;5/7
astralstrike_sub_1_bottom.str	148	60	26	3	10	ast_flare_bottom_01.bmp	0/0;5/7
astralstrike_sub_2.str	148	60	30	18	101	40tex	0/0;5/6;5/7
astralstrike_sub_2_bottom.str	148	60	26	3	10	ast_flare_bottom_01.bmp	0/0;5/7
astralstrike_sub_3.str	148	60	30	18	101	40tex	0/0;5/6;5/7
astralstrike_sub_3_bottom.str	148	60	59	3	11	ast_flare_bottom_01.bmp	0/0;2/1;5/7
asum.str	148	60	150	33	684	11tex	0/0;2/1;2/2;5/7
attack_stance.str	148	60	70	22	129	14tex	0/0;5/6;5/7
attack_stance_cast.str	148	60	59	6	25	10tex	0/0;5/7
attack_stance_cast_bottom.str	148	60	59	4	13	att_m.bmp;att_m.tga;att_m_glow.bmp	0/0;5/6;5/7
aura.str	148	60	79	17	68	11tex	0/0;5/7
auto_firing_launcher.str	148	60	49	11	32	aut_bottom_02_00.bmp;aut_bottom_02_01.bmp;aut_bottom_02_02.bmp;aut_bottom_02_03.bmp;aut_particle_01.bmp	0/0;5/7
auto_firing_launcher_bottom.str	148	60	71	4	21	12tex	0/0;5/6;5/7
autocounter.str	148	60	40	12	221	6tex	0/0;5/6;5/7
basic_grenade.str	148	60	70	17	68	25tex	0/0;5/7
basic_grenade_bottom.str	148	60	70	5	24	has_bottom_01.tga;has_bottom_02.tga;has_crack_01.tga;has_light_01.bmp	0/0;5/6;5/7
bbcat.str	148	60	120	4	19	55tex	0/0;5/6;5/7
benedictio.str	148	60	155	33	1324	8tex	0/0;5/6;5/7
benedictum.str	148	60	125	22	145	23tex	0/0;5/6;5/7
benedictum_cast.str	148	60	90	2	5	15tex	0/0;5/7
benedictum_cast_bottom.str	148	60	90	3	6	16tex	0/0;5/6;5/7
bite_scar.str	148	60	60	4	51	rat.bmp;rat_mask.bmp	0/0;1/3;2/2
black_hammerfall.str	148	60	78	12	257	explosive_1_128.bmp;hammer.bmp;lord_blast_f.bmp;smoke_mud.bmp;storn_a.bmp	0/0;5/6;5/7
black_maxmize.str	148	60	110	16	634	black_sword.bmp;lord_blast_e.bmp;magic_ring_a_s.bmp	0/0;5/7
black_sword_mini.str	148	60	103	6	75	black_sword.bmp;lord_blast_e.bmp	0/0;5/7
black_tortoise_end.str	148	60	9	3	6	tof_black_tortoise_00.bmp;tof_glow_01.tga	0/0;5/6;5/7
black_tortoise_loop.str	148	60	59	4	13	tof_black_tortoise_00.bmp;tof_glow_01.tga;tof_ring_00.bmp	0/0;5/6;5/7
black_tortoise_start.str	148	60	8	5	14	tof_black_tortoise_00.bmp;tof_glow_01.tga;tof_shock_01.bmp	0/0;5/6;5/7
blast mine.str	148	60	60	12	390	blast_stick.bmp;fire_blast.bmp;fire_smoke_b.bmp;lord_blast_d.bmp	0/0;5/7
blastmine.str	148	60	95	18	777	8tex	5/7
blessing_of_mystical_creatures.str	148	60	55	25	178	6tex	0/0;5/6;5/7
blessingsofsoul.str	148	60	180	23	160	7tex	0/0;5/7
blue_dragon_end.str	148	60	9	3	6	tof_blue_dragon_00.bmp;tof_glow_01.tga	0/0;5/6;5/7
blue_dragon_loop.str	148	60	59	4	13	tof_blue_dragon_00.bmp;tof_glow_01.tga;tof_ring_00.bmp	0/0;5/6;5/7
blue_dragon_start.str	148	60	8	5	14	tof_blue_dragon_00.bmp;tof_glow_01.tga;tof_shock_01.bmp	0/0;5/6;5/7
boom.str	148	60	50	29	260	fire_a.bmp;firering.bmp;invenom_ring.bmp;lens_r.bmp;pokjuk_c.bmp	0/0;5/7
bottom_crack.str	148	60	35	2	5	sav_bottom_crack_01.bmp	0/0;5/7
bowling.str	148	60	15	7	96	shockwave_c.bmp;shockwave_d.bmp;shockwave_e.bmp	5/7
brandish.str	148	60	51	20	318	6tex	0/0;5/7
brandish2.str	148	60	38	15	93	freeze_ice_part.bmp;lens_b.bmp;ring_b.bmp;safeline.bmp	0/0;5/7
breakinglimit.str	148	60	90	23	144	19tex	0/0;5/6;5/7
breakinglimit_buff.str	148	60	60	4	15	bre_flare_02.bmp;bre_glow_00.tga;bre_ring_00.bmp	0/0;5/6;5/7
bronz.str	148	60	80	19	80	18tex	0/0;5/6;5/7
bs_refinefailed.str	148	60	90	15	205	7tex	0/0;5/7
bs_refinesuccess.str	148	60	100	17	179	6tex	0/0;5/7
bubble.str	148	60	120	5	290	bubble_b.bmp;bubble_c.bmp;bubble_d.bmp	0/0;5/7
bubble1.str	148	60	120	4	287	bubble_c.bmp;bubble_d.bmp	0/0;5/7
bubble1_1.str	148	60	120	4	287	bubble_c1.bmp;bubble_d1.bmp	0/0;5/7
bubble2.str	148	60	120	5	383	bubble_c.bmp;bubble_d.bmp	0/0;5/7
bubble2_1.str	148	60	120	5	383	bubble_c1.bmp;bubble_d1.bmp	0/0;5/7
bubble3.str	148	60	120	4	287	bubble_c.bmp;bubble_d.bmp	0/0;5/7
bubble3_1.str	148	60	120	4	287	bubble_c1.bmp;bubble_d1.bmp	0/0;5/7
bubble4.str	148	60	120	3	215	bubble_d.bmp	0/0;5/7
bubble4_1.str	148	60	120	3	215	bubble_d1.bmp	0/0;5/7
bubblebubble.str	148	60	160	14	1181	bubble_c.bmp;bubble_d.bmp	0/0;5/7
bushinkpaint1.str	148	60	100	14	137	bgbush1.tga;cloud2-1.TGA;cloud3.TGA;leaf11.TGA	0/0;5/6;5/7
bushinkpaint2.str	148	60	100	15	140	bgbush2.tga;cloud2-1.TGA;cloud3.TGA;leaf11.TGA	0/0;5/6;5/7
c_ghost_effect.str	148	60	70	13	76	freeze_a_small.bmp;freeze_ice_part.bmp;ghoste1.bmp;ghoste2.bmp	0/0;5/7
c_maple_which_falls_rd.str	148	60	125	13	62	dandan1.bmp	0/0;5/7
c_popping_poring_aura.str	148	60	150	14	141	7tex	0/0;5/6;5/7
c_shining_angel_wing.str	148	60	180	14	89	enwing.bmp;pika02.bmp;snow3.bmp	0/0;5/7
calumitygale.str	148	60	34	13	42	25tex	0/0;5/6;5/7
calumitygale_cast.str	148	60	30	11	38	10tex	0/0;5/6;5/7
calumitygale_loop.str	148	60	27	4	15	17tex	0/0;5/6;5/7
cart.str	148	60	104	15	114	7tex	0/0;5/7
cartrevolution.str	148	60	60	12	121	explosive_1_128.bmp;invenom_ring.bmp;lens_b.bmp	0/0;5/7
cdhs.str	148	60	120	9	44	clover.tga;diamond.tga;heart.tga;spade.tga	0/0;5/6
chain_reaction_shot.str	148	60	14	7	26	14tex	0/0;5/6;5/7
chain_reaction_shot_cast.str	148	60	75	6	21	15tex	0/0;5/6;5/7
chain_reaction_shot_cast_bottom.str	148	60	75	20	69	23tex	0/0;5/6;5/7
chain_reaction_shot_hit.str	148	60	16	14	57	15tex	0/0;5/6;5/7
chain_reaction_shot_hitsub.str	148	60	43	15	42	8tex	0/0;5/6;5/7
chainlight.str	148	60	100	17	76	6tex	0/0;5/7
changematerial_fa.str	148	60	90	17	136	8tex	0/0;5/7
changematerial_su.str	148	60	90	19	152	8tex	0/0;5/7
cherryblossoms.str	148	60	180	20	93	freeze_ice_part.bmp;sfubuki1.tga;sfubuki2.tga;sfubuki3.tga;skurafubg.tga	0/0;5/6;5/7
chill.str	148	60	90	7	74	ice_block2.bmp	5/7
christmasx3.str	148	60	180	20	107	10tex	0/0;5/6;5/7
christmasx4.str	148	60	361	22	255	10tex	0/0;5/6;5/7
chul_ho_sonic_claw.str	148	60	20	7	42	chs_chul_ho_01.bmp;chs_chul_ho_02.bmp;chs_scratch_01.bmp	0/0;5/7
chul_ho_sonic_claw_wave_1.str	148	60	36	2	17	8tex	0/0;5/7
chul_ho_sonic_claw_wave_11.str	148	60	36	2	17	8tex	0/0;5/7
chul_ho_sonic_claw_wave_12.str	148	60	36	3	18	8tex	0/0;5/7
chul_ho_sonic_claw_wave_3.str	148	60	36	3	24	8tex	0/0;5/7
chul_ho_sonic_claw_wave_5.str	148	60	36	2	17	8tex	0/0;5/7
chul_ho_sonic_claw_wave_6.str	148	60	36	3	18	8tex	0/0;5/7
chul_ho_sonic_claw_wave_7.str	148	60	36	2	17	8tex	0/0;5/7
chul_ho_sonic_claw_wave_9.str	148	60	36	3	24	8tex	0/0;5/7
circle_directions_elements.str	148	60	65	36	233	26tex	0/0;5/6;5/7
circle_directions_elements_loop.str	148	60	120	13	54	cde_circle_loop_00.bmp;cde_circle_loop_01.bmp;cde_glow_00.tga;cde_particle_00.bmp	0/0;5/6;5/7
claymore.str	148	60	60	25	283	fire_blast.bmp;fire_smoke_b.bmp;lord_blast_c.bmp;lord_blast_d.bmp;pokjuk_c.bmp	0/0;5/7
climax.str	148	60	59	13	52	6tex	0/0;5/6;5/7
climax_bottom_1.str	148	60	59	3	10	cli_cast_00.bmp;cli_light.bmp	0/0;5/7
climax_bottom_2.str	148	60	59	3	10	cli_cast_00.bmp;cli_light_g.bmp	0/0;5/7
climax_bottom_3.str	148	60	59	3	10	cli_cast_00.bmp;cli_light.bmp	0/0;5/7
climax_bottom_4.str	148	60	59	3	10	cli_cast_00.bmp;cli_light.bmp	0/0;5/7
climax_bottom_5.str	148	60	59	3	10	cli_cast_00.bmp;cli_light.bmp	0/0;5/7
climax_cast.str	148	60	19	2	3	6tex	0/0;5/7
climax_cast_loop.str	148	60	59	15	54	27tex	0/0;5/7
climax_light.str	148	60	105	26	143	7tex	0/0;5/6;5/7
cloudh.str	148	60	80	5	30	freezesmall.bmp;light1.bmp;light2.bmp	0/0;5/7
cm.str	148	60	80	2	9	ome.bmp	0/0;5/7
coin2.str	148	60	151	6	83	coin001.bmp;coin002.bmp;coin003.bmp;coin004.bmp;coin005.bmp	0/0;5/7
colors_of_hyun_rok_darkness.str	148	60	54	4	15	12tex	0/0;5/7
colors_of_hyun_rok_earth.str	148	60	54	4	15	12tex	0/0;5/7
colors_of_hyun_rok_fire.str	148	60	54	4	15	12tex	0/0;5/7
colors_of_hyun_rok_reset.str	148	60	13	2	5	col_light_01.bmp	0/0;5/7
colors_of_hyun_rok_saint.str	148	60	54	4	15	12tex	0/0;5/7
colors_of_hyun_rok_water.str	148	60	54	4	15	12tex	0/0;5/7
colors_of_hyun_rok_wind.str	148	60	54	4	15	12tex	0/0;5/7
competentia.str	148	60	98	18	93	24tex	0/0;5/6;5/7
competentia_bottom.str	148	60	81	4	15	com_circle_01.bmp;com_glow_01.tga	0/0;5/6;5/7
competentia_cast.str	148	60	120	13	60	com_particle_2.bmp;com_shine_1.bmp	0/0;5/7
competentia_cast_particle.str	148	60	60	2	5	com_shine_00.bmp;com_shine_01.bmp	0/0;5/7
competentia_loop.str	148	60	89	8	35	com_shine_00.bmp;com_shine_01.bmp	0/0;5/7
competentia_loop_bottom.str	148	60	96	5	20	14tex	0/0;5/6;5/7
concentration.str	148	60	50	10	31	lens_b.bmp;pokjuk_c.bmp;pokjuk_d.bmp	0/0;5/7
conflagration.str	148	60	59	24	105	17tex	0/0;5/7
conflagration.str	148	60	120	11	46	26tex	0/0;5/7
conflagration.str	148	60	120	11	46	26tex	0/0;5/7
conflagration_bottom.str	148	60	59	3	6	con_ground.bmp;con_ground.tga	0/0;5/6;5/7
conflagration_cast.str	148	60	45	10	43	24tex	0/0;5/7
conflagration_cast_bottom.str	148	60	59	3	6	16tex	0/0;5/6;5/7
conflagration_hit.str	148	60	23	7	24	26tex	0/0;5/7
cook_fail.str	148	60	110	14	199	11tex	0/0;5/7
cook_suc.str	148	60	90	13	170	9tex	0/0;5/7;7/5
crash earth.str	148	60	78	12	257	explosive_1_128.bmp;hammer.bmp;lord_blast_f.bmp;smoke_mud.bmp;storn_a.bmp	0/0;5/6;5/7
crashearth.str	148	60	79	13	298	explosive_1_128.bmp;hammer.bmp;lord_blast_f.bmp;smoke_mud.bmp;storn_a.bmp	0/0;5/6;5/7
crescivebolt.str	148	60	60	7	35	19tex	0/0;2/1;5/6;5/7
crescivebolt_cast.str	148	60	40	13	38	23tex	0/0;5/6;5/7
crescivebolt_hit.str	148	60	20	6	21	7tex	0/0;5/6;5/7
crimson_r.str	148	60	120	14	157	11tex	0/0;5/7
crimsonarrow.str	148	60	31	13	54	40tex	0/0;5/6;5/7
crimsonarrow_cast.str	148	60	33	5	12	cri_cast_00.bmp;cri_cast_01.bmp;cri_cast_02.bmp;cri_cast_03.bmp	0/0;5/7
crimsonarrow_cast_bottom.str	148	60	33	4	15	13tex	0/0;5/7
crimsonarrow_hit.str	148	60	23	9	32	32tex	0/0;5/7
cross.str	148	60	121	11	248	cross1.bmp;pokjuk_a.bmp	0/0;5/7
cross_rain.str	148	60	20	7	30	20tex	0/0;5/6;5/7
cross_rain_bottom.str	148	60	60	19	80	37tex	0/0;5/6;5/7
cross_rain_cast.str	148	60	60	10	45	11tex	0/0;5/7
cross_rain_cast_bottom.str	148	60	60	5	12	14tex	0/0;5/6;5/7
crystal_impact.str	148	60	37	49	240	cry_ice_01.tga;cry_snow_01.bmp;fro_smoke_01.tga	0/0;5/6;5/7
crystal_impact_bottom.str	148	60	35	5	12	12tex	0/0;5/6;5/7
crystal_impact_buff.str	148	60	75	19	78	18tex	0/0;5/6;5/7
crystal_impact_cast.str	148	60	35	12	55	cry_glow_01.bmp;cry_ice_01.tga;cry_smoke_01.tga	0/0;5/6;5/7
crystal_impact_cast_bottom.str	148	60	35	9	36	9tex	0/0;5/6;5/7
crystal_impact_hit.str	148	60	13	15	60	7tex	0/0;5/7
crystallization.str	148	60	600	14	53	21tex	0/0;5/6;5/7
crystallization.str	148	60	600	14	53	21tex	0/0;5/6;5/7
cure.str	148	60	107	12	388	cure.bmp;freeze_ice_part.bmp;lord_blast_e_small.bmp;round_sphere.bmp;thunder_center.bmp	0/0;5/7
cure_min.str	148	60	67	7	222	freeze_ice_part.bmp;lord_blast_e_small.bmp;thunder_center.bmp	0/0;5/7
cwound.str	148	60	60	10	63	lens_r.bmp	0/0;5/7
dancing_knife_cast.str	148	60	30	29	108	9tex	0/0;5/6;5/7
dancing_knife_cast_bottom.str	148	60	30	8	27	9tex	0/0;5/6;5/7
dancing_knife_hit.str	148	60	15	14	59	12tex	0/0;5/6;5/7
dancing_knife_skill_01.str	148	60	40	28	163	dan_slash_01.bmp;dan_slash_02.bmp;dan_slash_02.tga;dan_sword_01.bmp;dan_sword_01.tga	0/0;5/6;5/7
dancing_knife_skill_02.str	148	60	20	27	84	dan_slash_01.bmp;dan_slash_02.bmp;dan_slash_02.tga;dan_sword_01.bmp;dan_sword_01.tga	0/0;5/6;5/7
dancing_knife_skill_bottom_01.str	148	60	40	9	48	12tex	0/0;5/6;5/7
dancing_knife_skill_bottom_02.str	148	60	20	9	26	12tex	0/0;5/6;5/7
dancingblade.str	148	60	60	8	131	lens_b.bmp;ring_b.bmp	0/0;5/7
dandan1.str	148	60	125	13	62	dandan1.bmp	0/0;5/7
darklordcloak.str	148	60	85	4	11	20tex	0/0;5/6;5/7
darklordcloak02.str	148	60	85	4	11	20tex	0/0;5/6;5/7
deadly_projection_cast.str	148	60	40	25	88	dea_smk_01.bmp;dea_smk_01.tga	0/0;5/6;5/7
deadly_projection_cast_bottom.str	148	60	40	7	26	11tex	0/0;5/6;5/7
deadly_projection_hit.str	148	60	50	13	52	28tex	0/0;2/1;5/6;5/7
deadlypoison.str	148	60	60	18	75	21tex	0/0;5/6;5/7
deadlypoison.str	148	60	60	18	75	21tex	0/0;5/6;5/7
deepblindtrap.str	148	60	60	2	5	12tex	0/0;5/6
deepblindtrap_bottom.str	148	60	60	4	13	dee_smoke.tga;dee_trap.tga	0/0;5/6
deepblindtrap_cast.str	148	60	52	2	3	13tex	0/0;5/6
deepblindtrap_hit.str	148	60	25	5	20	dee_hit_00.tga;dee_hit_01.tga;dee_hit_02.tga;dee_hit_03.tga;dee_smoke_01.tga	0/0;5/6
defense.str	148	60	120	7	84	pokjuk_c.bmp;ring_b.bmp;shield.bmp;thunder_pang.bmp	0/0;5/7
deffender.str	148	60	60	4	31	pokjuk_d.bmp;ring_b.bmp;shield.bmp	0/0;5/7
deffender.str	148	60	60	5	30	ome.bmp;pokjuk_d.bmp;ring_b.bmp	0/0;5/7
deft_stab.str	148	60	21	9	30	12tex	0/0;5/6;5/7
destructive_hurricane.str	148	60	30	8	37	16tex	0/0;5/6;5/7
destructive_hurricane_bottom.str	148	60	40	3	14	6tex	0/0;5/7
destructive_hurricane_cast.str	148	60	30	2	3	8tex	0/0;5/7
destructive_hurricane_cast_bottom.str	148	60	30	3	6	7tex	0/0;5/6;5/7
destructive_hurricane_climax.str	148	60	30	5	20	13tex	0/0;5/7
destructive_hurricane_hit.str	148	60	17	9	38	7tex	0/0;5/7
detoxication.str	148	60	95	22	869	cap_blue.bmp;cap_red.bmp;depoison.bmp;pika02.bmp;ring.bmp	0/0;5/7
devil.str	148	60	145	9	272	20tex	0/0;12/12;5/6;5/7
devil_gas.str	148	60	90	9	270	gas_out.bmp;poison_smoke.bmp	0/0;5/7
devotion.str	148	60	90	6	21	devotion.bmp;freezing_particle.bmp;ring_b.bmp;thunder_center.bmp	0/0;2/1;5/7
dfear.str	148	60	60	7	18	ring.bmp;ring_b.bmp	0/0;5/7
diamond_storm.str	148	60	22	13	54	6tex	0/0;5/6;5/7
diamond_storm_bottom.str	148	60	35	5	12	17tex	0/0;5/6;5/7
diamond_storm_cast.str	148	60	59	15	70	dia_particle_1.bmp;dia_snowflake_00.bmp	0/0;5/7
diamond_storm_cast_bottom.str	148	60	59	5	12	17tex	0/0;5/6;5/7
diamond_storm_hit.str	148	60	15	17	56	8tex	0/0;5/6;5/7
diluvio_armor.str	148	60	119	23	100	24tex	0/0;5/6;5/7
diluvio_cast.str	148	60	59	11	30	15tex	0/0;5/7
diluvio_cast_bottom.str	148	60	59	6	21	16tex	0/0;5/6;5/7
diluvio_cold_force _bottom.str	148	60	39	6	27	10tex	0/0;5/6;5/7
diluvio_cold_force.str	148	60	45	13	36	27tex	0/0;5/6;5/7
diluvio_cold_force_bottom.str	148	60	39	6	27	10tex	0/0;5/6;5/7
diluvio_flametechnic.str	148	60	24	5	14	16tex	0/0;5/6;5/7
diluvio_flametechnic_bottom.str	148	60	39	5	20	11tex	0/0;5/6;5/7
diluvio_hit.str	148	60	15	17	56	8tex	0/0;5/6;5/7
diluvio_ice.str	148	60	72	51	188	36tex	0/0;5/6;5/7
diluvio_ice_bottom.str	148	60	72	6	19	14tex	0/0;5/6;5/7
double_bowlingbash.str	148	60	43	48	283	11tex	0/0;5/6;5/7
dragon_h.str	148	60	60	7	18	ring.bmp;ring_b.bmp	0/0;5/7
dragonic_breath.str	148	60	45	9	36	22tex	0/0;5/6;5/7
dragonic_breath_bottom.str	148	60	45	4	17	dra_glow_00.tga;dra_hit_00.bmp	0/0;5/6;5/7
dragonic_breath_hit.str	148	60	33	2	5	10tex	0/0;5/7
dragonnic_ora.str	148	60	45	5	20	16tex	0/0;5/6;5/7
dragonnic_ora_bottom.str	148	60	50	9	36	9tex	0/0;5/6;5/7;6/6
dragonnic_ora_buff.str	148	60	60	9	38	13tex	0/0;5/7
dragonnic_ora_buff_bottom.str	148	60	60	2	5	dra_glow_1.bmp	0/0;5/7
dragonnic_ora_hit.str	148	60	32	7	34	12tex	0/0;5/6;5/7
dragonnic_ora_hit_bottom.str	148	60	67	9	36	15tex	0/0;5/6;5/7;6/6
drgauroraeffect.str	148	60	300	15	70	8tex	0/0;5/6;5/7
drgbgeffect.str	148	60	300	13	60	7tex	0/0;5/6;5/7
dropitem_blue.str	148	60	60	10	101	dro_light_01.bmp;dro_light_01.tga;dro_star_01.bmp	0/0;5/6;5/7
dropitem_blue_bottom.str	148	60	60	14	55	dro_aura_bottom_01.bmp;dro_glow_bottom_01.bmp;dro_glow_bottom_01.tga;dro_glow_sub_bottom_01.tga	0/0;5/6;5/7
dropitem_green.str	148	60	60	10	101	dro_light_01.bmp;dro_light_01.tga;dro_star_01.bmp	0/0;5/6;5/7
dropitem_green_bottom.str	148	60	60	14	55	dro_aura_bottom_01.bmp;dro_glow_bottom_01.bmp;dro_glow_bottom_01.tga;dro_glow_sub_bottom_01.tga	0/0;5/6;5/7
dropitem_pink.str	148	60	60	10	101	dro_light_01.bmp;dro_light_01.tga;dro_star_01.bmp	0/0;5/6;5/7
dropitem_pink_bottom.str	148	60	60	14	55	dro_aura_bottom_01.bmp;dro_glow_bottom_01.bmp;dro_glow_bottom_01.tga;dro_glow_sub_bottom_01.tga	0/0;5/6;5/7
dropitem_purple.str	148	60	60	10	101	dro_light_01.bmp;dro_light_01.tga;dro_star_01.bmp	0/0;5/6;5/7
dropitem_purple_bottom.str	148	60	60	14	55	dro_aura_bottom_01.bmp;dro_glow_bottom_01.bmp;dro_glow_bottom_01.tga;dro_glow_sub_bottom_01.tga	0/0;5/6;5/7
dropitem_red.str	148	60	60	10	101	dro_light_01.bmp;dro_light_01.tga;dro_star_01.bmp	0/0;5/6;5/7
dropitem_red_bottom.str	148	60	60	14	55	dro_aura_bottom_01.bmp;dro_glow_bottom_01.bmp;dro_glow_bottom_01.tga;dro_glow_sub_bottom_01.tga	0/0;5/6;5/7
dropitem_yellow.str	148	60	60	10	101	dro_light_01.bmp;dro_light_01.tga;dro_star_01.bmp	0/0;5/6;5/7
dropitem_yellow_bottom.str	148	60	60	14	55	dro_aura_bottom_01.bmp;dro_glow_bottom_01.bmp;dro_glow_bottom_01.tga;dro_glow_sub_bottom_01.tga	0/0;5/6;5/7
dtdt.str	148	60	110	31	158	9tex	0/0;5/7
dust.str	148	60	130	7	640	gloria_bible.bmp;gloria_nun.bmp	0/0;5/6;5/7
earthhit.str	148	60	17	7	81	dust_part.bmp;freeze_ice_part.bmp;pikapika.bmp;stone_part.bmp	0/0;5/7
ef_mon_electric.str	148	60	140	4	19	17tex	0/0;5/6;5/7
ef_mon_electric2.str	148	60	140	4	19	17tex	0/0;5/6;5/7
ef_mon_electric3.str	148	60	140	4	19	17tex	0/0;5/6;5/7
ef_mon_explodngwave.str	148	60	140	4	19	17tex	0/0;5/6;5/7
ef_mon_explodngwave2.str	148	60	140	4	19	17tex	0/0;5/6;5/7
ef_mon_explodngwave3.str	148	60	140	4	19	17tex	0/0;5/6;5/7
effligo.str	148	60	60	22	117	8tex	0/0;5/6;5/7
effligo_bottom.str	148	60	125	7	28	eff_circle_01.bmp;eff_crack_02.bmp;eff_glow_01.tga	0/0;5/6;5/7
effligo_hit.str	148	60	130	11	49	11tex	0/0;2/1;5/6;5/7
efst_deadly_defeasance.str	148	60	51	7	18	18tex	0/0;5/6;5/7
efst_nightmare.str	148	60	63	9	24	13tex	0/0;1/6;5/6
elemental_buster_cast.str	148	60	39	4	9	bus_bg.bmp;bus_blk_01.tga;bus_land_00.bmp	0/0;5/6;5/7
elemental_buster_fire.str	148	60	44	9	26	37tex	0/0;5/6;5/7
elemental_buster_fire_bottom.str	148	60	49	4	13	6tex	0/0;5/6;5/7
elemental_buster_fire_hit.str	148	60	30	4	19	7tex	0/0;5/6;5/7
elemental_buster_land.str	148	60	44	9	26	37tex	0/0;5/6;5/7
elemental_buster_land_bottom.str	148	60	49	4	13	6tex	0/0;5/6;5/7
elemental_buster_land_hit.str	148	60	30	4	19	7tex	0/0;5/6;5/7
elemental_buster_poison.str	148	60	44	9	26	37tex	0/0;1/6;5/7
elemental_buster_poison_bottom.str	148	60	49	4	13	6tex	0/0;5/6;5/7
elemental_buster_poison_hit.str	148	60	30	4	19	7tex	0/0;5/6;5/7
elemental_buster_water.str	148	60	44	15	56	38tex	0/0;5/6;5/7
elemental_buster_water_bottom.str	148	60	49	4	13	6tex	0/0;5/6;5/7
elemental_buster_water_hit.str	148	60	30	4	19	7tex	0/0;5/6;5/7
elemental_buster_wind.str	148	60	44	15	56	38tex	0/0;5/6;5/7
elemental_buster_wind_bottom.str	148	60	49	4	13	6tex	0/0;5/6;5/7
elemental_buster_wind_hit.str	148	60	30	4	19	7tex	0/0;5/6;5/7
enc_earth.str	148	60	24	6	15	dust_part.bmp;freeze_ice_part.bmp;stone_part.bmp	0/0;5/7
enc_fire.str	148	60	40	8	46	invenom_ring.bmp;lens_r.bmp;lord_blast_f.bmp;pokjuk_c.bmp	0/0;5/7
enc_ice.str	148	60	50	6	65	freeze_a.bmp;freeze_ice.bmp;freeze_ice_part.bmp	0/0;5/7
enc_wind.str	148	60	43	9	135	pokjuk_c.bmp;shockwave_c.bmp;shockwave_d.bmp;shockwave_e.bmp	0/0;5/7
energycoat.str	148	60	60	4	13	10tex	0/0;5/7
enervation.str	148	60	120	2	5	enervation_01.bmp;enervation_02.bmp;enervation_03.bmp;enervation_04.bmp	0/0;5/7
eraser_cutter.str	148	60	41	12	33	freeze_ice_part.bmp;lens_b.bmp;spark.bmp	0/0;5/7
eternal.str	148	60	120	11	74	barbar001.bmp;gun1.bmp;ring_b.bmp	0/0;5/7
eternal_slash.str	148	60	24	14	43	19tex	0/0;5/6;5/7
eternal_slash_bottom.str	148	60	24	8	21	11tex	0/0;5/6;5/7
eternal_slash_count_01.str	148	60	92	7	28	7tex	0/0;5/6;5/7
eternal_slash_count_02.str	148	60	92	7	28	7tex	0/0;5/6;5/7
eternal_slash_count_03.str	148	60	92	7	28	7tex	0/0;5/6;5/7
eternal_slash_count_04.str	148	60	92	7	28	7tex	0/0;5/6;5/7
eternal_slash_count_05.str	148	60	92	7	28	7tex	0/0;5/6;5/7
eternal_slash_hit.str	148	60	16	13	50	11tex	0/0;5/6;5/7
exorcism_of_malicuous_soul.str	148	60	80	4	21	12tex	0/0;5/6;5/7
explosionblaster.str	148	60	30	8	37	22tex	0/0;5/6;5/7
explosionblaster_bottom.str	148	60	24	4	11	6tex	0/0;5/6;5/7
explosionblaster_hit.str	148	60	60	7	25	26tex	0/0;2/1;5/7
explosive_powder.str	148	60	53	52	272	22tex	0/0;5/6;5/7
ez_cure.str	148	60	107	11	315	freeze_ice_part.bmp;lord_blast_e_small.bmp;round_sphere.bmp;thunder_center.bmp	0/0;5/7
fairy_dusty.str	148	60	65	16	55	fai_flare_00.bmp;fai_particle_00.bmp;fai_particle_01.bmp	0/0;5/7
falling_snow.str	148	60	180	19	138	pika02.bmp;snow1.bmp;snow2.bmp;snow3.bmp;snow_a.bmp	0/0;5/7
falling_star.str	148	60	75	23	118	9tex	0/0;5/7
fatal_shadow_crow.str	148	60	37	14	45	34tex	0/0;5/6;5/7
fatal_shadow_crow_bottom.str	148	60	40	3	8	22tex	0/0;5/6;5/7
fatal_shadow_crow_hit.str	148	60	19	17	62	23tex	0/0;5/6;5/7
feath.str	148	60	152	27	142	fath1.bmp;fath2.bmp;fath3.bmp	0/0;5/7
fhlostwing.str	148	60	125	17	50	56tex	0/0;5/6;5/7
fire dragon.str	148	60	120	6	41	12tex	0/0;5/7
fire.str	148	60	40	14	276	fire_a.bmp;fire_b.bmp;lord_blast_b.bmp;pika02.bmp	0/0;5/7
fire_rain.str	148	60	58	8	227	blast_stick.bmp;fire_blast.bmp;lord_blast_c.bmp;lord_blast_d.bmp	0/0;5/7
firedance.str	148	60	65	10	81	qt_2.bmp	0/0;5/7
firehit.str	148	60	26	13	80	firering.bmp;invenom_ring.bmp;lens_r.bmp;pokjuk_c.bmp	0/0;5/7
firehit1.str	148	60	26	10	72	firering.bmp;invenom_ring.bmp;lens_r.bmp;pokjuk_c.bmp	0/0;5/7
firehit2.str	148	60	26	10	72	firering.bmp;invenom_ring.bmp;lens_r.bmp;pokjuk_c.bmp	0/0;5/7
firehit3.str	148	60	26	10	72	firering.bmp;invenom_ring.bmp;lens_r.bmp;pokjuk_c.bmp	0/0;5/7
firepillar.str	148	60	113	11	384	7tex	0/0;5/7
firepillarbomb.str	148	60	75	11	347	blast_stick.bmp;fire_blast.bmp;fire_smoke_b.bmp;lord_blast_c.bmp;lord_blast_d.bmp	0/0;5/7
firewall.str	148	60	40	11	186	fire_a.bmp;fire_b.bmp;pika01.bmp;pika03.bmp	0/0;5/7
firewall1.str	148	60	55	8	145	fire_a.bmp;fire_b.bmp	0/0;5/7
firewall2.str	148	60	40	9	118	fire_a.bmp;fire_b.bmp	0/0;5/7
firewall_blue.str	148	60	40	9	118	fire_a.bmp;fire_b.bmp	0/0;5/7
firewall_per.str	148	60	40	9	118	fire_a.bmp;fire_b.bmp	0/0;5/7
firewall_sky.str	148	60	40	9	118	fire_a.bmp;fire_b.bmp	0/0;5/7
firework.str	148	60	145	17	146	8tex	0/0;5/7
firework.str	148	60	145	17	146	8tex	0/0;5/7
firmfaith.str	148	60	70	17	84	31tex	0/0;5/6;5/7
firstbrand.str	148	60	60	4	9	fir_mark_1.tga	0/0;5/6;5/7
firstbrand_aura.str	148	60	69	6	27	22tex	0/0;5/6
firstbrand_hit.str	148	60	14	13	60	7tex	0/0;5/6;5/7
firstbrand_start.str	148	60	60	8	33	fir_mark_1.tga	0/0;5/6;5/7
firstfaithpower.str	148	60	120	9	28	fir_roon_1.bmp;fir_roon_1.tga;fir_roon_2.bmp	0/0;5/6;5/7
firstfaithpower_cast.str	148	60	100	7	32	6tex	0/0;5/7
firstfaithpower_start.str	148	60	52	3	10	13tex	0/0;5/7
flametrap.str	148	60	60	4	17	12tex	0/0;5/6;5/7
flametrap_bottom.str	148	60	60	6	23	fla_circle_00.bmp;fla_glow_00.tga;fla_trap.tga	0/0;5/6;5/7
flametrap_cast.str	148	60	119	5	22	12tex	0/0;5/6;5/7
flametrap_hit.str	148	60	30	4	15	15tex	0/0;5/6;5/7
flash_kick.str	148	60	40	3	10	starr_1.bmp	0/0;5/7
floral_waltz.str	148	60	140	10	45	flower1_1.bmp;flower1_2.bmp;flower1_3.bmp	0/0;5/7
flower_leaf.str	148	60	120	13	525	6tex	0/0;5/7
flower_sesami.str	148	60	182	3	34	flower.bmp	0/0;5/7
flower_sesami2.str	148	60	180	2	181	flower.bmp	5/7
flower_sesami3.str	148	60	148	3	294	flower.bmp	5/7
flower_sesami4.str	148	60	146	2	147	flower.bmp	5/7
flutter_butterfly.str	148	60	140	24	155	6tex	0/0;5/7
flutter_butterfly.str	148	60	140	25	160	6tex	0/0;5/7
food_agi.str	148	60	90	10	139	6tex	0/0;5/7
food_dex.str	148	60	90	10	139	6tex	0/0;5/7
food_int.str	148	60	90	10	139	6tex	0/0;5/7
food_luk.str	148	60	90	10	139	6tex	0/0;5/7
food_str.str	148	60	90	10	139	6tex	0/0;5/7
food_vit.str	148	60	90	10	139	6tex	0/0;5/7
footprint_blossom.str	148	60	65	16	69	blo_glow.tga;blo_particle.bmp;blo_petal.bmp;blo_petal.tga	0/0;5/6;5/7
footprint_blossom_bottom.str	148	60	70	11	70	blo_glow.tga;blo_petal.tga	0/0;5/6
footprint_blue.str	148	60	85	19	126	14tex	0/0;5/6;5/7
footprint_bottom_blue.str	148	60	85	4	32	foo_bottom_00.bmp;foo_bottom_01.bmp;foo_glow.TGA;foo_light.bmp	0/0;5/6;5/7
footprint_bottom_panda_basic.str	148	60	75	9	40	21tex	0/0;5/6;5/7
footprint_bottom_purple.str	148	60	85	4	32	foo_bottom_00.bmp;foo_bottom_01.bmp;foo_glow.TGA;foo_light.bmp	0/0;5/6;5/7
footprint_bottom_red.str	148	60	85	4	32	foo_bottom_00.bmp;foo_bottom_01.bmp;foo_glow.TGA;foo_light.bmp	0/0;5/6;5/7
footprint_bottom_yellow.str	148	60	85	4	32	foo_bottom_00.bmp;foo_bottom_01.bmp;foo_glow.TGA;foo_light2.bmp	0/0;5/6;5/7
footprint_butterfly_purple.str	148	60	74	16	57	13tex	0/0;5/6;5/7
footprint_butterfly_yellow.str	148	60	74	16	57	13tex	0/0;5/6;5/7
footprint_divine.str	148	60	90	22	87	15tex	0/0;5/6;5/7
footprint_divine_blue.str	148	60	90	22	87	15tex	0/0;5/6;5/7
footprint_divine_blue_bottom.str	148	60	97	13	78	17tex	0/0;5/6;5/7
footprint_divine_bottom.str	148	60	97	12	69	17tex	0/0;5/6;5/7
footprint_feather.str	148	60	104	21	84	fea_cross.bmp;fea_dot.bmp;fea_feather_00.tga;fea_feather_01.tga;fea_glow.tga	0/0;5/6;5/7
footprint_nyar_blue.str	148	60	70	20	703	nya_glow.tga;nya_shine_00.bmp;nya_shine_01.bmp;nya_snow.tga	0/0;5/6;5/7
footprint_nyar_blue_bottom.str	148	60	80	4	15	nya_foot.tga;nya_foot_back.tga	0/0;5/6;5/7
footprint_nyar_purple.str	148	60	70	20	703	nya_glow.tga;nya_shine_00.bmp;nya_shine_01.bmp;nya_snow.tga	0/0;5/6;5/7
footprint_nyar_purple_bottom.str	148	60	80	4	15	nya_foot.tga;nya_foot_back.tga	0/0;5/6;5/7
footprint_panda.str	148	60	75	10	43	pan_particle_00.bmp;pan_particle_01.bmp;pan_smoke.tga	0/0;5/6;5/7
footprint_panda_bottom_color.str	148	60	75	8	39	20tex	0/0;5/6;5/7
footprint_purple.str	148	60	85	19	126	13tex	0/0;5/6;5/7
footprint_red.str	148	60	85	19	126	13tex	0/0;5/6;5/7
footprint_shibasays.str	148	60	75	3	10	shiba_00.tga;shiba_01.tga	0/0;5/6;5/7
footprint_yellow.str	148	60	85	19	126	13tex	0/0;5/6;5/7
four_charm_earth.str	148	60	120	27	191	35tex	0/0;5/6;5/7
four_charm_earth_bottom.str	148	60	120	10	59	6tex	0/0;5/6;5/7
four_charm_fire.str	148	60	120	18	85	53tex	0/0;5/6;5/7
four_charm_fire_bottom.str	148	60	120	6	39	fou_fire_glow.tga;fou_fire_light.bmp;fou_fire_magic.bmp;fou_fire_magic_back.tga	0/0;5/6;5/7
four_charm_ice.str	148	60	120	17	91	49tex	0/0;5/6;5/7
four_charm_ice_bottom.str	148	60	120	6	39	fou_ice_glow.tga;fou_ice_light.bmp;fou_magic_ice.bmp;fou_magic_ice_back.tga	0/0;5/6;5/7
four_charm_wind.str	148	60	120	15	76	46tex	0/0;5/6;5/7
four_charm_wind_bottom.str	148	60	120	6	39	fou_wind_glow.tga;fou_wind_light.bmp;fou_wind_magic.bmp;fou_wind_magic_back.tga	0/0;5/6;5/7
fp_dragon_face_3d.str	148	60	70	6	37	18tex	0/0;5/6;5/7
fp_dragon_face_3d_bottom.str	148	60	70	2	9	dra_glow_back.tga	0/0;5/7
fp_dragon_face_basic_bottom_pink.str	148	60	110	8	59	16tex	0/0;5/6;5/7
fp_dragon_face_basic_pink.str	148	60	117	8	33	14tex	0/0;5/6;5/7
freeze.str	148	60	60	8	113	explosive_1_128.bmp;freeze_a.bmp;freeze_ice.bmp	0/0;5/7
freezed.str	148	60	60	5	20	freeze_a.bmp;freeze_ice.bmp	0/0;5/7
freezing.str	148	60	51	13	296	freezing_smoke.bmp;freezing_stick.bmp	0/0;5/7
frenzy_shot.str	148	60	22	9	36	22tex	0/0;5/6;5/7
frenzy_shot_hit.str	148	60	16	15	56	13tex	0/0;5/6;5/7
from_the_abyss_attack.str	148	60	18	10	41	18tex	0/0;5/6;5/7
from_the_abyss_shadow.str	148	60	91	6	27	17tex	0/0;5/6;5/7
from_the_abyss_shadowball.str	148	60	60	4	9	fro_blk_01.tga;fro_ring_01.bmp	0/0;5/6;5/7
from_the_abyss_shadowball_create.str	148	60	75	10	27	9tex	0/0;5/6;5/7
from_the_abyss_shadowball_die.str	148	60	18	6	23	fro_blk_01.tga;fro_light_01.bmp;fro_particle_01.bmp;fro_ring_01.bmp	0/0;5/6;5/7
froral_flareroad.str	148	60	92	18	63	16tex	0/0;5/6;5/7
froral_flareroad_bottom.str	148	60	315	6	67	fro_glow_01.bmp;fro_ground.bmp;fro_ground.tga	0/0;5/6;5/7
froral_flareroad_cast.str	148	60	60	9	40	fro_particle.bmp	0/0;5/7
froral_flareroad_cast_bottom.str	148	60	59	3	10	16tex	0/0;5/6;5/7
froral_flareroad_hit.str	148	60	22	3	10	6tex	0/0;5/7
frostbite.str	148	60	600	12	287	fro_ice_01.tga;fro_piece_01.tga;fro_piece_02.tga;fro_piece_03.tga;fro_smoke_01.tga	0/0;5/6;5/7
frostbite.str	148	60	600	12	287	fro_ice_01.tga;fro_piece_01.tga;fro_piece_02.tga;fro_piece_03.tga;fro_smoke_01.tga	0/0;5/6;5/7
frostbite_finish.str	148	60	59	20	75	10tex	0/0;5/6;5/7
frostbite_finish.str	148	60	59	20	75	10tex	0/0;5/6;5/7
frozen_slash.str	148	60	11	7	18	11tex	0/0;5/6;5/7
frozen_slash_cast.str	148	60	54	8	33	12tex	0/0;5/6;5/7
frozen_slash_cast_bottom.str	148	60	54	4	11	fro_snow_01.bmp;fro_snow_01.tga	0/0;5/6;5/7
frozen_slash_hit.str	148	60	13	15	60	7tex	0/0;5/7
frozen_slash_ice_01.str	148	60	22	5	24	fro_ice_01.bmp;fro_snow_01.bmp	0/0;5/7
frozen_slash_ice_02.str	148	60	24	8	33	fro_ice_01.bmp;fro_ice_01.tga;fro_smoke_01.tga;fro_snow_01.bmp	0/0;5/6;5/7
frozen_slash_ice_03.str	148	60	28	8	33	fro_ice_01.bmp;fro_ice_01.tga;fro_smoke_01.tga;fro_snow_01.bmp	0/0;5/6;5/7
frozen_slash_ice_04.str	148	60	31	8	33	fro_ice_01.bmp;fro_ice_01.tga;fro_smoke_01.tga;fro_snow_01.bmp	0/0;5/6;5/7
frozen_slash_ice_05.str	148	60	22	8	33	fro_ice_01.bmp;fro_ice_01.tga;fro_smoke_01.tga;fro_snow_01.bmp	0/0;5/6;5/7
frozen_slash_ice_06.str	148	60	25	8	33	fro_ice_01.bmp;fro_ice_01.tga;fro_smoke_01.tga;fro_snow_01.bmp	0/0;5/6;5/7
frozen_slash_ice_07.str	148	60	28	8	33	fro_ice_01.bmp;fro_ice_01.tga;fro_smoke_01.tga;fro_snow_01.bmp	0/0;5/6;5/7
frozen_slash_ice_08.str	148	60	31	8	33	fro_ice_01.bmp;fro_ice_01.tga;fro_smoke_01.tga;fro_snow_01.bmp	0/0;5/6;5/7
fruit.str	148	60	30	3	23	explosive_1_128.bmp;ring_b.bmp	0/0;5/7
fruit_.str	148	60	30	3	23	explosive_1_128.bmp;ring_b.bmp	0/0;5/7
fstone.str	148	60	120	5	316	soi.bmp;soi1.bmp;ston_of_intelligence.bmp	5/7
fstone.str	148	60	120	5	316	soi.bmp;soi1.bmp;ston_of_intelligence.bmp	5/7
full_bloomcherry_tree.str	148	60	180	27	210	pika02.bmp;sakura2_1.bmp;sakura2_2.bmp;snow3.bmp;ssgg.bmp	0/0;5/7
fullmoon_kick.str	148	60	140	11	40	8tex	0/0;5/7
fuumakouchiku.str	148	60	39	13	52	19tex	0/0;1/6;5/6;5/7
fuumakouchiku_blasting.str	148	60	60	20	75	48tex	0/0;5/6;5/7
fuumashouaku.str	148	60	35	9	34	12tex	0/0;1/6;5/6;5/7
fuumashouaku_00.str	148	60	59	20	89	10tex	0/0;1/6;5/6;5/7
galestorm.str	148	60	59	19	74	16tex	0/0;5/6;5/7
galestorm_arrow.str	148	60	29	10	43	9tex	0/0;5/6;5/7
galestorm_cast.str	148	60	239	7	42	13tex	0/0;5/6;5/7
galestorm_hit.str	148	60	20	6	21	7tex	0/0;5/6;5/7
gaspush.str	148	60	121	16	712	gas_out.bmp;gas_smoke.bmp;lord_blast_e_small.bmp	0/0;5/7
gc_darkcrow.str	148	60	80	2	9	darkcrow.bmp	0/0;5/7
gearwheel.str	148	60	240	5	12	gear1.tga;gear2.tga;gear3.tga;gear4.tga	0/0;5/6
gef_nocturn.str	148	60	30	18	75	16tex	0/0;5/6;5/7
gef_nocturn_cast.str	148	60	97	42	231	gef_note_b_01.tga;gef_note_b_02.tga;gef_note_p_01.tga;gef_note_p_02.tga	0/0;5/6;5/7
gef_nocturn_cast_bottom.str	148	60	90	5	20	gef_bottom_01.tga;gef_bottom_02.tga	0/0;5/6;5/7
ggh1st.str	148	60	196	23	230	12tex	0/0;5/6;5/7
gift_of_snow.str	148	60	180	15	92	pika02.bmp;snow1.bmp;snow2.bmp;snow3.bmp	0/0;5/7
gloom.str	148	60	90	6	15	17tex	0/0;5/7
gloria.str	148	60	130	7	640	gloria_bible.bmp;gloria_nun.bmp	0/0;5/6;5/7
gloria_min.str	148	60	84	6	165	gloria_bible.bmp;gloria_nun.bmp;melody_a.bmp;melody_b.bmp	0/0;5/7
gn_illusiondoping.str	148	60	120	15	152	pika02.bmp;skid_illusion_f.bmp;skid_illusion_s.bmp	0/0;5/7
gold1.str	148	60	80	19	90	18tex	0/0;5/6;5/7
grand_judgement.str	148	60	60	19	84	37tex	0/0;5/6;5/7
grand_judgement_bottom.str	148	60	70	7	38	14tex	0/0;5/6;5/7
grand_judgement_buff.str	148	60	120	11	44	gra_particle_01.bmp;gra_particle_02.bmp	0/0;5/7
grand_judgement_cast.str	148	60	120	15	60	13tex	0/0;5/7
grand_judgement_cast_bottom.str	148	60	120	7	22	13tex	0/0;5/6;5/7
grenade_fragment_darkness.str	148	60	65	9	40	24tex	0/0;5/6;5/7
grenade_fragment_earth.str	148	60	65	8	37	24tex	0/0;5/6;5/7
grenade_fragment_fire.str	148	60	65	6	27	24tex	0/0;5/7
grenade_fragment_reset.str	148	60	51	2	7	gre_reset_01.bmp	0/0;5/7
grenade_fragment_saint.str	148	60	65	8	37	24tex	0/0;5/6;5/7
grenade_fragment_water.str	148	60	65	8	37	24tex	0/0;5/6;5/7
grenade_fragment_wind.str	148	60	65	8	37	23tex	0/0;5/6;5/7
grenades_dropping.str	148	60	73	18	77	26tex	0/0;5/7
grenades_dropping_bottom.str	148	60	102	5	26	gdr_bottom_01.tga;gdr_bottom_02.tga;gdr_crack_01.tga;gdr_light_01.bmp	0/0;5/6;5/7
groggy_on_loop.str	148	60	50	10	315	10tex	0/0;5/6;5/7
groomy.str	148	60	120	2	5	groomy_01.bmp;groomy_02.bmp;groomy_03.bmp;groomy_04.bmp	0/0;5/7
ground_gravitation_bottom_loop.str	148	60	91	16	45	gro_circle12.tga;gro_circlealpha.tga;gro_smoke03.tga	0/0;5/6;5/7
ground_gravitation_bottom_start.str	148	60	17	10	33	gro_circle12.tga;gro_circlealpha.tga;gro_smoke03.tga	0/0;5/6;5/7
ground_gravitation_loop.str	148	60	91	22	85	gro_light_col.bmp;gro_light_col.tga;gro_smoke03.tga	0/0;5/6;5/7
ground_gravitation_start.str	148	60	17	12	39	gro_light_col.bmp;gro_light_col.tga;gro_smoke03.tga	0/0;5/6;5/7
gryoumei.str	148	60	102	6	24	21tex	0/0;5/6;5/7
guard_stance.str	148	60	70	20	107	13tex	0/0;5/6;5/7
guard_stance_cast.str	148	60	59	6	25	10tex	0/0;5/7
guard_stance_cast_bottom.str	148	60	59	4	13	gua_m.bmp;gua_m.tga;gua_m_glow.bmp	0/0;5/6;5/7
guardian.str	148	60	105	31	238	10tex	0/0;5/5;5/7
guardianshield.str	148	60	88	19	84	12tex	0/0;5/6;5/7
guardianshield_bottom.str	148	60	35	5	20	gua_bottom_1.bmp;gua_bottom_1.tga;gua_circle_1.bmp	0/0;5/6;5/7
guardianshield_sub.str	148	60	85	4	21	gua_glow_1.bmp;gua_glow_2.bmp;gua_shield_1.tga	0/0;5/6;5/7
h_levelup.str	148	60	160	38	265	6tex	0/0;5/7
hackandslash.str	148	60	20	7	18	12tex	0/0;5/7;6/6
hackandslash_bottom.str	148	60	20	3	6	end_wave_00.bmp;end_wave_01.bmp;end_wave_02.bmp;end_wave_03.bmp;end_wave_04.bmp	0/0;6/6
hackandslash_hit.str	148	60	17	9	38	7tex	0/0;5/7
halloween.str	148	60	180	19	100	10tex	0/0;5/6;5/7
halo.str	148	60	120	5	24	hikari1.bmp;hikari3.bmp	0/0;5/7
halo_2.str	148	60	180	20	267	6tex	0/0;2/1;5/7
han.str	148	60	180	15	67	6tex	0/0;5/6;5/7
hasty_fire_in_the_hole_5x5.str	148	60	70	5	24	has_bottom_01.tga;has_bottom_02.tga;has_crack_01.tga;has_light_01.bmp	0/0;5/6;5/7
hasty_fire_in_the_hole_5x5.str	148	60	70	17	68	25tex	0/0;5/7
hasty_fire_in_the_hole_7x7.str	148	60	70	5	24	has_bottom_01.tga;has_bottom_02.tga;has_crack_01.tga;has_light_01.bmp	0/0;5/6;5/7
hasty_fire_in_the_hole_7x7.str	148	60	70	17	70	25tex	0/0;5/7
hasty_fire_in_the_hole_9x9.str	148	60	70	5	24	has_bottom_01.tga;has_bottom_02.tga;has_crack_01.tga;has_light_01.bmp	0/0;5/6;5/7
hasty_fire_in_the_hole_9x9.str	148	60	70	17	70	25tex	0/0;5/7
hawkrush.str	148	60	23	2	5	10tex	0/0;5/6
hawkvumerang.str	148	60	54	5	20	22tex	0/0;5/6;5/7
hawkvumerang_cast.str	148	60	60	7	30	10tex	0/0;5/6;5/7
hawkvumerang_hit.str	148	60	20	6	21	7tex	0/0;5/6;5/7
hawkvumerang_start.str	148	60	30	4	15	haw_flare_00.bmp;haw_glow_00.tga	0/0;5/6;5/7
hell_dusty.str	148	60	65	47	172	hel_flare_00.tga;hel_particle_00.tga;hel_particle_01.tga;hel_smoke_00.tga	0/0;5/6;5/7
hell_howling.str	148	60	40	7	18	hel_ring_00.tga;hel_shock_00.tga	0/0;5/6
hell_in.str	148	60	300	2	3	25tex	0/0;5/7
hells_drive_00.str	148	60	77	9	44	10tex	0/0;5/6;5/7
hells_drive_01.str	148	60	77	9	44	10tex	0/0;5/6;5/7
hells_drive_02.str	148	60	77	9	44	10tex	0/0;5/6;5/7
hells_drive_bottom.str	148	60	89	3	10	hel_ground.tga	0/0;5/6
helltree_cast.str	148	60	65	3	6	13tex	0/0;5/6;5/7
helltree_cast_bottom.str	148	60	60	4	9	hel_cast_00.tga;hel_cast_a.tga	0/0;5/6;5/7
helmofsun3.str	148	60	84	8	37	9tex	0/0;5/7
help_angel.str	148	60	93	20	127	21tex	0/0;5/7
help_angel_bottom.str	148	60	80	4	21	glow.bmp;ground_00.bmp	0/0;5/7
hiddencard.str	148	60	130	20	73	28tex	0/0;5/6;5/7
hiddencard_thunder.str	148	60	43	3	8	12tex	0/0;5/7
hikariga.str	148	60	180	10	53	pika02.bmp;snow3.bmp	0/0;5/7
hit.str	148	60	21	7	67	explosive_1_128.bmp	0/0;5/7
hitouakumu.str	148	60	39	2	5	10tex	0/0;1/6
hitouakumu_00.str	148	60	22	4	11	hit_kunai.tga;hit_shine_1.bmp;hit_trail_a_00.tga	0/0;1/6;5/6;5/7
hitouakumu_01.str	148	60	25	3	6	hit_shuriken.tga	0/0;5/6
hitouakumu_02.str	148	60	24	3	6	hit_kunai.tga;hit_shine_1.bmp	0/0;5/6;5/7
hogg.str	148	60	75	13	58	9tex	0/0;2/2;5/7
hogg2.str	148	60	75	8	39	aa.bmp;rv3.bmp;rv4.bmp	0/0;2/2;5/7
hogogong_strike.str	148	60	40	8	43	hoc_chul_ho_02.bmp;hoc_light_02.bmp;hst_chul_ho_01.bmp;hst_chul_ho_02.bmp	0/0;5/7
holy_cross.str	148	60	90	7	34	lens_b.bmp;slash_b_.bmp	0/0;5/7
holy_shield.str	148	60	80	16	59	13tex	0/0;5/6;5/7
holy_shield_cast.str	148	60	180	11	60	14tex	0/0;5/6;5/7
holy_shield_loop.str	148	60	60	4	9	hol_shieldbuff_00.tga	0/0;5/6;5/7
holyflame.str	148	60	69	11	60	39tex	0/0;5/6;5/7
holyflame.str	148	60	69	11	60	39tex	0/0;5/6;5/7
holyhit.str	148	60	30	10	35	6tex	0/0;5/7
homing.str	148	60	90	6	59	target1.bmp;target2.bmp;target3.bmp	0/0;2/1
howling_of_chul_ho.str	148	60	33	7	24	hoc_chul_ho_02.bmp;hoc_light_01.bmp;hoc_light_02.bmp	0/0;5/7
howling_of_chul_ho_scared.str	148	60	35	4	23	hoc_scared_01.tga;hoc_scared_02.bmp	0/0;5/6;5/7
htb.str	148	60	120	19	112	10tex	0/0;5/7
hunter_loud.str	148	60	112	3	57	hunter_loud_megaphone00.bmp;hunter_talkiebox.bmp	0/0;5/6;5/7
hunter_poison.str	148	60	90	9	270	gas_out.bmp;poison_smoke.bmp	0/0;5/7
hunter_shockwave_blue.str	148	60	29	4	33	8tex	0/0;5/7
hyun_rok_cannon.str	148	60	35	11	227	18tex	0/0;5/6;5/7
hyun_roks_breeze.str	148	60	73	12	269	20tex	0/0;5/7
hyun_roks_breeze_bottom.str	148	60	16	2	5	hyu_bottom_00.bmp;hyu_bottom_01.bmp;hyu_bottom_02.bmp;hyu_bottom_03.bmp	0/0;5/7
i_manus.str	148	60	155	19	679	7tex	0/0;5/6;5/7
ice_status.str	148	60	60	8	113	explosive_1_128.bmp;freeze_a.bmp;freeze_ice.bmp	0/0;5/7
ice_status_crash.str	148	60	61	10	74	freeze_a.bmp;freeze_ice.bmp;freeze_ice_part.bmp;freeze_iceb.bmp;freeze_icec.bmp	0/0;5/7
ice_statusing.str	148	60	61	10	74	freeze_a.bmp;freeze_ice.bmp;freeze_ice_part.bmp;freeze_iceb.bmp;freeze_icec.bmp	0/0;5/7
icecrash.str	148	60	61	10	74	freeze_a.bmp;freeze_ice.bmp;freeze_ice_part.bmp;freeze_iceb.bmp;freeze_icec.bmp	0/0;5/7
icestatusing.str	148	60	60	5	20	freeze_a.bmp;freeze_ice.bmp	0/0;5/7
icy.str	148	60	90	17	152	6tex	0/0;5/7
ignorance.str	148	60	120	2	5	ignorance_01.bmp;ignorance_02.bmp;ignorance_03.bmp;ignorance_04.bmp	0/0;5/7
impact_crater.str	148	60	27	18	51	21tex	0/0;5/6;5/7
impact_crater_bottom.str	148	60	43	6	21	31tex	0/0;5/6;5/7
impact_crater_hit.str	148	60	15	14	53	20tex	0/0;5/6;5/7
impact_crater_moon_bottom.str	148	60	55	21	86	15tex	0/0;5/6;5/7
impisitio.str	148	60	155	19	679	7tex	0/0;5/6;5/7
impositio.str	148	60	155	19	679	7tex	0/0;5/6;5/7
increasing_activity.str	148	60	39	13	36	26tex	0/0;5/7
increasing_activity_cast.str	148	60	59	14	53	7tex	0/0;5/7
increasing_activity_cast_bottom.str	148	60	59	4	13	16tex	0/0;5/7
intensive_aim_00.str	148	60	29	4	11	int_bullet_00.tga;int_light_02.bmp	0/0;5/6;5/7
intensive_aim_01.str	148	60	29	4	11	int_bullet_01.tga;int_light_01.bmp	0/0;5/6;5/7
intensive_aim_02.str	148	60	29	4	11	int_bullet_02.tga;int_light_01.bmp	0/0;5/6;5/7
intensive_aim_03.str	148	60	29	4	11	int_bullet_03.tga;int_light_01.bmp	0/0;5/6;5/7
intensive_aim_04.str	148	60	29	4	11	int_bullet_04.tga;int_light_01.bmp	0/0;5/6;5/7
intensive_aim_05.str	148	60	29	4	11	int_bullet_05.tga;int_light_01.bmp	0/0;5/6;5/7
intensive_aim_06.str	148	60	29	4	11	int_bullet_06.tga;int_light_01.bmp	0/0;5/6;5/7
intensive_aim_07.str	148	60	29	4	11	int_bullet_07.tga;int_light_01.bmp	0/0;5/6;5/7
intensive_aim_08.str	148	60	29	4	11	int_bullet_08.tga;int_light_01.bmp	0/0;5/6;5/7
intensive_aim_09.str	148	60	29	4	11	int_bullet_09.tga;int_light_01.bmp	0/0;5/6;5/7
intensive_aim_10.str	148	60	29	4	11	int_bullet_10.tga;int_light_01.bmp	0/0;5/6;5/7
intensiveaim_full.str	148	60	25	3	6	int_bullet_full_00.tga;int_bullet_full_01.tga;int_bullet_full_02.tga;int_bullet_full_03.tga;int_bullet_full_04.tga	0/0;5/6;5/7
intensiveaim_helix.str	148	60	89	5	22	17tex	0/0;5/7
invenom.str	148	60	40	5	102	freeze_a.bmp;freeze_ice_part.bmp;invenom_ring.bmp	0/0;5/7
invincibleoff2.str	148	60	90	8	113	explosive_1_128.bmp;freeze_ice_part.bmp;ring_b.bmp	0/0;5/7
itempokjuk.str	148	60	60	8	71	9tex	0/0;5/7
jack_frost_nova_end.str	148	60	32	5	16	9tex	0/0;5/6;5/7
jack_frost_nova_loop.str	148	60	29	9	34	18tex	0/0;5/6;5/7
jack_frost_nova_loop_bottom.str	148	60	29	5	20	9tex	0/0;5/6;5/7
jack_frost_nova_start.str	148	60	29	26	161	15tex	0/0;5/6;5/7
jack_frost_nova_start_bottom.str	148	60	29	11	62	13tex	0/0;5/6;5/7
jawaii_serenade.str	148	60	70	12	49	12tex	0/0;5/6;5/7
jawaii_serenade_cast.str	148	60	120	13	40	16tex	0/0;5/7
jawaii_serenade_cast_bottom.str	148	60	120	9	28	jaw_cast_a.tga;jaw_cast_note.bmp;jaw_note_00.bmp;jaw_note_01.bmp	0/0;5/6;5/7
joblvup.str	148	60	90	21	235	14tex	0/0;5/7
jong.str	148	60	236	11	585	14tex	0/0;2/1;5/7
jong_mini.str	148	60	100	6	107	10tex	0/0;5/7
judge.str	148	60	120	9	28	jud_roon_1.bmp;jud_roon_1.tga;jud_roon_2.bmp	0/0;5/6;5/7
judge_aura.str	148	60	120	2	3	15tex	0/0;5/7
judge_cast.str	148	60	100	12	57	7tex	0/0;5/7
judge_start.str	148	60	52	3	10	13tex	0/0;5/7
judgement_cross.str	148	60	23	6	15	11tex	0/0;5/6;5/7
judgement_cross_bottom.str	148	60	21	3	6	6tex	0/0;5/6;5/7
judgement_cross_cast.str	148	60	41	6	15	jud_ring_01.bmp	0/0;5/7
judgement_cross_cast_bottom.str	148	60	41	11	36	10tex	0/0;5/6;5/7
judgement_cross_shot.str	148	60	13	7	22	23tex	0/0;5/6;5/7
jupitel_thunder_storm_00.str	148	60	69	9	118	15tex	0/0;5/7
jupitel_thunder_storm_01.str	148	60	69	11	192	21tex	0/0;5/7
jupitel_thunder_storm_02.str	148	60	69	11	220	21tex	0/0;5/7
jupitel_thunder_storm_ball.str	148	60	30	9	36	13tex	0/0;5/7
jyumonjikiri.str	148	60	90	7	34	jyumonjikiri_1.bmp;jyumonjikiri_2.bmp	0/0;5/7
kageakumu.str	148	60	109	10	53	14tex	0/0;1/6;5/6
kagegari.str	148	60	40	6	21	25tex	0/0;1/6;5/6
kagegari.str	148	60	40	6	21	25tex	0/0;1/6;5/6
kagegissen.str	148	60	50	27	108	35tex	0/0;1/6;5/6;5/7
kagekakusi.str	148	60	45	4	11	32tex	0/0;1/6;5/6
kagenomai.str	148	60	55	5	12	34tex	0/0;1/6;5/6
keeping.str	148	60	40	4	69	quagmire_v.bmp	0/0;2/1
ki.str	148	60	125	10	81	6tex	0/0;5/6;5/7
ki.str	148	60	125	11	78	jiji.bmp;jijiji.TGA;jijiji2.TGA;stone_part.bmp;storn_a.bmp	0/0;5/6;5/7
ki_sul_rampage.str	148	60	58	11	30	ram_particle_00.bmp	0/0;5/7
ki_sul_rampage_bottom.str	148	60	80	6	37	ram_crack_00.tga;ram_glow_00.tga;ram_shock_00.bmp	0/0;5/6;5/7
ki_sul_water_spraying.str	148	60	108	20	93	17tex	0/0;5/6;5/7
killing_aura.str	148	60	59	5	12	23tex	0/0;1/6;5/7
killing_aura_end.str	148	60	29	4	9	19tex	0/0;1/6;5/7
killing_aura_hit.str	148	60	60	6	20	14tex	0/0;2/1;5/7
kinryuuhou.str	148	60	34	10	41	kin_dragon_01.tga;kin_light_line01.tga;kin_particle.bmp;kin_shine_1.bmp;kin_smoke.tga	0/0;5/6;5/7
kinryuuhou_hit.str	148	60	51	13	66	24tex	0/0;5/6;5/7
kunaiarea_01_end.str	148	60	19	4	9	kun_kunai_a.tga	0/0;5/6
kunaiarea_01_loop.str	148	60	59	4	9	kun_kunai_a.tga	0/0;5/6
kunaiarea_01_start.str	148	60	50	7	24	kun_f__exp_00.bmp;kun_f__exp_01.bmp;kun_f__exp_02.bmp;kun_f__exp_03.bmp;kun_kunai_a.tga	0/0;5/6;5/7
kunaikaiten_00.str	148	60	39	25	88	kun_kunai.tga;kun_shine_1.bmp;kun_trail_a_00.tga	0/0;1/6;5/6;5/7
kunaikaiten_01.str	148	60	42	13	36	kun_kunai.tga;kun_shine_1.bmp	0/0;5/6;5/7
kunaikaiten_bottom.str	148	60	64	3	6	28tex	0/0;1/6;5/6
kunaikussetsu.str	148	60	44	3	6	12tex	0/0;1/6;5/6
kunaikussetsu_bottom.str	148	60	44	3	6	16tex	0/0;1/6
kunaikussetsu_bottom_end.str	148	60	19	3	6	16tex	0/0;1/6
kunaikussetsu_end.str	148	60	19	3	6	12tex	0/0;1/6;5/6
kunaiwaikyoku.str	148	60	29	9	44	9tex	0/0;1/6;5/6;5/7
kvasirsonata.str	148	60	80	22	118	6tex	0/0;2/1;5/6;5/7
kvasirsonata_cast.str	148	60	49	5	20	10tex	0/0;5/7
kvasirsonata_cast_bottom.str	148	60	30	3	6	10tex	0/0;5/6;5/7
kyrie.str	148	60	119	24	734	16tex	0/0;5/7
kyrie_min.str	148	60	80	6	65	cross_old.bmp;shield.bmp;thunder_pang.bmp	0/0;5/7
landmine.str	148	60	85	12	461	blast_stick.bmp;fire_blast.bmp;fire_smoke_b.bmp;lord_blast_d.bmp	0/0;5/7
lassitude.str	148	60	65	5	16	9tex	0/0;5/6;5/7
lassitude.str	148	60	65	5	16	9tex	0/0;5/6;5/7
lauagnus.str	148	60	90	7	232	feather.bmp;freeze_ice_part.bmp;pika02.bmp	0/0;5/7
laulamus.str	148	60	90	7	232	feather.bmp;freeze_ice_part.bmp;pika02.bmp	0/0;5/7
lava_slide.str	148	60	40	9	118	fire_a.bmp;fire_b.bmp	0/0;5/7
laziness.str	148	60	120	2	5	laziness_01.bmp;laziness_02.bmp;laziness_03.bmp;laziness_04.bmp	0/0;5/7
lexaeterna.str	148	60	140	37	1077	10tex	0/0;5/6;5/7
lexaeterna_min.str	148	60	55	8	140	lexaeterna_sword.bmp;lord_blast_b_small.bmp;lord_blast_e_small.bmp	0/0;5/7
lexdivina.str	148	60	110	16	221	7tex	0/0;5/6;5/7
lightning.str	148	60	129	8	125	10tex	0/0;5/7
lightning_land.str	148	60	59	26	75	35tex	0/0;5/6;5/7
lightning_land_bottom.str	148	60	59	11	30	29tex	0/0;5/6;5/7
lightning_land_cast.str	148	60	49	2	3	13tex	0/0;5/7
lightning_land_cast_bottom.str	148	60	59	6	17	19tex	0/0;5/6;5/7
lightning_land_hit.str	148	60	15	5	18	6tex	0/0;5/7
lightningstrike.str	148	60	53	2	3	21tex	0/0;5/7
lightningstrike.str	148	60	53	2	3	21tex	0/0;5/7
ljosalfar.str	148	60	130	17	62	freeze_ice_part.bmp;pika001.bmp;superstar1.bmp	0/0;5/7
lord.str	148	60	240	35	1677	17tex	0/0;5/7
lord_of_vermillion.str	148	60	240	15	683	14tex	0/0;5/7
losttime.str	148	60	180	25	180	dandan3.bmp;pika02.bmp;rose2.bmp;snow3.bmp;ssgg.bmp	0/0;5/7
loud.str	148	60	60	8	79	hunter_loud_megaphone00.bmp;hunter_talkiebox.bmp;ring_b.bmp	0/0;2/1;5/7
madness_crusher.str	148	60	27	9	44	10tex	0/0;5/6;5/7
madness_crusher_bottom.str	148	60	35	5	24	6tex	0/0;5/6;5/7
maemor.str	148	60	45	15	409	9tex	0/0;5/6;5/7
magazine_for_one.str	148	60	64	5	20	18tex	0/0;5/7
magical.str	148	60	90	3	14	light_c.bmp;light_e.bmp;lightning.bmp	0/0;5/7
magical_feather.str	148	60	120	16	101	mfheart1.bmp;mfheart2.bmp;ppppp3.bmp	0/0;5/7
magician_safe.str	148	60	60	13	413	freeze_ice_part.bmp;safeline.bmp	0/0;5/7
magician_strorn.str	148	60	75	17	318	magician_strorn_a.bmp;magician_strorn_b.bmp;round_sphere.bmp;safeline.bmp	0/0;5/7
magni_.str	148	60	90	12	78	freeze_a.bmp;freeze_ice_part.bmp;magni.bmp	0/0;5/7
magnificat.str	148	60	105	37	1068	7tex	0/0;5/6;5/7
magnificat_min.str	148	60	90	12	78	freeze_a.bmp;freeze_ice_part.bmp;magni.bmp	0/0;5/7
magnus.str	148	60	191	31	1044	12tex	0/0;5/6;5/7
magnus.str	148	60	191	50	1728	13tex	0/0;5/6;5/7
mapae.str	148	60	120	6	105	pokjuk_d.bmp;ring_b.bmp;tal1.bmp;tal2.bmp	0/0;5/7
maple_falls.str	148	60	90	11	54	dandan1.bmp;stone_part.bmp	0/0;5/7
marine_festival_of_ki_sul.str	148	60	70	6	25	17tex	0/0;5/7
marine_festival_of_ki_sul_bottom.str	148	60	45	21	100	18tex	0/0;5/6;5/7
massivefblaster.str	148	60	140	13	54	17tex	0/0;5/6;5/7
massivefblaster_hit.str	148	60	150	23	134	26tex	0/0;5/6;5/7
massivefblaster_hit_bottom.str	148	60	130	4	19	10tex	0/0;5/6;5/7
master.str	148	60	480	10	57	hikari2.bmp;hikari3.bmp;masterk.tga	0/0;5/6;5/7
maximize power.str	148	60	110	16	635	black_sword.bmp;lord_blast_e.bmp;magic_ring_a_s.bmp	0/0;5/7
maximize_min.str	148	60	80	8	240	black_sword.bmp;magic_ring_a_s.bmp	0/0;5/7
maximizepower.str	148	60	110	16	635	black_sword.bmp;lord_blast_e.bmp;magic_ring_a_s.bmp	0/0;5/7
mayhemic_thorns.str	148	60	60	32	193	25tex	0/0;5/6;5/7
mayhemic_thorns_bottom.str	148	60	52	8	37	25tex	0/0;5/6;5/7
mc.str	148	60	145	6	33	magiccircle1.bmp;magiccircle2.bmp;magiccircle3.bmp	0/0;5/7
mcgold.str	148	60	145	6	33	magiccircle1.bmp;magiccircle2.bmp;magiccircle3.bmp	0/0;5/7
medialevotum.str	148	60	50	14	59	6tex	0/0;5/6;5/7
medialevotum_cast.str	148	60	60	7	30	med_circle_1.bmp	0/0;5/7
medialevotum_loop.str	148	60	80	5	20	med_feather_1.tga;med_feather_2.tga	0/0;5/6
mega_sonic_blow.str	148	60	57	30	163	10tex	0/0;5/6;5/7
melt.str	148	60	140	11	104	6tex	0/0;2/1;5/7
memor_min.str	148	60	47	4	80	6tex	0/0;5/7
mentalbreak.str	148	60	90	5	92	shockwave_a.bmp;shockwave_b.bmp;shockwave_c.bmp;shockwave_d.bmp;shockwave_e.bmp	0/0;5/7
metalicfury.str	148	60	27	13	72	18tex	0/0;5/6;5/7
meteor1.str	148	60	96	12	284	8tex	0/0;5/7
meteor1.str	148	60	96	19	422	9tex	0/0;5/7
meteor2.str	148	60	96	10	208	fire_blast.bmp;fire_smoke_b.bmp;lord_blast_c.bmp	0/0;5/7
meteor2.str	148	60	96	19	422	9tex	0/0;5/7
meteor3.str	148	60	96	11	244	8tex	0/0;5/7
meteor3.str	148	60	96	19	422	9tex	0/0;5/7
meteor4.str	148	60	96	19	422	9tex	0/0;5/7
meteor_storm_buster.str	148	60	189	39	164	29tex	0/0;5/6;5/7
meteor_storm_buster_bottom.str	148	60	189	5	16	met_crack.bmp;met_crack.tga;met_crack_aft.bmp;met_crack_aft.tga	0/0;5/6;5/7
meteor_storm_buster_meteor.str	148	60	45	9	46	met_light_circle02.bmp;met_lightparts05.bmp;met_meteo_line.tga;met_smoke_line.tga	0/0;5/6;5/7
meteor_storm_buster_meteor_bottom.str	148	60	25	2	3	met_circlealpha.tga	0/0;5/7
mid_frenzy.str	148	60	37	15	52	freeze_ice_part.bmp;lens_b.bmp;lens_r.bmp;pika02.bmp	0/0;5/7
midgard2.str	148	60	245	22	166	16tex	0/0;5/6;5/7
mighty_smash.str	148	60	48	26	297	19tex	0/0;5/6;5/7
mil_shield.str	148	60	60	6	53	pokjuk_d.bmp;ring_b.bmp;shield.bmp	0/0;5/7
min_abyss_slayer.str	148	60	50	9	40	10tex	0/0;5/6;5/7
min_abyss_slayer_cast.str	148	60	58	10	27	6tex	0/0;5/6;5/7
min_abyss_slayer_cast_bottom.str	148	60	60	3	10	10tex	0/0;5/6
min_akumukesu.str	148	60	29	4	13	11tex	0/0;5/6;5/7
min_ankokuryuuakumu_00.str	148	60	90	5	18	26tex	0/0;1/6
min_ankokuryuuakumu_01.str	148	60	89	5	20	30tex	0/0;1/6;5/7
min_antenpou.str	148	60	164	6	45	13tex	0/0;1/6
min_attack_stance.str	148	60	70	4	25	att_shield_00.tga;att_sword_00.tga	0/0;5/6
min_attack_stance_cast.str	148	60	0	1	0		
min_attack_stance_cast_bottom.str	148	60	59	2	5	att_m.bmp	0/0;5/7
min_auto_firing_launcher.str	148	60	47	3	8	aut_bottom_02_00.bmp;aut_bottom_02_01.bmp;aut_bottom_02_02.bmp;aut_bottom_02_03.bmp	0/0;5/7
min_auto_firing_launcher_bottom.str	148	60	71	4	21	12tex	0/0;5/6;5/7
min_basic_grenade.str	148	60	70	8	33	19tex	0/0;5/7
min_basic_grenade_bottom.str	148	60	70	3	16	has_crack_01.tga;has_light_01.bmp	0/0;5/6;5/7
min_black_tortoise_end.str	148	60	9	3	6	tof_black_tortoise_00.bmp;tof_glow_01.tga	0/0;5/6;5/7
min_black_tortoise_loop.str	148	60	59	3	6	tof_black_tortoise_00.bmp;tof_glow_01.tga	0/0;5/6;5/7
min_black_tortoise_start.str	148	60	4	3	8	tof_black_tortoise_00.bmp;tof_glow_01.tga	0/0;5/6;5/7
min_blessing_of_mystical_creatures.str	148	60	55	10	99	ble_creatures_01.tga;ble_creatures_02.tga;ble_creatures_03.bmp;ble_creatures_aura.bmp;ble_light_01.bmp	0/0;5/6;5/7
min_blue_dragon_end.str	148	60	9	3	6	tof_blue_dragon_00.bmp;tof_glow_01.tga	0/0;5/6;5/7
min_blue_dragon_loop.str	148	60	59	3	6	tof_blue_dragon_00.bmp;tof_glow_01.tga	0/0;5/6;5/7
min_blue_dragon_start.str	148	60	4	3	8	tof_blue_dragon_00.bmp;tof_glow_01.tga	0/0;5/6;5/7
min_chul_ho_sonic_claw.str	148	60	20	3	8	chs_chul_ho_02.bmp	0/0;5/7
min_chul_ho_sonic_claw_wave_1.str	148	60	36	2	17	chs_wave_1_01.bmp	0/0;5/7
min_chul_ho_sonic_claw_wave_11.str	148	60	36	2	17	chs_wave_1_01.bmp	0/0;5/7
min_chul_ho_sonic_claw_wave_12.str	148	60	36	3	18	chs_wave_12_01.bmp;chs_wave_12_02.bmp	0/0;5/7
min_chul_ho_sonic_claw_wave_3.str	148	60	36	3	24	chs_wave_3_01.bmp;chs_wave_3_02.bmp	0/0;5/7
min_chul_ho_sonic_claw_wave_5.str	148	60	36	2	17	chs_wave_5_01.bmp	0/0;5/7
min_chul_ho_sonic_claw_wave_6.str	148	60	36	3	18	chs_wave_12_01.bmp;chs_wave_12_02.bmp	0/0;5/7
min_chul_ho_sonic_claw_wave_7.str	148	60	36	2	17	chs_wave_5_01.bmp	0/0;5/7
min_chul_ho_sonic_claw_wave_9.str	148	60	36	3	24	chs_wave_3_01.bmp;chs_wave_3_02.bmp	0/0;5/7
min_circle_directions_elements.str	148	60	63	23	196	13tex	0/0;5/6;5/7
min_circle_directions_elements_loop.str	148	60	120	4	9	cde_circle_loop_00.bmp;cde_circle_loop_01.bmp;cde_glow_00.tga	0/0;5/6;5/7
min_colors_of_hyun_rok_darkness.str	148	60	54	2	7	col_darkness_00.bmp	0/0;5/7
min_colors_of_hyun_rok_earth.str	148	60	54	2	7	col_earth_00.bmp	0/0;5/7
min_colors_of_hyun_rok_fire.str	148	60	54	2	7	col_fire_00.bmp	0/0;5/7
min_colors_of_hyun_rok_reset.str	148	60	13	2	5	col_light_01.bmp	0/0;5/7
min_colors_of_hyun_rok_saint.str	148	60	54	2	7	col_saint_00.bmp	0/0;5/7
min_colors_of_hyun_rok_water.str	148	60	54	2	7	col_water_00.bmp	0/0;5/7
min_colors_of_hyun_rok_wind.str	148	60	54	2	7	col_wind_00.bmp	0/0;5/7
min_dancing_knife_cast.str	148	60	30	17	72	dan_glow_01.bmp;dan_ring_01.bmp;dan_sword_01.bmp;dan_sword_01.tga	0/0;5/6;5/7
min_dancing_knife_cast_bottom.str	148	60	30	5	18	dan_glow_01.bmp;dan_ring_01.bmp;dan_sword_01.bmp;dan_sword_01.tga	0/0;5/6;5/7
min_dancing_knife_skill_01.str	148	60	40	20	111	dan_slash_01.bmp;dan_slash_02.bmp;dan_sword_01.bmp;dan_sword_01.tga	0/0;5/6;5/7
min_dancing_knife_skill_02.str	148	60	20	19	60	dan_slash_01.bmp;dan_slash_02.bmp;dan_sword_01.bmp;dan_sword_01.tga	0/0;5/6;5/7
min_dancing_knife_skill_bottom_01.str	148	60	40	5	26	dan_slash_01.bmp;dan_slash_02.bmp;dan_sword_01.bmp;dan_sword_01.tga	0/0;5/6;5/7
min_dancing_knife_skill_bottom_02.str	148	60	20	6	17	dan_slash_01.bmp;dan_slash_02.bmp;dan_sword_01.bmp;dan_sword_01.tga	0/0;5/6;5/7
min_dragonic_breath.str	148	60	45	6	23	17tex	0/0;5/6;5/7
min_dragonic_breath_bottom.str	148	60	45	2	5	dra_glow_00.tga	0/0;5/6
min_dragonic_breath_hit.str	148	60	33	2	5	10tex	0/0;5/7
min_efst_nightmare.str	148	60	63	5	12	13tex	0/0;1/6;5/6
min_exorcism_of_malicuous_soul.str	148	60	60	4	19	12tex	0/0;5/6;5/7
min_explosive_powder.str	148	60	53	40	196	20tex	0/0;5/7
min_four_charm_earth.str	148	60	120	15	74	27tex	0/0;5/6;5/7
min_four_charm_earth_bottom.str	148	60	120	10	59	6tex	0/0;5/6;5/7
min_four_charm_fire.str	148	60	120	10	43	31tex	0/0;5/6;5/7
min_four_charm_fire_bottom.str	148	60	120	6	39	fou_fire_glow.tga;fou_fire_light.bmp;fou_fire_magic.bmp;fou_fire_magic_back.tga	0/0;5/6;5/7
min_four_charm_ice.str	148	60	120	11	44	33tex	0/0;5/6;5/7
min_four_charm_ice_bottom.str	148	60	120	6	39	fou_ice_glow.tga;fou_ice_light.bmp;fou_magic_ice.bmp;fou_magic_ice_back.tga	0/0;5/6;5/7
min_four_charm_wind.str	148	60	120	11	60	17tex	0/0;5/6;5/7
min_four_charm_wind_bottom.str	148	60	120	6	39	fou_wind_glow.tga;fou_wind_light.bmp;fou_wind_magic.bmp;fou_wind_magic_back.tga	0/0;5/6;5/7
min_fuumakouchiku.str	148	60	39	7	24	9tex	0/0;5/6;5/7
min_fuumakouchiku_blasting.str	148	60	44	6	23	28tex	0/0;5/6;5/7
min_fuumashouaku.str	148	60	35	9	34	12tex	0/0;1/6;5/6;5/7
min_fuumashouaku_00.str	148	60	59	11	46	fuu_shuriken.tga;fuu_shuriken_a.tga;fuu_slash.bmp	0/0;5/6;5/7
min_grenade_fragment_darkness.str	148	60	65	6	25	13tex	0/0;5/6;5/7
min_grenade_fragment_earth.str	148	60	65	6	27	13tex	0/0;5/6;5/7
min_grenade_fragment_fire.str	148	60	65	4	17	13tex	0/0;5/7
min_grenade_fragment_reset.str	148	60	51	2	7	gre_reset_01.bmp	0/0;5/7
min_grenade_fragment_saint.str	148	60	65	6	27	13tex	0/0;5/6;5/7
min_grenade_fragment_water.str	148	60	65	6	27	13tex	0/0;5/6;5/7
min_grenade_fragment_wind.str	148	60	65	6	27	13tex	0/0;5/6;5/7
min_grenades_dropping.str	148	60	73	9	38	20tex	0/0;5/7
min_grenades_dropping_bottom.str	148	60	102	3	16	gdr_crack_01.tga;gdr_light_01.bmp	0/0;5/6;5/7
min_guard_stance.str	148	60	70	4	23	gua_shield_00.tga;gua_sword_00.tga	0/0;5/6
min_guard_stance_cast.str	148	60	0	1	0		
min_guard_stance_cast_bottom.str	148	60	59	2	5	gua_m.bmp	0/0;5/7
min_hasty_fire_in_the_hole_5x5.str	148	60	60	3	14	has_crack_01.tga;has_light_01.bmp	0/0;5/6;5/7
min_hasty_fire_in_the_hole_5x5.str	148	60	67	8	31	19tex	0/0;5/7
min_hasty_fire_in_the_hole_7x7.str	148	60	60	3	14	has_crack_01.tga;has_light_01.bmp	0/0;5/6;5/7
min_hasty_fire_in_the_hole_7x7.str	148	60	67	8	33	19tex	0/0;5/7
min_hasty_fire_in_the_hole_9x9.str	148	60	60	3	14	has_crack_01.tga;has_light_01.bmp	0/0;5/6;5/7
min_hasty_fire_in_the_hole_9x9.str	148	60	67	8	33	19tex	0/0;5/7
min_hiddencard.str	148	60	130	19	68	27tex	0/0;5/6;5/7
min_hiddencard_thunder.str	148	60	43	3	8	12tex	0/0;5/7
min_hitouakumu.str	148	60	39	1	0		
min_hitouakumu_00.str	148	60	22	3	6	hit_kunai.tga;hit_shine_1.bmp	0/0;5/6;5/7
min_hitouakumu_01.str	148	60	25	2	3	hit_shuriken.tga	0/0;5/6
min_hitouakumu_02.str	148	60	24	3	6	hit_kunai.tga;hit_shine_1.bmp	0/0;5/6;5/7
min_hogogong_strike.str	148	60	40	8	43	hoc_chul_ho_02.bmp;hoc_light_02.bmp;hst_chul_ho_01.bmp;hst_chul_ho_02.bmp	0/0;5/7
min_holy_shield.str	148	60	80	6	17	11tex	0/0;5/6;5/7
min_holy_shield_cast.str	148	60	180	11	60	14tex	0/0;5/6;5/7
min_holy_shield_loop.str	148	60	120	5	12	hol_shieldbuff_00.tga	0/0;5/6;5/7
min_howling_of_chul_ho.str	148	60	33	3	8	hoc_chul_ho_02.bmp;hoc_light_02.bmp	0/0;5/7
min_howling_of_chul_ho_scared.str	148	60	35	4	23	hoc_scared_01.tga;hoc_scared_02.bmp	0/0;5/6;5/7
min_hyun_rok_cannon.str	148	60	35	4	62	hrc_projectile_01.tga;hrc_projectile_02.bmp	0/0;5/6;5/7
min_hyun_roks_breeze.str	148	60	73	4	21	14tex	0/0;5/7
min_hyun_roks_breeze_bottom.str	148	60	16	2	5	hyu_bottom_00.bmp;hyu_bottom_01.bmp;hyu_bottom_02.bmp;hyu_bottom_03.bmp	0/0;5/7
min_intensive_aim_00.str	148	60	29	3	6	int_bullet_00.tga	0/0;5/6;5/7
min_intensive_aim_01.str	148	60	29	3	6	int_bullet_01.tga	0/0;5/6;5/7
min_intensive_aim_02.str	148	60	29	3	6	int_bullet_02.tga	0/0;5/6;5/7
min_intensive_aim_03.str	148	60	29	3	6	int_bullet_03.tga	0/0;5/6;5/7
min_intensive_aim_04.str	148	60	29	3	6	int_bullet_04.tga	0/0;5/6;5/7
min_intensive_aim_05.str	148	60	29	3	6	int_bullet_05.tga	0/0;5/6;5/7
min_intensive_aim_06.str	148	60	29	3	6	int_bullet_06.tga	0/0;5/6;5/7
min_intensive_aim_07.str	148	60	29	3	6	int_bullet_07.tga	0/0;5/6;5/7
min_intensive_aim_08.str	148	60	29	3	6	int_bullet_08.tga	0/0;5/6;5/7
min_intensive_aim_09.str	148	60	29	3	6	int_bullet_09.tga	0/0;5/6;5/7
min_intensive_aim_10.str	148	60	29	3	6	int_bullet_10.tga	0/0;5/6;5/7
min_intensiveaim_full.str	148	60	25	3	6	int_bullet_full_00.tga;int_bullet_full_01.tga;int_bullet_full_02.tga;int_bullet_full_03.tga;int_bullet_full_04.tga	0/0;5/6;5/7
min_intensiveaim_helix.str	148	60	89	4	19	int_helix_light_01.bmp;int_mark_01.bmp;int_mark_02.bmp	0/0;5/7
min_kageakumu.str	148	60	109	10	53	14tex	0/0;1/6;5/6
min_kagegari.str	148	60	22	3	6	21tex	0/0;1/6;5/6
min_kagegissen.str	148	60	24	11	50	8tex	0/0;1/6;5/6;5/7
min_kagekakusi.str	148	60	45	3	8	14tex	0/0;1/6;5/6
min_kagenomai.str	148	60	55	4	9	28tex	0/0;1/6;5/6
min_ki_sul_rampage.str	148	60	58	1	0		
min_ki_sul_rampage_bottom.str	148	60	80	6	37	ram_crack_00.tga;ram_glow_00.tga;ram_shock_00.bmp	0/0;5/6;5/7
min_ki_sul_water_spraying.str	148	60	108	11	50	kis_glow_11.tga;kis_light_01.bmp;kis_water_00.bmp;kis_water_01.bmp	0/0;5/6;5/7
min_kinryuuhou.str	148	60	34	7	26	kin_dragon_01.tga;kin_light_line01.tga;kin_shine_1.bmp;kin_smoke.tga	0/0;5/6;5/7
min_kinryuuhou_hit.str	148	60	51	7	48	6tex	0/0;5/6;5/7
min_kunaiarea_01_end.str	148	60	19	4	9	kun_kunai_a.tga	0/0;5/6
min_kunaiarea_01_loop.str	148	60	59	4	9	kun_kunai_a.tga	0/0;5/6
min_kunaiarea_01_start.str	148	60	50	7	24	kun_f__exp_00.bmp;kun_f__exp_01.bmp;kun_f__exp_02.bmp;kun_f__exp_03.bmp;kun_kunai_a.tga	0/0;5/6;5/7
min_kunaikaiten_00.str	148	60	27	17	48	kun_kunai.tga;kun_shine_1.bmp	0/0;5/6;5/7
min_kunaikaiten_01.str	148	60	42	13	36	kun_kunai.tga;kun_shine_1.bmp	0/0;5/6;5/7
min_kunaikaiten_bottom.str	148	60	45	1	0		
min_kunaikussetsu.str	148	60	44	3	6	12tex	0/0;1/6;5/6
min_kunaikussetsu_end.str	148	60	19	3	6	12tex	0/0;1/6;5/6
min_kunaiwaikyoku.str	148	60	28	7	34	kun_kunai.tga;kun_shine_1.bmp;kun_slas.tga	0/0;1/6;5/6;5/7
min_magazine_for_one.str	148	60	64	3	10	16tex	0/0;5/7
min_marine_festival_of_ki_sul.str	148	60	70	3	12	11tex	0/0;5/7
min_marine_festival_of_ki_sul_bottom.str	148	60	45	5	20	mar_light_01.tga;mar_wave07.bmp;mar_wave_2_02.bmp	0/0;5/6;5/7
min_mayhemic_thorns.str	148	60	60	7	26	13tex	0/0;5/7
min_mayhemic_thorns_bottom.str	148	60	52	8	37	25tex	0/0;5/6;5/7
min_mighty_smash.str	148	60	48	4	15	17tex	0/0;5/6;5/7
min_mission_bombard.str	148	60	41	4	19	11tex	0/0;5/7
min_mission_bombard_fire.str	148	60	60	6	15	10tex	0/0;5/7
min_mission_bombard_fire_bottom.str	148	60	60	3	14	16tex	0/0;5/6;5/7
min_mission_bombard_hit.str	148	60	51	3	14	10tex	0/0;5/7
min_new_fuumakouchiku.str	148	60	110	17	116	8tex	0/0;5/6;5/7
min_new_raidenpou.str	148	60	79	18	456	18tex	0/0;5/7
min_new_raidenpou_cast.str	148	60	39	4	15	22tex	0/0;5/7
min_new_raidenpou_hit.str	148	60	47	4	21	25tex	0/0;1/6;5/7
min_only_one_bullet.str	148	60	50	6	43	hid_light_04.bmp;onl_mark_01.tga;onl_mark_03.tga	0/0;5/6;5/7
min_only_one_bullet_hit.str	148	60	12	3	10	onl_fire_00.bmp;onl_fire_01.bmp;onl_fire_02.bmp;onl_fire_03.bmp;onl_light_01.bmp	0/0;5/7
min_raidenpou.str	148	60	89	16	51	36tex	0/0;1/6;5/6;5/7
min_rebound_shield.str	148	60	44	12	33	reb_circle_01.bmp;reb_ring_01.tga	0/0;5/6;5/7
min_rebound_shield_bottom.str	148	60	39	4	19	13tex	0/0;5/6;5/7
min_rebound_shield_cast.str	148	60	40	3	6	8tex	0/0;5/6;5/7
min_rebound_shield_cast_bottom.str	148	60	40	4	9	reb_blk_01.tga;reb_circle_01.bmp	0/0;5/6;5/7
min_red_phoenix_end.str	148	60	9	3	6	tof_glow_01.tga;tof_phoenix_00.bmp	0/0;5/6;5/7
min_red_phoenix_loop.str	148	60	59	3	6	tof_glow_01.tga;tof_phoenix_00.bmp	0/0;5/6;5/7
min_red_phoenix_start.str	148	60	4	3	8	tof_glow_01.tga;tof_phoenix_00.bmp	0/0;5/6;5/7
min_reiketsuhou.str	148	60	29	12	33	rei_circle_1.bmp;rei_flare_00.bmp;rei_ice.tga;rei_ice_01.tga	0/0;5/6;5/7
min_reiketsuhou_bottom.str	148	60	85	13	84	13tex	0/0;5/6
min_researchreport_cast.str	148	60	42	2	3	15tex	0/0;5/7
min_researchreport_cast_bottom.str	148	60	42	1	0		
min_sandy_festival_of_ki_sul.str	148	60	40	3	10	11tex	0/0;5/7
min_sandy_festival_of_ki_sul_bottom.str	148	60	45	5	20	san_light_01.tga;san_wave07.bmp;san_wave_2_02.bmp	0/0;5/6;5/7
min_sekienhou.str	148	60	75	3	8	41tex	0/0;3/7;5/7
min_ske_all_in_the_sky.str	148	60	140	17	82	6tex	0/0;5/6;5/7
min_ske_dawn_break.str	148	60	44	4	13	6tex	0/0;5/6;5/7
min_ske_enchanting_sky_00.str	148	60	20	15	70	enc_backcircle_00.tga;enc_innercircle02.tga;enc_innercircle_00.tga;enc_moon.tga;enc_sun.tga	0/0;5/6;5/7
min_ske_enchanting_sky_01.str	148	60	59	15	60	enc_backcircle_00.tga;enc_innercircle02.tga;enc_innercircle_00.tga;enc_moon.tga;enc_sun.tga	0/0;5/6;5/7
min_ske_midnight_kick.str	148	60	42	6	21	6tex	0/0;5/6;5/7
min_ske_noon_blast.str	148	60	51	8	25	10tex	0/0;5/6;5/7
min_ske_rising_moon_00.str	148	60	19	11	50	ris_innercircle_00.tga;ris_innercircle_01.tga;ris_moon.tga;ris_outercircle.tga	0/0;5/6;5/7
min_ske_rising_moon_01.str	148	60	39	9	28	ris_innercircle_00.tga;ris_innercircle_01.tga;ris_moon.tga;ris_outercircle.tga	0/0;5/6;5/7
min_ske_rising_moon_02.str	148	60	39	11	40	ris_innercircle_00.tga;ris_innercircle_01.tga;ris_moon.tga;ris_outercircle.tga	0/0;5/6;5/7
min_ske_rising_moon_03.str	148	60	39	9	30	ris_innercircle_00.tga;ris_innercircle_01.tga;ris_moon.tga;ris_outercircle.tga	0/0;5/6;5/7
min_ske_rising_moon_04.str	148	60	39	11	40	ris_innercircle_00.tga;ris_innercircle_01.tga;ris_moon.tga;ris_outercircle.tga	0/0;5/6;5/7
min_ske_rising_moon_05.str	148	60	39	9	30	ris_innercircle_00.tga;ris_innercircle_01.tga;ris_moon.tga;ris_outercircle.tga	0/0;5/6;5/7
min_ske_rising_sun_00.str	148	60	19	10	45	ris_innercircle.tga;ris_outercircle.tga;ris_sun.tga	0/0;5/6;5/7
min_ske_rising_sun_01.str	148	60	39	7	24	ris_innercircle.tga;ris_outercircle.tga;ris_sun.tga	0/0;5/6;5/7
min_ske_rising_sun_02.str	148	60	39	9	34	ris_innercircle.tga;ris_outercircle.tga;ris_sun.tga	0/0;5/6;5/7
min_ske_rising_sun_03.str	148	60	39	7	24	ris_innercircle.tga;ris_outercircle.tga;ris_sun.tga	0/0;5/6;5/7
min_ske_rising_sun_04.str	148	60	39	9	34	ris_innercircle.tga;ris_outercircle.tga;ris_sun.tga	0/0;5/6;5/7
min_ske_rising_sun_05.str	148	60	39	7	24	ris_innercircle.tga;ris_outercircle.tga;ris_sun.tga	0/0;5/6;5/7
min_ske_star_cannon.str	148	60	73	5	28	sta_light_line.tga;sta_star_trail.tga	0/0;5/6;5/7
min_ske_star_cannon_bottom.str	148	60	85	4	15	7tex	0/0;5/6;5/7
min_ske_twinkling_galaxy00.str	148	60	70	5	28	twi_light_line01.tga;twi_star_trail.tga	0/0;5/6;5/7
min_ske_twinkling_galaxy01.str	148	60	70	5	28	twi_light_line01.tga;twi_star_trail.tga	0/0;5/6;5/7
min_ske_twinkling_galaxy02.str	148	60	70	5	28	twi_light_line01.tga;twi_star_trail.tga	0/0;5/6;5/7
min_ske_twinkling_galaxy03.str	148	60	70	5	28	twi_light_line01.tga;twi_star_trail.tga	0/0;5/6;5/7
min_ske_twinkling_galaxy_bottom.str	148	60	66	4	11	7tex	0/0;5/6;5/7
min_soul_gathering.str	148	60	50	13	84	13tex	0/0;5/6;5/7
min_soul_of_heaven_and_earth.str	148	60	75	3	14	19tex	0/0;5/6;5/7
min_soul_of_heaven_and_earth_buff.str	148	60	55	3	14	13tex	0/0;5/6;5/7
min_spark_blaster.str	148	60	40	2	5	spa_shield_00.bmp	0/0;5/7
min_spark_blaster_bottom.str	148	60	46	18	85	21tex	0/0;5/6;5/7
min_spiral_shooting.str	148	60	43	3	8	17tex	0/0;5/7
min_sunset_blast.str	148	60	47	8	31	10tex	0/0;5/6;5/7
min_sunset_blast_small.str	148	60	35	3	10	9tex	0/0;5/6;5/7
min_talisman_of_black_tortoise.str	148	60	95	5	30	17tex	0/0;5/6;5/7
min_talisman_of_black_tortoise_bottom.str	148	60	90	4	19	tot_circle_00.bmp;tot_crack_00.tga;tot_glow_00.tga	0/0;5/6;5/7
min_talisman_of_blue_dragon.str	148	60	70	6	27	13tex	0/0;5/6;5/7
min_talisman_of_four_bearing_god.str	148	60	69	12	79	7tex	0/0;5/6;5/7
min_talisman_of_magician.str	148	60	64	9	64	tom_talisman_00.tga	0/0;5/6;5/7
min_talisman_of_magician_bottom.str	148	60	106	4	35	12tex	0/0;5/6;5/7
min_talisman_of_protection.str	148	60	135	11	88	top_ring_00.tga;top_shield_00.bmp;top_talisman_00.tga	0/0;5/6;5/7
min_talisman_of_red_phoenix.str	148	60	68	4	21	14tex	0/0;5/6;5/7
min_talisman_of_red_phoenix_bottom.str	148	60	93	3	16	8tex	0/0;5/6;5/7
min_talisman_of_soul_stealing.str	148	60	118	17	104	tos_particle_00.bmp;tos_particle_01.bmp;tos_talisman_00.tga	0/0;5/6;5/7
min_talisman_of_the_five_elements.str	148	60	70	14	111	8tex	0/0;5/6;5/7
min_talisman_of_warrior.str	148	60	120	15	100	tow_flare_02.bmp;tow_flare_03.tga;tow_glow_00.tga;tow_sword_00.tga;tow_talisman_00.tga	0/0;5/6;5/7
min_talisman_of_white_tiger.str	148	60	69	6	33	tow_glow_00.tga;tow_ring_00.bmp;tow_talisman_00.tga;tow_tigerface_04.bmp	0/0;5/6;5/7
min_temporary_communion.str	148	60	77	22	492	11tex	0/0;5/7
min_temporary_communion_buff.str	148	60	34	1	0		
min_temporary_communion_buff_bottom.str	148	60	41	3	10	tem_light_01.bmp	0/0;5/7
min_the_vigilante_at_night_bottom.str	148	60	50	2	5	the_circle_01.bmp	0/0;5/7
min_the_vigilante_at_night_crack.str	148	60	58	3	12	gre_bg_01.tga;the_crack_01.tga	0/0;5/6;5/7
min_tokedasu.str	148	60	85	4	15	13tex	0/0;1/6;5/6
min_tokedasu_shadow.str	148	60	84	7	30	11tex	0/0;1/6
min_totem_of_tutelary_bottom_end.str	148	60	18	3	6	6tex	0/0;5/6;5/7
min_totem_of_tutelary_bottom_loop.str	148	60	59	3	6	6tex	0/0;5/6;5/7
min_totem_of_tutelary_bottom_start.str	148	60	11	3	6	tot_circle_00.bmp;tot_glow_00.tga	0/0;5/6;5/7
min_totem_of_tutelary_end.str	148	60	10	3	6	tot_tree_05.tga;tot_tree_06.tga	0/0;5/6;5/7
min_totem_of_tutelary_loop.str	148	60	69	3	6	7tex	0/0;5/6;5/7
min_totem_of_tutelary_start.str	148	60	11	3	6	tot_tree_00.tga	0/0;5/6;5/7
min_triple_laser.str	148	60	80	4	31	trl_laser_00.bmp;trl_laser_01.bmp	0/0;5/7
min_ultimatesacrifice.str	148	60	120	11	62	14tex	0/0;5/6;5/7
min_ultimatesacrifice_bottom.str	148	60	0	1	0		
min_ultimatesacrifice_shine.str	148	60	120	10	47	ult_shine_1.bmp;ult_shine_1.tga;ult_shine_3.bmp	0/0;5/6;5/7
min_vigor_buff.str	148	60	60	5	13	7tex	0/0;5/7
min_vigor_cast.str	148	60	30	5	20	vig_circle_00.bmp;vig_circle_00.tga;vig_flare_01.bmp;vig_glow_01.tga	0/0;5/6;5/7
min_white_tiger_end.str	148	60	9	3	6	tof_glow_01.tga;tof_white_tiger_00.bmp	0/0;5/6;5/7
min_white_tiger_loop.str	148	60	59	3	6	tof_glow_01.tga;tof_white_tiger_00.bmp	0/0;5/6;5/7
min_white_tiger_start.str	148	60	4	3	8	tof_glow_01.tga;tof_white_tiger_00.bmp	0/0;5/6;5/7
min_wild_fire.str	148	60	40	3	12	wil_cylinder_01.bmp;wil_light_02.bmp	0/0;5/7
min_wild_fire_bottom.str	148	60	45	5	22	11tex	0/0;5/6;5/7
mine.str	148	60	80	3	28	boom001.bmp	0/0;5/7
mission_bombard.str	148	60	67	13	60	14tex	0/0;5/6;5/7
mission_bombard_fire.str	148	60	60	17	48	14tex	0/0;5/7
mission_bombard_fire_bottom.str	148	60	60	3	14	16tex	0/0;5/6;5/7
mission_bombard_hit.str	148	60	51	9	34	11tex	0/0;5/6;5/7
mobile_ef01.str	148	60	104	44	837	10tex	0/0;5/7
mobile_ef02.str	148	60	101	18	333	explosive_1_128.bmp;lens_b.bmp;wing_paticle00.bmp;wing_paticle01.bmp;wing_paticle02.bmp	0/0;5/7
mobile_ef03.str	148	60	215	27	1904	puyan.bmp;snow_a.bmp;snow_b.bmp	0/0;5/7
moonlight_1.str	148	60	120	3	14	slash_b_.bmp	0/0;5/7
moonlight_2.str	148	60	120	5	28	slash_b_.bmp	0/0;5/7
moonlight_3.str	148	60	120	7	40	slash_b_.bmp	0/0;5/7
moonstar.str	148	60	135	11	102	moon1.bmp;pang.bmp;pika02.bmp;star1.bmp	0/0;5/7
moonstar2.str	148	60	135	9	64	pang.bmp;pika02.bmp	0/0;5/7
moonstar2.str	148	60	135	9	64	pang.bmp;pika02.bmp	0/0;5/7
musical_interlude.str	148	60	80	41	124	18tex	0/0;5/6;5/7
musical_interlude_cast.str	148	60	60	13	76	mus_curtain_cast_01.tga;mus_light_01.bmp;mus_light_02.bmp;mus_light_03.bmp;mus_smk_01.tga	0/0;5/6;5/7
mvp.str	148	60	110	14	289	11tex	0/0;5/6;5/7
mystery_illusion.str	148	60	50	2	3	10tex	0/0;6/6
mystery_illusion_bottom.str	148	60	50	5	14	11tex	0/0;5/7;6/6
mystery_illusion_cast.str	148	60	35	7	20	13tex	0/0;5/7
mystery_illusion_cast_bottom.str	148	60	35	3	6	10tex	0/0;6/6
mystery_illusion_hit.str	148	60	28	6	15	6tex	0/0;5/7;6/6
mysticsymphony.str	148	60	84	5	142	16tex	0/0;5/6;5/7
mysticsymphony_cast.str	148	60	65	15	50	mys_flare_00.bmp;mys_ring_00.tga	0/0;5/6;5/7
mysticsymphony_note.str	148	60	40	3	25	mys_note.tga	0/0;2/1;5/6
napalm_vulcan_strike.str	148	60	55	21	60	19tex	0/0;5/6;5/7
nc_magma_eruption.str	148	60	110	14	97	13tex	0/0;5/7
new_a_machine.str	148	60	57	4	51	8tex	0/0;5/6
new_a_machine_attack.str	148	60	59	10	33	15tex	0/0;5/6;5/7
new_a_machine_cast.str	148	60	90	13	52	20tex	0/0;5/6;5/7
new_a_machine_cast_bottom.str	148	60	59	3	6	16tex	0/0;5/7
new_a_machine_end.str	148	60	59	10	33	10tex	0/0;5/6;5/7
new_a_machine_hit.str	148	60	17	3	6	a_hit_00.bmp;a_hit_01.bmp;a_hit_02.bmp;a_hit_03.bmp;cast_light.bmp	0/0;5/7
new_a_machine_start.str	148	60	59	7	24	12tex	0/0;5/6;5/7
new_abr_infinity.str	148	60	44	12	47	41tex	0/0;5/6;5/7
new_abr_infinity_bottom.str	148	60	84	2	5	inf_a.tga	0/0;5/6
new_abr_infinity_cast.str	148	60	59	9	24	17tex	0/0;5/6;5/7
new_abr_infinity_hit.str	148	60	18	3	6	8tex	0/0;5/6;5/7
new_abr_mother_01.str	148	60	59	12	39	38tex	0/0;2/1;5/7
new_abr_mother_01.str	148	60	59	12	39	38tex	0/0;2/1;5/7
new_abr_mother_02.str	148	60	59	12	39	38tex	0/0;2/1;5/7
new_abr_mother_02.str	148	60	59	12	39	38tex	0/0;2/1;5/7
new_abr_mother_cast.str	148	60	59	3	6	30tex	0/0;5/7
new_adoramus.str	148	60	45	3	14	7tex	0/0;5/7
new_adoramus.str	148	60	55	23	148	8tex	0/0;5/7
new_adoramus_bottom.str	148	60	30	2	5	ado_circle_00.bmp	0/0;5/7
new_adoramus_bottom.str	148	60	35	3	10	ado_circle_00.bmp;ado_flare_00.bmp	0/0;5/7
new_aimedbolt_attack_01clock.str	148	60	24	6	17	aim_bolt.bmp;aim_shot.bmp;aim_shot_sonic.bmp	0/0;5/7
new_aimedbolt_attack_01clock.str	148	60	45	18	65	6tex	0/0;5/7
new_aimedbolt_attack_05clock.str	148	60	24	6	17	aim_bolt.bmp;aim_shot.bmp;aim_shot_sonic.bmp	0/0;5/7
new_aimedbolt_attack_05clock.str	148	60	45	18	65	6tex	0/0;5/7
new_aimedbolt_attack_07clock.str	148	60	24	6	17	aim_bolt.bmp;aim_shot.bmp;aim_shot_sonic.bmp	0/0;5/7
new_aimedbolt_attack_07clock.str	148	60	45	18	65	6tex	0/0;5/7
new_aimedbolt_attack_11clock.str	148	60	24	6	17	aim_bolt.bmp;aim_shot.bmp;aim_shot_sonic.bmp	0/0;5/7
new_aimedbolt_attack_11clock.str	148	60	45	18	65	6tex	0/0;5/7
new_aimedbolt_cast_bottom.str	148	60	107	2	143	10tex	0/0;5/7
new_aimedbolt_cast_bottom.str	148	60	107	3	148	11tex	0/0;5/7
new_aimedbolt_end.str	148	60	43	9	60	aim_part_00.bmp;aim_part_03.bmp;aim_part_04.bmp;aim_part_05.bmp;aim_pointer_07.bmp	0/0;5/7
new_aimedbolt_end.str	148	60	120	15	80	9tex	0/0;5/7
new_aimedbolt_target_loop.str	148	60	40	3	22	8tex	0/0;5/7
new_aimedbolt_target_loop.str	148	60	40	3	22	8tex	0/0;5/7
new_armscannon_01.str	148	60	47	5	108	gun_fire_00.tga;gun_fire_a1.tga;gun_fire_b1.tga;gun_fire_c1.tga;gun_fire_d1.tga	0/0;5/7
new_armscannon_01_clock_down.str	148	60	90	26	311	9tex	0/0;5/6;5/7
new_armscannon_01_clock_down.str	148	60	90	26	311	9tex	0/0;5/6;5/7
new_armscannon_01_clock_up.str	148	60	52	11	188	empty_bullet.tga;empty_bullet_2.tga	0/0;5/6
new_armscannon_01_clock_up.str	148	60	52	11	188	empty_bullet.tga;empty_bullet_2.tga	0/0;5/6
new_armscannon_01_down.str	148	60	37	41	256	14tex	0/0;5/6;5/7
new_armscannon_01_down.str	148	60	37	41	256	14tex	0/0;5/6;5/7
new_armscannon_01_down.str	148	60	37	41	256	14tex	0/0;5/6;5/7
new_armscannon_01_up.str	148	60	37	9	152	empty_bullet.tga;empty_bullet_2.tga	0/0;5/6
new_armscannon_01_up.str	148	60	37	9	152	empty_bullet.tga;empty_bullet_2.tga	0/0;5/6
new_armscannon_01_up.str	148	60	37	9	152	empty_bullet.tga;empty_bullet_2.tga	0/0;5/6
new_armscannon_05.str	148	60	47	5	108	gun_fire_00.tga;gun_fire_a1.tga;gun_fire_b1.tga;gun_fire_c1.tga;gun_fire_d1.tga	0/0;5/7
new_armscannon_05_clock_down.str	148	60	48	11	164	empty_bullet.tga;empty_bullet_2.tga	0/0;5/6
new_armscannon_05_clock_down.str	148	60	48	11	164	empty_bullet.tga;empty_bullet_2.tga	0/0;5/6
new_armscannon_05_clock_up.str	148	60	90	26	311	9tex	0/0;5/6;5/7
new_armscannon_05_clock_up.str	148	60	90	26	311	9tex	0/0;5/6;5/7
new_armscannon_05_down.str	148	60	37	9	138	empty_bullet.tga;empty_bullet_2.tga	0/0;5/6
new_armscannon_05_down.str	148	60	37	9	138	empty_bullet.tga;empty_bullet_2.tga	0/0;5/6
new_armscannon_05_down.str	148	60	37	9	138	empty_bullet.tga;empty_bullet_2.tga	0/0;5/6
new_armscannon_05_up.str	148	60	37	41	258	14tex	0/0;5/6;5/7
new_armscannon_05_up.str	148	60	37	41	258	14tex	0/0;5/6;5/7
new_armscannon_05_up.str	148	60	37	41	258	14tex	0/0;5/6;5/7
new_armscannon_07.str	148	60	47	5	108	gun_fire_00.tga;gun_fire_a1.tga;gun_fire_b1.tga;gun_fire_c1.tga;gun_fire_d1.tga	0/0;5/7
new_armscannon_07_clock_down.str	148	60	48	11	168	empty_bullet.tga;empty_bullet_2.tga	0/0;5/6
new_armscannon_07_clock_down.str	148	60	48	11	168	empty_bullet.tga;empty_bullet_2.tga	0/0;5/6
new_armscannon_07_clock_up.str	148	60	90	26	329	9tex	0/0;5/6;5/7
new_armscannon_07_clock_up.str	148	60	90	26	329	9tex	0/0;5/6;5/7
new_armscannon_07_down.str	148	60	37	9	138	empty_bullet.tga;empty_bullet_2.tga	0/0;5/6
new_armscannon_07_down.str	148	60	37	9	138	empty_bullet.tga;empty_bullet_2.tga	0/0;5/6
new_armscannon_07_down.str	148	60	37	9	138	empty_bullet.tga;empty_bullet_2.tga	0/0;5/6
new_armscannon_07_up.str	148	60	37	40	265	14tex	0/0;5/6;5/7
new_armscannon_07_up.str	148	60	37	40	265	14tex	0/0;5/6;5/7
new_armscannon_07_up.str	148	60	37	40	265	14tex	0/0;5/6;5/7
new_armscannon_11.str	148	60	47	5	108	gun_fire_00.tga;gun_fire_a1.tga;gun_fire_b1.tga;gun_fire_c1.tga;gun_fire_d1.tga	0/0;5/7
new_armscannon_11_clock_down.str	148	60	56	27	334	9tex	0/0;5/6;5/7
new_armscannon_11_clock_down.str	148	60	56	27	334	9tex	0/0;5/6;5/7
new_armscannon_11_clock_up.str	148	60	48	11	166	empty_bullet.tga;empty_bullet_2.tga	0/0;5/6
new_armscannon_11_clock_up.str	148	60	48	11	166	empty_bullet.tga;empty_bullet_2.tga	0/0;5/6
new_armscannon_11_down.str	148	60	37	41	272	14tex	0/0;5/6;5/7
new_armscannon_11_down.str	148	60	37	41	272	14tex	0/0;5/6;5/7
new_armscannon_11_down.str	148	60	37	41	272	14tex	0/0;5/6;5/7
new_armscannon_11_up.str	148	60	37	9	136	empty_bullet.tga;empty_bullet_2.tga	0/0;5/6
new_armscannon_11_up.str	148	60	37	9	136	empty_bullet.tga;empty_bullet_2.tga	0/0;5/6
new_armscannon_11_up.str	148	60	37	9	136	empty_bullet.tga;empty_bullet_2.tga	0/0;5/6
new_armscannon_cast.str	148	60	33	5	12	cannon_spark_1.tga;cannon_spark_2.tga;cannon_spark_3.tga;cannon_spark_4.tga;cannon_spark_5.tga	0/0;5/7
new_armscannon_cast.str	148	60	40	15	42	8tex	0/0;5/7
new_armscannon_cast_bottom.str	148	60	40	4	15	cannon_base_line.tga	0/0;5/7
new_armscannon_cast_bottom.str	148	60	55	7	30	cannon_base_line.tga	0/0;5/7
new_armscannon_explosion.str	148	60	50	15	68	26tex	0/0;5/6;5/7
new_armscannon_explosion.str	148	60	50	15	68	26tex	0/0;5/6;5/7
new_armscannon_explosion_bottom.str	148	60	65	9	48	6tex	0/0;5/6;5/7
new_armscannon_explosion_bottom.str	148	60	65	9	48	6tex	0/0;5/6;5/7
new_aromaoil_bottom.str	148	60	85	4	17	aro_bottom_01.bmp	0/0;5/7
new_aromaoil_combine.str	148	60	90	35	108	8tex	0/0;5/7
new_arrowstorm_00.str	148	60	50	9	48	arrow_00.tga;shock_00.tga;shock_01.tga;shock_02.tga	0/0;5/7
new_arrowstorm_00.str	148	60	120	15	84	arrow_00.tga;shock_00.tga;shock_01.tga;shock_02.tga	0/0;5/7
new_arrowstorm_01.str	148	60	23	6	35	arrow_00.tga;particle_00.tga	0/0;5/7
new_arrowstorm_01.str	148	60	120	16	93	8tex	0/0;5/6;5/7
new_autoshadowspell.str	148	60	75	15	72	aut_shine_1.bmp;aut_shine_2.bmp	0/0;5/7
new_autoshadowspell.str	148	60	75	17	82	10tex	0/0;5/6;5/7
new_autoshadowspell_bottom.str	148	60	60	3	10	aut_glow_1.bmp	0/0;5/7
new_autoshadowspell_bottom.str	148	60	60	3	10	aut_glow_1.bmp	0/0;5/7
new_axe_stomp.str	148	60	49	14	53	9tex	0/0;5/6;5/7
new_axe_stomp_01c.str	148	60	84	6	31	sto_axe_01c.tga;sto_axe_01c_01.tga;sto_slash_d_00.bmp;sto_slash_d_01.bmp	0/0;5/6;5/7
new_axe_stomp_03.str	148	60	84	4	29	sto_axe.tga;sto_slash_a_00.bmp;sto_slash_a_01.bmp	0/0;5/6;5/7
new_axe_stomp_05c.str	148	60	84	6	31	sto_axe_08c.tga;sto_axe_08c_01.tga;sto_slash_b_00.bmp;sto_slash_b_01.bmp	0/0;5/6;5/7
new_axe_stomp_06c.str	148	60	84	6	19	6tex	0/0;5/6;5/7
new_axe_stomp_08c.str	148	60	84	6	31	sto_axe_08c.tga;sto_axe_08c_01.tga;sto_slash_b_00.bmp;sto_slash_b_01.bmp	0/0;5/6;5/7
new_axe_stomp_09c.str	148	60	84	4	29	sto_axe.tga;sto_slash_a_00.bmp;sto_slash_a_01.bmp	0/0;5/6;5/7
new_axe_stomp_11c.str	148	60	84	6	31	sto_axe_01c.tga;sto_axe_01c_01.tga;sto_slash_d_00.bmp;sto_slash_d_01.bmp	0/0;5/6;5/7
new_axe_stomp_12c.str	148	60	84	6	27	6tex	0/0;5/6;5/7
new_axe_stomp_bottom.str	148	60	69	7	22	16tex	0/0;5/6;5/7
new_axe_stomp_hit.str	148	60	59	12	36	18tex	0/0;2/1;5/6;5/7
new_axeboomerang.str	148	60	24	2	3	8tex	0/0;5/7
new_axeboomerang.str	148	60	24	3	6	16tex	0/0;5/6;5/7
new_axeboomerang_cast.str	148	60	33	9	28	15tex	0/0;5/7
new_axeboomerang_cast.str	148	60	33	9	28	15tex	0/0;5/7
new_axeboomerang_cast_bottom.str	148	60	20	4	9	axe_glow_bottom_01.bmp;axe_glow_bottom_02.bmp	0/0;5/7
new_axeboomerang_cast_bottom.str	148	60	20	4	9	axe_glow_bottom_01.bmp;axe_glow_bottom_02.bmp	0/0;5/7
new_axeboomerang_hit.str	148	60	24	9	40	6tex	0/0;5/7
new_axeboomerang_hit.str	148	60	24	13	60	10tex	0/0;5/7
new_axetornado.str	148	60	45	6	17	17tex	0/0;5/7
new_axetornado.str	148	60	110	31	968	40tex	0/0;5/7
new_axetornado_bottom.str	148	60	20	3	6	explosion_circle_03.tga	0/0;5/7
new_axetornado_bottom.str	148	60	29	4	15	axetornado_base_1.tga;axetornado_base_2.tga	0/0;5/7
new_banishingpoint_01.str	148	60	15	5	12	attack_fire_1.tga;light_radial_01.tga;light_radial_03.tga;light_radial_04.tga	0/0;5/7
new_banishingpoint_01.str	148	60	65	18	51	9tex	0/0;5/6;5/7
new_banishingpoint_05.str	148	60	15	5	12	attack_fire_1.tga;light_radial_01.tga;light_radial_03.tga;light_radial_04.tga	0/0;5/7
new_banishingpoint_05.str	148	60	65	18	51	9tex	0/0;5/6;5/7
new_banishingpoint_07.str	148	60	15	5	12	attack_fire_1.tga;light_radial_01.tga;light_radial_03.tga;light_radial_04.tga	0/0;5/7
new_banishingpoint_07.str	148	60	65	18	51	9tex	0/0;5/6;5/7
new_banishingpoint_11.str	148	60	15	5	12	attack_fire_1.tga;light_radial_01.tga;light_radial_03.tga;light_radial_04.tga	0/0;5/7
new_banishingpoint_11.str	148	60	65	17	48	9tex	0/0;5/6;5/7
new_banishingpoint_cast.str	148	60	31	13	60	explosion_radial.tga;light_radial_01.tga;light_radial_02.tga;light_radial_03.tga;light_radial_04.tga	0/0;5/7
new_banishingpoint_cast.str	148	60	31	24	101	10tex	0/0;5/6;5/7
new_banishingpoint_cast_bottom.str	148	60	20	3	10	explosion_sonic_base.tga	0/0;5/7
new_banishingpoint_cast_bottom.str	148	60	20	3	10	explosion_sonic_base.tga	0/0;5/7
new_banishingpoint_cast_combine.str	148	60	24	3	10	explosion_sonic_base.tga	0/0;5/7
new_banishingpoint_target.str	148	60	15	3	8	damage_1.tga;targrt_dot_1.tga	0/0;5/7
new_banishingpoint_target.str	148	60	15	7	22	6tex	0/0;5/7
new_banishingpoint_target_bottom.str	148	60	25	2	3	explosion_sonic_base.bmp	0/0;5/7
new_banishingpoint_target_bottom.str	148	60	25	2	3	explosion_sonic_base.tga	0/0;5/7
new_basicattack.str	148	60	100	3	10	base_glow_00.bmp;base_spark_00.bmp	0/0;5/7
new_bathfoam.str	148	60	117	42	231	bat_bubble_01.bmp	0/0;5/7
new_bathfoam_bottom.str	148	60	71	3	14	9tex	0/0;5/7
new_battle_w.str	148	60	49	15	52	33tex	0/0;5/6;5/7
new_battle_w_bottom.str	148	60	80	9	32	7tex	0/0;5/6;5/7
new_battle_w_cast.str	148	60	55	5	12	31tex	0/0;5/6;5/7
new_battle_w_hit.str	148	60	15	16	57	15tex	0/0;5/6;5/7
new_cannon_spear_01_clock.str	148	60	40	16	63	7tex	0/0;5/6;5/7
new_cannon_spear_03_clock.str	148	60	40	16	63	7tex	0/0;5/6;5/7
new_cannon_spear_05_clock.str	148	60	40	16	63	7tex	0/0;5/6;5/7
new_cannon_spear_06_clock.str	148	60	40	16	63	7tex	0/0;5/6;5/7
new_cannon_spear_07_clock.str	148	60	40	16	63	7tex	0/0;5/6;5/7
new_cannon_spear_09_clock.str	148	60	40	16	63	7tex	0/0;5/6;5/7
new_cannon_spear_11_clock.str	148	60	40	16	63	7tex	0/0;5/6;5/7
new_cannon_spear_12_clock.str	148	60	40	16	63	7tex	0/0;5/6;5/7
new_cannon_spear_bottom.str	148	60	30	5	14	7tex	0/0;5/7
new_cannonspear_01.str	148	60	20	3	8	blade_light.bmp;blade_light_line.bmp	0/0;5/7
new_cannonspear_03.str	148	60	20	3	8	blade_light.bmp;blade_light_line.bmp	0/0;5/7
new_cannonspear_05.str	148	60	20	3	8	blade_light.bmp;blade_light_line.bmp	0/0;5/7
new_cannonspear_06.str	148	60	20	3	8	blade_light.bmp;blade_light_line.bmp	0/0;5/7
new_cannonspear_07.str	148	60	20	3	8	blade_light.bmp;blade_light_line.bmp	0/0;5/7
new_cannonspear_09.str	148	60	20	3	8	blade_light.bmp;blade_light_line.bmp	0/0;5/7
new_cannonspear_11.str	148	60	20	3	8	blade_light.bmp;blade_light_line.bmp	0/0;5/7
new_cannonspear_12.str	148	60	20	3	8	blade_light.bmp;blade_light_line.bmp	0/0;5/7
new_cannonspear_bottom.str	148	60	30	3	8	6tex	0/0;5/7
new_cart_cannon.str	148	60	10	3	6	cannon_ball_01.tga;tail_00.tga;tail_01.tga;tail_02.tga;tail_03.tga	0/0;5/6;5/7
new_cart_cannon.str	148	60	10	8	21	12tex	0/0;5/6;5/7
new_cart_cannon_cast.str	148	60	35	2	3	12tex	0/0;5/7
new_cart_cannon_cast.str	148	60	35	2	3	12tex	0/0;5/7
new_cart_cannon_cast_bottom.str	148	60	35	2	3	12tex	0/0;5/7
new_cart_cannon_cast_bottom.str	148	60	35	2	3	12tex	0/0;5/7
new_cart_cannon_explosion.str	148	60	50	15	68	26tex	0/0;5/6;5/7
new_cart_cannon_explosion.str	148	60	50	15	68	26tex	0/0;5/6;5/7
new_cart_cannon_explosion_bottom.str	148	60	65	9	48	6tex	0/0;5/6;5/7
new_cart_cannon_explosion_bottom.str	148	60	65	9	48	6tex	0/0;5/6;5/7
new_cart_cannon_fire.str	148	60	15	6	15	exp_dot.tga;firework_01.tga;firework_02.tga	0/0;5/7
new_cart_cannon_fire.str	148	60	15	6	15	exp_dot.tga;firework_01.tga;firework_02.tga	0/0;5/7
new_cart_cannon_fire_bottom.str	148	60	10	4	9	cannon_fire.tga;cannon_fire_02.tga;cannon_fire_base.tga	0/0;5/7
new_cart_cannon_fire_bottom.str	148	60	10	4	9	cannon_fire.tga;cannon_fire_02.tga;cannon_fire_base.tga	0/0;5/7
new_cart_tornado.str	148	60	60	49	194	40tex	0/0;5/7
new_cart_tornado.str	148	60	60	49	194	40tex	0/0;5/7
new_cart_tornado_bottom.str	148	60	37	7	36	explosion_circle_01.tga;explosion_circle_02.tga;explosion_circle_03.tga	0/0;5/7
new_cart_tornado_bottom.str	148	60	37	7	36	explosion_circle_01.tga;explosion_circle_02.tga;explosion_circle_03.tga	0/0;5/7
new_cartboost.str	148	60	61	22	99	car_cart_1.bmp;car_neon_1.bmp;car_point_1.bmp	0/0;5/7
new_cartboost.str	148	60	61	24	109	car_cart_1.bmp;car_glow_1.bmp;car_neon_1.bmp;car_point_1.bmp	0/0;5/7
new_cartboost_bottom.str	148	60	50	2	7	car_glow_1.bmp	0/0;5/7
new_cartboost_bottom.str	148	60	50	7	26	car_circle_1.bmp;car_glow_1.bmp;car_glow_2.bmp	0/0;5/7
new_cartcannon_cast_bottom.str	148	60	10	3	6	cannon_fire_02.tga;cannon_fire_base.tga	0/0;5/7
new_carttornado.str	148	60	45	16	57	21tex	0/0;5/7
new_carttornado_bottom.str	148	60	22	4	21	explosion_circle_01.tga	0/0;5/7
new_chainlightning_cast.str	148	60	31	14	39	6tex	0/0;5/7
new_chainlightning_cast.str	148	60	80	27	78	8tex	0/0;5/7
new_chainlightning_cast_bottom.str	148	60	34	8	21	chain_glowwave.bmp;chain_spark_2.bmp;chain_spark_4.bmp;chain_spark_6.bmp;chain_spark_7.bmp	0/0;5/7
new_chainlightning_cast_bottom.str	148	60	80	10	27	12tex	0/0;5/7
new_chainlightning_lockon.str	148	60	61	4	15	19tex	0/0;5/7
new_chainlightning_lockon.str	148	60	80	7	26	22tex	0/0;5/7
new_chainlightning_target.str	148	60	37	9	44	10tex	0/0;5/7
new_chainlightning_target.str	148	60	80	15	80	13tex	0/0;5/7
new_chargingpierce_cast.str	148	60	50	18	85	cha_flare_01.bmp;cha_glow_01.tga;cha_particle_01.bmp	0/0;5/6;5/7
new_chargingpierce_cast_bottom.str	148	60	25	4	15	cha_circle_02.bmp;cha_circle_02.tga	0/0;5/6;5/7
new_chargingpierce_hit.str	148	60	20	8	39	12tex	0/0;5/6;5/7
new_chargingpierce_orb.str	148	60	9	4	15	cha_glow.bmp;cha_orb.tga	0/0;5/6;5/7
new_clearence.str	148	60	45	2	5	8tex	0/0;5/7
new_clearence.str	148	60	100	7	80	9tex	0/0;5/7
new_clearence_bottom.str	148	60	50	2	7	cle_circle_00.bmp	0/0;5/7
new_clearence_bottom.str	148	60	50	6	39	cle_circle_00.bmp;cle_particle_01.bmp	0/0;5/7
new_clearence_cast.str	148	60	65	7	30	cle_particle_00.bmp;cle_particle_01.bmp	0/0;5/7
new_clearence_cast.str	148	60	65	7	30	cle_particle_01.bmp	0/0;5/7
new_comet.str	148	60	40	4	15	com_bomb_1.bmp;com_glow_6.bmp;com_meteo_1.bmp	0/0;5/7
new_comet.str	148	60	71	15	70	com_bomb_1.bmp;com_circle_3.bmp;com_glow_6.bmp;com_meteo_1.bmp;com_particle_3.bmp	0/0;5/7
new_comet_bottom.str	148	60	92	4	17	com_circlewave_1.bmp;com_crack_1.tga	0/0;5/6;5/7
new_comet_bottom.str	148	60	92	5	22	com_circlewave_1.bmp;com_crack_1.tga;com_glow_4.bmp	0/0;5/6;5/7
new_comet_cast.str	148	60	47	2	3	12tex	0/0;5/7
new_comet_cast.str	148	60	47	2	3	12tex	0/0;5/7
new_comet_cast_bottom.str	148	60	47	2	3	12tex	0/0;5/7
new_comet_cast_bottom.str	148	60	47	4	13	14tex	0/0;5/7
new_comet_cast_magicrune.str	148	60	53	2	3	com_magic_rune.tga	0/0;5/6
new_comet_sub_explosion.str	148	60	14	3	8	com_exp_point.bmp;com_glow_2.bmp	0/0;5/7
new_comet_sub_explosion.str	148	60	34	11	48	com_exp_point.bmp;com_glow_2.bmp;com_particle_1.bmp;com_particle_2.bmp	0/0;5/7
new_comet_sub_explosion_bottom.str	148	60	20	3	10	com_circlewave_1.bmp	0/0;5/7
new_comet_sub_explosion_bottom.str	148	60	20	4	17	com_circlewave_1.bmp;com_glow_3.bmp	0/0;5/7
new_counter_slash.str	148	60	25	11	72	11tex	0/0;5/7
new_counter_slash.str	148	60	25	11	72	11tex	0/0;5/7
new_counter_slash_bottom.str	148	60	17	4	15	cou_bottom_01.bmp;cou_bottom_02.bmp;cou_bottom_glow_01.bmp	0/0;5/7
new_counter_slash_bottom.str	148	60	17	4	15	cou_bottom_01.bmp;cou_bottom_02.bmp;cou_bottom_glow_01.bmp	0/0;5/7
new_crimsonrock.str	148	60	56	6	19	24tex	0/0;5/7
new_crimsonrock.str	148	60	56	27	88	27tex	0/0;5/7
new_crimsonrock_bottom.str	148	60	101	7	26	crm_exp_grd_point.bmp;crm_exp_ground.tga;crm_exp_smoke_00.tga	0/0;5/6;5/7
new_crimsonrock_bottom.str	148	60	101	8	31	crm_exp_grd_circle_01.bmp;crm_exp_grd_point.bmp;crm_exp_ground.tga;crm_exp_smoke_00.tga	0/0;5/6;5/7
new_crimsonrock_fire_sub_explosion.str	148	60	48	25	78	25tex	0/0;5/7
new_crimsonrock_fire_sub_explosion.str	148	60	48	25	78	25tex	0/0;5/7
new_crimsonrock_sub_explosion.str	148	60	48	5	12	23tex	0/0;5/7
new_crimsonrock_sub_explosion.str	148	60	48	25	78	25tex	0/0;5/7
new_criticalattack.str	148	60	100	12	55	6tex	0/0;5/7
new_crossimpact.str	148	60	46	4	25	cro_glow_01.bmp;cro_particle_00.bmp	0/0;5/7
new_crossimpact.str	148	60	100	7	46	cro_circle_00.bmp;cro_glow_00.bmp;cro_glow_01.bmp;cro_particle_00.bmp	0/0;5/7
new_crossimpact_target.str	148	60	29	6	29	6tex	0/0;5/6;5/7
new_crossimpact_target.str	148	60	35	7	36	7tex	0/0;5/6;5/7
new_crossripperslasher.str	148	60	20	5	20	crm_exp_light.bmp;dmg_02.bmp;dmg_line.bmp	0/0;5/7
new_crossripperslasher.str	148	60	20	6	23	crm_exp_light.bmp;dmg_01.bmp;dmg_02.bmp;dmg_line.bmp	0/0;5/7
new_crossripperslasher_01.str	148	60	57	9	102	24tex	0/0;5/7
new_crossripperslasher_03.str	148	60	57	9	102	24tex	0/0;5/7
new_crossripperslasher_05.str	148	60	57	9	102	24tex	0/0;5/7
new_crossripperslasher_06.str	148	60	57	9	102	24tex	0/0;5/7
new_crossripperslasher_07.str	148	60	57	9	102	24tex	0/0;5/7
new_crossripperslasher_09.str	148	60	57	9	102	24tex	0/0;5/7
new_crossripperslasher_11.str	148	60	57	9	102	24tex	0/0;5/7
new_crossripperslasher_12.str	148	60	57	9	102	24tex	0/0;5/7
new_crossripperslasher_clock_00.str	148	60	57	14	117	28tex	0/0;5/7
new_crossripperslasher_clock_00.str	148	60	57	14	117	28tex	0/0;5/7
new_crossripperslasher_clock_01.str	148	60	57	14	117	28tex	0/0;5/7
new_crossripperslasher_clock_01.str	148	60	57	14	117	28tex	0/0;5/7
new_crossripperslasher_clock_03.str	148	60	57	14	117	28tex	0/0;5/7
new_crossripperslasher_clock_03.str	148	60	57	14	117	28tex	0/0;5/7
new_crossripperslasher_clock_05.str	148	60	57	14	117	28tex	0/0;5/7
new_crossripperslasher_clock_05.str	148	60	57	14	117	28tex	0/0;5/7
new_crossripperslasher_clock_06.str	148	60	57	14	117	28tex	0/0;5/7
new_crossripperslasher_clock_06.str	148	60	57	14	117	28tex	0/0;5/7
new_crossripperslasher_clock_07.str	148	60	57	14	117	28tex	0/0;5/7
new_crossripperslasher_clock_07.str	148	60	57	14	117	28tex	0/0;5/7
new_crossripperslasher_clock_09.str	148	60	57	14	117	28tex	0/0;5/7
new_crossripperslasher_clock_09.str	148	60	57	14	117	28tex	0/0;5/7
new_crossripperslasher_clock_11.str	148	60	57	14	117	28tex	0/0;5/7
new_crossripperslasher_clock_11.str	148	60	57	14	117	28tex	0/0;5/7
new_d_cannon.str	148	60	62	23	86	36tex	0/0;5/6;5/7
new_d_cannon_cast.str	148	60	59	5	12	32tex	0/0;5/6;5/7
new_d_cannon_hit.str	148	60	44	9	24	26tex	0/0;5/7
new_d_machine.str	148	60	59	2	3	15tex	0/0;5/7
new_d_machine_cast.str	148	60	59	5	12	cast_triangle.bmp	0/0;5/7
new_d_machine_cast_bottom.str	148	60	59	3	6	16tex	0/0;5/7
new_d_machine_end.str	148	60	56	2	3	15tex	0/0;5/7
new_d_machine_start.str	148	60	56	2	3	15tex	0/0;5/7
new_diamonddust.str	148	60	79	11	68	dia_dust_explosion_2.tga;dia_dust_shot.tga;dia_explosion_01.tga	0/0;5/7
new_diamonddust.str	148	60	92	27	232	9tex	0/0;5/7
new_diamonddust_bottom.str	148	60	96	7	34	dia_target_grd_effect.tga	0/0;5/6
new_diamonddust_bottom.str	148	60	99	9	42	dia_explosion_smoke.tga;dia_target_grd_effect.tga	0/0;5/6
new_diamonddust_cast.str	148	60	40	2	5	10tex	0/0;5/7
new_diamonddust_cast.str	148	60	40	2	5	10tex	0/0;5/7
new_dilectioheal.str	148	60	60	21	120	22tex	0/0;5/6;5/7
new_dilectioheal_cast.str	148	60	90	2	5	15tex	0/0;5/7
new_dilectioheal_cast_bottom.str	148	60	90	2	3	15tex	0/0;5/7
new_dilectioheal_target.str	148	60	80	12	69	dil_flare_1.bmp;dil_flare_2.bmp;dil_glitter_1.bmp;dil_shine_00.bmp;dil_shine_01.bmp	0/0;5/7
new_dilectioheal_target_bottom.str	148	60	80	4	21	dil_circle_1.bmp	0/0;5/7
new_dragonbreath_01_clock.str	148	60	100	4	21	7tex	0/0;5/6;5/7
new_dragonbreath_01_clock.str	148	60	100	4	21	7tex	0/0;5/6;5/7
new_dragonbreath_05_clock.str	148	60	100	4	21	7tex	0/0;5/6;5/7
new_dragonbreath_05_clock.str	148	60	100	4	21	7tex	0/0;5/6;5/7
new_dragonbreath_07_clock.str	148	60	100	4	21	7tex	0/0;5/6;5/7
new_dragonbreath_07_clock.str	148	60	100	4	21	7tex	0/0;5/6;5/7
new_dragonbreath_11_clock.str	148	60	100	4	21	7tex	0/0;5/6;5/7
new_dragonbreath_11_clock.str	148	60	100	4	21	7tex	0/0;5/6;5/7
new_dragonbreath_bomb.str	148	60	100	8	35	6tex	0/0;5/6;5/7
new_dragonbreath_bomb.str	148	60	100	8	35	6tex	0/0;5/6;5/7
new_dragonbreath_bomb_bottom.str	148	60	100	2	7	burn_ground.tga	0/0;5/6
new_dragonbreath_bomb_bottom.str	148	60	100	2	7	burn_ground.tga	0/0;5/6
new_dragonbreath_fire_01.str	148	60	50	2	7	7tex	0/0;5/6
new_dragonbreath_fire_05.str	148	60	50	2	7	7tex	0/0;5/6
new_dragonbreath_fire_07.str	148	60	50	2	7	7tex	0/0;5/6
new_dragonbreath_fire_11.str	148	60	50	2	7	7tex	0/0;5/6
new_dragonbreath_fire_bomb.str	148	60	35	2	7	target_fire_00.tga;target_fire_01.tga;target_fire_02.tga;target_fire_03.tga	0/0;5/7
new_dragonbreath_water_01.str	148	60	50	2	7	7tex	0/0;5/6
new_dragonbreath_water_01_clock.str	148	60	100	4	21	7tex	0/0;5/6;5/7
new_dragonbreath_water_01_clock.str	148	60	100	4	21	7tex	0/0;5/6;5/7
new_dragonbreath_water_05.str	148	60	50	2	7	7tex	0/0;5/6
new_dragonbreath_water_05_clock.str	148	60	100	4	21	7tex	0/0;5/6;5/7
new_dragonbreath_water_05_clock.str	148	60	100	4	21	7tex	0/0;5/6;5/7
new_dragonbreath_water_07.str	148	60	50	2	7	7tex	0/0;5/6
new_dragonbreath_water_07_clock.str	148	60	100	4	21	7tex	0/0;5/6;5/7
new_dragonbreath_water_07_clock.str	148	60	100	4	21	7tex	0/0;5/6;5/7
new_dragonbreath_water_11.str	148	60	50	2	7	7tex	0/0;5/6
new_dragonbreath_water_11_clock.str	148	60	100	4	21	7tex	0/0;5/6;5/7
new_dragonbreath_water_11_clock.str	148	60	100	4	21	7tex	0/0;5/6;5/7
new_dragonbreath_water_bomb.str	148	60	35	2	7	target_water_00.tga;target_water_01.tga;target_water_02.tga;target_water_03.tga	0/0;5/6
new_dragonbreath_water_bomb.str	148	60	100	8	35	6tex	0/0;5/6;5/7
new_dragonbreath_water_bomb_bottom.str	148	60	100	2	7	water_burn_ground.tga	0/0;5/6
new_dragonbreath_water_bomb_bottom.str	148	60	100	2	7	water_burn_ground.tga	0/0;5/6
new_earthdrive.str	148	60	90	22	203	20tex	0/0;5/6;5/7
new_earthdrive.str	148	60	90	38	277	37tex	0/0;5/6;5/7
new_earthdrive_bottom.str	148	60	129	3	12	ear_crater.tga;ear_crater_00.bmp	0/0;5/6;5/7
new_earthdrive_bottom.str	148	60	129	4	15	ear_crater.tga;ear_crater_00.bmp;ear_crater_light.bmp	0/0;5/6;5/7
new_earthdrive_target.str	148	60	17	4	15	earthdrive_flare_03_1.bmp;earthdrive_hit_01_1.bmp	0/0;5/7
new_earthdrive_target.str	148	60	17	10	41	6tex	0/0;5/7
new_earthgrave.str	148	60	48	5	24	8tex	0/0;5/7
new_earthgrave.str	148	60	48	9	36	16tex	0/0;5/7
new_earthgrave_bottom.str	148	60	48	3	10	ear_dust_smoke_1.bmp	0/0;5/7
new_earthgrave_bottom.str	148	60	48	6	27	10tex	0/0;5/7
new_earthgrave_hit.str	148	60	39	5	16	7tex	0/0;5/7
new_earthgrave_hit.str	148	60	39	8	25	15tex	0/0;5/7
new_enchanting_shadow.str	148	60	105	15	50	22tex	0/0;3/6;5/6;5/7
new_enchanting_shadow_bottom.str	148	60	90	6	19	11tex	0/0;5/6
new_epiclesis_combine.str	148	60	100	17	102	epi_glow_01.bmp;epi_leaf_01.bmp;epi_leaf_03.tga;epi_smk_01.tga;epi_tree_01.bmp	0/0;5/6;5/7
new_epiclesis_combine.str	148	60	100	18	107	6tex	0/0;5/6;5/7
new_epiclesis_combine.str	148	60	100	18	107	6tex	0/0;5/6;5/7
new_failed.str	148	60	146	11	62	suc_smoke_1.tga;ui_fail_last.tga	0/0;5/6
new_fallenempire.str	148	60	35	6	19	8tex	0/0;5/7
new_fallenempire.str	148	60	50	9	38	18tex	0/0;5/7
new_fallenempire_bottom.str	148	60	30	4	9	fal_circle_2.bmp;fal_glow_1.bmp	0/0;5/7
new_fallenempire_bottom.str	148	60	30	4	9	fal_circle_2.bmp;fal_glow_1.bmp	0/0;5/7
new_fallenempire_hit.str	148	60	13	3	8	13tex	0/0;5/7
new_fallenempire_hit.str	148	60	13	5	14	15tex	0/0;5/5;5/7
new_fatal_menace.str	148	60	60	10	33	10tex	0/0;5/6;5/7
new_fatal_menace_bottom.str	148	60	20	5	14	bot_electric_circle_01.tga;bot_electric_circle_02.tga;bot_electric_circle_03.tga;bot_explosion_sonic.tga;bot_warp_light_base.tga	0/0;5/6;5/7
new_fatal_menace_cast.str	148	60	60	12	61	7tex	0/0;5/6;5/7
new_fatal_menace_cast_bottom.str	148	60	21	5	20	cast_explosion_circle.tga;cast_explosion_sonic.tga	0/0;5/7
new_fearbreeze.str	148	60	22	2	5	12tex	0/0;5/7
new_fearbreeze.str	148	60	30	5	20	13tex	0/0;5/7
new_fireplace.str	148	60	39	2	3	10tex	0/0;5/7
new_fuumakouchiku.str	148	60	110	31	190	26tex	0/0;5/6;5/7
new_gateofhell_cast.str	148	60	60	7	30	gat_circle_00.bmp;gat_particle_01.bmp	0/0;5/7
new_gateofhell_cast.str	148	60	60	7	30	gat_circle_00.bmp;gat_particle_01.bmp	0/0;5/7
new_gateofhell_target.str	148	60	90	28	153	gat_circle_00.bmp;gat_fist_00.bmp;gat_particle_01.bmp	0/0;5/7
new_gateofhell_target.str	148	60	100	37	198	gat_circle_00.bmp;gat_fist_00.bmp;gat_particle_01.bmp;gat_shockwave_00.bmp	0/0;5/7
new_glitter.str	148	60	43	2	3	12tex	0/0;5/7
new_hellinferno.str	148	60	60	5	24	23tex	0/0;5/7
new_hellinferno.str	148	60	60	6	21	21tex	0/0;5/6;5/7
new_hellinferno_bottom.str	148	60	62	2	5	hel_crack_1.bmp	0/0;5/7
new_hellinferno_bottom.str	148	60	62	3	10	hel_crack_1.bmp;hell_glow_1.bmp	0/0;5/7
new_hellinferno_cast_bottom.str	148	60	59	2	3	15tex	0/0;5/7
new_hellinferno_cast_bottom.str	148	60	59	2	3	15tex	0/0;5/7
new_hellinferno_sub.str	148	60	20	2	5	hel_shine_1.bmp	0/0;5/7
new_hellinferno_sub.str	148	60	20	2	5	hel_shine_1.bmp	0/0;5/7
new_hellinferno_sub_bottom.str	148	60	35	3	10	hell_circle_1.bmp	0/0;5/7
new_hellinferno_sub_bottom.str	148	60	35	4	15	hell_circle_1.bmp;hell_glow_1.bmp	0/0;5/7
new_howlingoflion.str	148	60	50	6	21	16tex	0/0;5/7
new_howlingoflion.str	148	60	50	9	36	27tex	0/0;5/7
new_howlingoflion_bottom.str	148	60	50	4	15	how_glow_1.bmp;how_shine_1.bmp;how_smoke_1_1.bmp	0/0;5/7
new_howlingoflion_bottom.str	148	60	50	5	20	how_glow_1.bmp;how_shine_1.bmp;how_smoke_1_1.bmp	0/0;5/7
new_howlingoflion_cast.str	148	60	60	3	8	10tex	0/0;5/7
new_howlingoflion_cast.str	148	60	60	5	16	10tex	0/0;5/7
new_howlingoflion_cast_bottom.str	148	60	60	2	7	8tex	0/0;5/7
new_howlingoflion_cast_bottom.str	148	60	60	2	7	8tex	0/0;5/7
new_howlingoflion_hit.str	148	60	45	2	5	10tex	0/0;5/7
new_howlingoflion_hit.str	148	60	45	2	5	10tex	0/0;5/7
new_ignitionbreak.str	148	60	100	6	26	12tex	0/0;2/1;5/6;5/7
new_ignitionbreak.str	148	60	100	8	36	17tex	0/0;2/1;5/6;5/7
new_ignitionbreak_bottom.str	148	60	100	4	14	ign_glow_1.bmp;ign_glow_3.bmp	0/0;2/1;5/7
new_ignitionbreak_bottom.str	148	60	100	8	34	ign_circle_1.bmp;ign_circle_2.bmp;ign_glow_1.bmp;ign_glow_3.bmp	0/0;2/1;5/7
new_ignitionbreak_cast.str	148	60	59	6	25	ign_glitter_1.bmp;ign_glow_1.tga;ign_shine_1.bmp	0/0;5/6;5/7
new_ignitionbreak_cast.str	148	60	59	6	25	ign_glitter_1.bmp;ign_glow_1.tga;ign_shine_1.bmp	0/0;5/6;5/7
new_intro.str	148	60	167	4	15	29tex	0/0;5/7
new_jackfrost_00.str	148	60	45	22	133	7tex	0/0;5/6;5/7
new_jackfrost_00.str	148	60	50	13	100	jack_ice_00.tga;jack_ice_01.tga;jack_ice_02.tga;jack_ice_bot_00.bmp;jack_ice_bot_00.tga	0/0;5/6;5/7
new_jackfrost_01.str	148	60	50	9	64	jack_ice_00.tga;jack_ice_01.tga;jack_ice_02.tga;jack_ice_bot_00.bmp;jack_ice_bot_00.tga	0/0;5/6;5/7
new_jackfrost_01.str	148	60	50	19	100	7tex	0/0;5/6;5/7
new_jackfrost_02.str	148	60	50	11	82	jack_ice_00.tga;jack_ice_01.tga;jack_ice_02.tga;jack_ice_bot_00.bmp;jack_ice_bot_00.tga	0/0;5/6;5/7
new_jackfrost_02.str	148	60	50	22	123	7tex	0/0;5/6;5/7
new_jackfrost_cast.str	148	60	70	15	70	jack_ice_particle.bmp;jack_smoke_00.bmp;jack_snowflake_00.bmp	0/0;5/7
new_jackfrost_cast.str	148	60	70	15	70	jack_ice_particle.bmp;jack_smoke_01.bmp;jack_snowflake_00.bmp	0/0;5/7
new_jackfrost_frost.str	148	60	72	8	35	jack_smoke_00.bmp;jack_snowflake_00.bmp	0/0;5/7
new_jackfrost_frost.str	148	60	72	8	35	jack_smoke_00.bmp;jack_snowflake_00.bmp	0/0;5/7
new_judex_cast.str	148	60	40	4	15	arch_bishop_cast_pointer_01.bmp;arch_bishop_cast_pointer_02.bmp;arch_bishop_cast_pointer_03.bmp	0/0;5/7
new_judex_cast.str	148	60	40	8	31	arch_bishop_cast_pointer_01.bmp;arch_bishop_cast_pointer_02.bmp;arch_bishop_cast_pointer_03.bmp;arch_bishop_light_dot_01.bmp;arch_bishop_light_dot_03.bmp	0/0;5/7
new_judex_cast_bottom.str	148	60	17	2	5	arch_bishop_light_circle_ground.bmp	0/0;5/7
new_judex_cast_bottom.str	148	60	18	3	10	arch_bishop_light_circle_ground.bmp;arch_bishop_light_dot_03.bmp	0/0;5/7
new_judex_cast_loop.str	148	60	60	2	5	arch_bishop_light_01.bmp	0/0;5/7
new_judex_cast_loop.str	148	60	60	12	45	6tex	0/0;5/7
new_judex_cast_loop_bottom.str	148	60	60	2	5	10tex	0/0;5/7
new_judex_cast_loop_bottom.str	148	60	60	3	10	11tex	0/0;5/7
new_judex_light.str	148	60	35	2	5	arch_light_pillar.bmp	0/0;5/7
new_judex_light.str	148	60	35	4	11	arch_light_dot_01.bmp;arch_light_dot_02.bmp;arch_light_pillar.bmp	0/0;5/7
new_judex_light_bottom.str	148	60	20	2	3	arch_grd_light.bmp	0/0;5/7
new_judex_light_bottom.str	148	60	20	3	6	arch_grd_light.bmp;arch_grd_pointer.bmp	0/0;5/7
new_judex_target.str	148	60	40	2	3	arch_bishop_light_up.bmp	0/0;5/7
new_judex_target.str	148	60	60	21	362	8tex	0/0;5/7
new_judex_target_bottom.str	148	60	40	3	10	10tex	0/0;5/7
new_judex_target_bottom.str	148	60	40	4	13	11tex	0/0;5/7
new_kagegissen.str	148	60	20	3	6	15tex	0/0;5/6;5/7
new_kagegissen_bottom.str	148	60	24	4	9	22tex	0/0;5/6;5/7
new_kagegissen_hit.str	148	60	15	14	53	20tex	0/0;5/6;5/7
new_kagegissen_moon_bottom.str	148	60	55	21	86	15tex	0/0;5/6;5/7
new_mandragora.str	148	60	55	8	35	13tex	0/0;5/7
new_mandragora.str	148	60	55	10	45	23tex	0/0;5/7
new_mandragora_bottom.str	148	60	34	5	28	ma_circle_3.bmp;ma_smoke_00.bmp;ma_smoke_01.bmp;ma_smoke_02.bmp	0/0;5/7
new_mandragora_bottom.str	148	60	40	8	43	6tex	0/0;5/7
new_mandragora_cast.str	148	60	50	2	3	16tex	0/0;5/7
new_mandragora_cast.str	148	60	50	2	3	18tex	0/0;5/7
new_metalicsound.str	148	60	50	4	15	met_neon_1.bmp	0/0;5/7
new_metalicsound.str	148	60	50	4	15	met_neon_1.bmp	0/0;5/7
new_metalicsound_bottom.str	148	60	54	4	41	10tex	0/0;5/6;5/7
new_metalicsound_bottom.str	148	60	60	8	63	12tex	0/0;5/6;5/7
new_metalicsound_hit.str	148	60	35	8	31	met_circle_1.bmp;met_particle_1.tga;met_particle_2.tga;met_particle_3.tga	0/0;5/6;5/7
new_metalicsound_hit.str	148	60	35	10	37	6tex	0/0;5/6;5/7
new_meteostorm.str	148	60	90	3	18	30tex	0/0;2/6;5/2;5/6
new_meteostorm_bottom.str	148	60	90	4	23	32tex	0/0;5/2;5/6
new_overbrand_01_clock.str	148	60	39	5	18	16tex	0/0;5/7
new_overbrand_01_clock.str	148	60	39	14	53	27tex	0/0;5/7
new_overbrand_03_clock.str	148	60	60	5	19	16tex	0/0;2/1;5/7
new_overbrand_03_clock.str	148	60	60	14	56	27tex	0/0;2/1;5/7
new_overbrand_05_clock.str	148	60	60	5	19	16tex	0/0;2/1;5/7
new_overbrand_05_clock.str	148	60	60	14	54	27tex	0/0;2/1;5/7
new_overbrand_06_clock.str	148	60	60	5	19	16tex	0/0;2/1;5/7
new_overbrand_06_clock.str	148	60	60	14	54	27tex	0/0;2/1;5/7
new_overbrand_07_clock.str	148	60	60	5	19	16tex	0/0;2/1;5/7
new_overbrand_07_clock.str	148	60	60	14	54	27tex	0/0;2/1;5/7
new_overbrand_09_clock.str	148	60	60	5	19	16tex	0/0;2/1;5/7
new_overbrand_09_clock.str	148	60	60	14	56	27tex	0/0;2/1;5/7
new_overbrand_11_clock.str	148	60	60	5	19	16tex	0/0;2/1;5/7
new_overbrand_11_clock.str	148	60	60	14	54	27tex	0/0;2/1;5/7
new_overbrand_12_clock.str	148	60	60	5	19	16tex	0/0;2/1;5/7
new_overbrand_12_clock.str	148	60	60	14	54	27tex	0/0;2/1;5/7
new_overbrand_cast.str	148	60	30	3	6	over_cast_00.bmp;over_cast_01.bmp;over_cast_02.bmp;over_cast_03.bmp	0/0;5/7
new_overbrand_cast.str	148	60	30	3	6	over_cast_00.bmp;over_cast_01.bmp;over_cast_02.bmp;over_cast_03.bmp	0/0;5/7
new_overbrand_cast_bottom.str	148	60	62	2	7	8tex	0/0;5/7
new_overbrand_cast_bottom.str	148	60	62	2	7	8tex	0/0;5/7
new_overbrand_hit.str	148	60	17	7	26	11tex	0/0;5/7
new_overbrand_hit.str	148	60	60	9	37	12tex	0/0;2/1;5/7
new_peintbomb.str	148	60	20	4	13	pnt_ex_01.bmp;pnt_light_01.bmp;pnt_light_02.bmp	0/0;5/7
new_peintbomb.str	148	60	20	5	16	pnt_ex_01.bmp;pnt_light_01.bmp;pnt_light_02.bmp;pnt_particle_01.bmp	0/0;5/7
new_peintbomb_bottom.str	148	60	30	3	10	pnt_circle_01.bmp;pnt_ex_base.bmp	0/0;5/7
new_peintbomb_bottom.str	148	60	30	3	10	pnt_circle_01.bmp;pnt_ex_base.bmp	0/0;5/7
new_pneumaticusprocella.str	148	60	45	9	42	15tex	0/0;5/6;5/7
new_pneumaticusprocella_cast.str	148	60	60	3	8	16tex	0/0;5/6;5/7
new_pneumaticusprocella_target.str	148	60	60	5	16	pne_circle_1.bmp;pne_circle_2.bmp;pne_circle_2.tga	0/0;5/6;5/7
new_poisonsmoke_1.str	148	60	60	2	5	poi_anerge_1.tga	0/0;5/6
new_poisonsmoke_1.str	148	60	60	2	5	poi_anerge_1.tga	0/0;5/6
new_poisonsmoke_2.str	148	60	60	2	5	poi_anerge_1.tga	0/0;5/6
new_poisonsmoke_2.str	148	60	60	2	5	poi_anerge_1.tga	0/0;5/6
new_potent_venom.str	148	60	71	12	53	30tex	0/0;5/6;5/7
new_powerswing_01_clock.str	148	60	59	4	29	9tex	0/0;5/7
new_powerswing_05_clock.str	148	60	59	4	29	9tex	0/0;5/7
new_powerswing_07_clock.str	148	60	59	4	29	9tex	0/0;5/7
new_powerswing_11_clock.str	148	60	59	4	29	9tex	0/0;5/7
new_powerswing_bottom.str	148	60	59	4	23	pow__circle.bmp;pow_crack.bmp;pow_crack_alpha.tga	0/0;5/6;5/7
new_powerswing_bottom.str	148	60	59	11	46	11tex	0/0;5/6;5/7
new_powerwing_01_clock.str	148	60	59	8	45	13tex	0/0;5/7
new_powerwing_01_clock.str	148	60	59	8	45	13tex	0/0;5/7
new_powerwing_05_clock.str	148	60	59	8	45	13tex	0/0;5/7
new_powerwing_05_clock.str	148	60	59	8	45	13tex	0/0;5/7
new_powerwing_07_clock.str	148	60	59	8	45	13tex	0/0;5/7
new_powerwing_07_clock.str	148	60	59	8	45	13tex	0/0;5/7
new_powerwing_11_clock.str	148	60	59	8	45	13tex	0/0;5/7
new_powerwing_11_clock.str	148	60	59	8	45	13tex	0/0;5/7
new_pramen.str	148	60	35	15	64	14tex	0/0;5/6;5/7
new_pramen_bottom.str	148	60	60	7	30	17tex	0/0;5/6;5/7
new_pramen_cast.str	148	60	120	6	27	pra_magic_1.bmp;pra_magic_1.tga;pra_magic_2.bmp	0/0;5/6;5/7
new_psychicwave.str	148	60	50	5	14	9tex	0/0;5/6;5/7
new_psychicwave.str	148	60	50	31	126	15tex	0/0;5/6;5/7
new_psychicwave_bottom.str	148	60	20	2	5	circle_focus.tga	0/0;5/7
new_psychicwave_bottom.str	148	60	40	4	13	8tex	0/0;5/7
new_psychicwave_cast.str	148	60	140	3	8	11tex	0/0;5/7
new_psychicwave_cast.str	148	60	140	4	63	15tex	0/0;5/7
new_raidenpou.str	148	60	89	32	547	23tex	0/0;5/7
new_raidenpou_bottom.str	148	60	90	15	100	8tex	0/0;5/6;5/7
new_raidenpou_cast.str	148	60	39	6	27	27tex	0/0;5/7
new_raidenpou_hit.str	148	60	47	5	28	25tex	0/0;1/6;5/7
new_rampageblaster.str	148	60	25	2	5	exp_00.tga	0/0;5/7
new_rampageblaster.str	148	60	25	2	5	exp_00.tga	0/0;5/7
new_rampageblaster_bottom.str	148	60	30	3	10	ring_00.tga;ring_01.tga	0/0;5/7
new_rampageblaster_bottom.str	148	60	30	3	10	ring_00.tga;ring_01.tga	0/0;5/7
new_rampageblaster_exp.str	148	60	25	2	5	exp_00.tga	0/0;5/7
new_rayofgenesis.str	148	60	45	19	86	ray_shine_1.bmp;ray_shine_2.bmp;ray_shine_4.bmp;ray_shine_5.bmp	0/0;5/7
new_rayofgenesis.str	148	60	45	19	86	ray_shine_1.bmp;ray_shine_2.bmp;ray_shine_4.bmp;ray_shine_5.bmp	0/0;5/7
new_rayofgenesis_cast.str	148	60	120	3	10	ray_flare_1.bmp;ray_flare_2.bmp	0/0;5/7
new_rayofgenesis_cast.str	148	60	120	10	45	ray_flare_1.bmp;ray_flare_2.bmp;ray_particle_1.bmp	0/0;5/7
new_rayofgenesis_cast_bottom.str	148	60	100	3	10	ray_distortion_1.bmp;ray_distortion_2.bmp	0/0;5/7
new_rayofgenesis_cast_bottom.str	148	60	100	3	10	ray_distortion_1.bmp;ray_distortion_2.bmp	0/0;5/7
new_rayofgenesis_hit.str	148	60	22	8	21	8tex	0/0;5/7
new_rayofgenesis_hit.str	148	60	22	8	21	8tex	0/0;5/7
new_reparatio.str	148	60	25	8	31	15tex	0/0;5/6;5/7
new_reparatio_bottom.str	148	60	60	5	20	8tex	0/0;5/6;5/7
new_reparatio_cast.str	148	60	120	8	35	rep_shine_2.bmp	0/0;5/7
new_reparatio_cast_bottom.str	148	60	120	6	29	rep_circle_1.bmp;rep_glow_1.bmp;rep_glow_1.tga	0/0;5/6;5/7
new_reparatio_target.str	148	60	75	20	101	14tex	0/0;5/6;5/7
new_reparatio_target_bottom.str	148	60	60	2	5	rep_glow_1.tga	0/0;5/7
new_reproduce.str	148	60	109	5	24	20tex	0/0;5/7
new_reproduce.str	148	60	109	11	54	21tex	0/0;5/7
new_reproduce_bottom.str	148	60	60	4	15	rep_distortion_1.bmp;rep_distortion_2.bmp;rep_glow_2.bmp	0/0;5/7
new_reproduce_bottom.str	148	60	60	4	15	rep_distortion_1.bmp;rep_distortion_2.bmp;rep_glow_2.bmp	0/0;5/7
new_reverberation_hit.str	148	60	30	7	28	rev_circle_1.bmp;rev_particle_1.bmp;rev_particle_2.bmp	0/0;5/7
new_reverberation_hit.str	148	60	30	9	34	rev_circle_1.bmp;rev_flare_1.bmp;rev_particle_1.bmp;rev_particle_2.bmp	0/0;5/7
new_rollingcutter.str	148	60	30	6	17	13tex	0/0;5/7
new_rollingcutter_cast.str	148	60	29	3	8	12tex	0/0;5/7
new_rollingcutter_count_01.str	148	60	600	7	46	6tex	0/0;5/6;5/7
new_rollingcutter_count_01.str	148	60	600	7	46	6tex	0/0;5/6;5/7
new_rollingcutter_count_02.str	148	60	600	7	46	6tex	0/0;5/6;5/7
new_rollingcutter_count_02.str	148	60	600	7	46	6tex	0/0;5/6;5/7
new_rollingcutter_count_03.str	148	60	600	7	46	6tex	0/0;5/6;5/7
new_rollingcutter_count_03.str	148	60	600	7	46	6tex	0/0;5/6;5/7
new_rollingcutter_count_04.str	148	60	600	7	46	6tex	0/0;5/6;5/7
new_rollingcutter_count_04.str	148	60	600	7	46	6tex	0/0;5/6;5/7
new_rollingcutter_count_05.str	148	60	600	7	46	6tex	0/0;5/6;5/7
new_rollingcutter_count_05.str	148	60	600	7	46	6tex	0/0;5/6;5/7
new_rollingcutter_count_06.str	148	60	600	7	46	6tex	0/0;5/6;5/7
new_rollingcutter_count_06.str	148	60	600	7	46	6tex	0/0;5/6;5/7
new_rollingcutter_count_07.str	148	60	600	7	46	6tex	0/0;5/6;5/7
new_rollingcutter_count_07.str	148	60	600	7	46	6tex	0/0;5/6;5/7
new_rollingcutter_count_08.str	148	60	600	7	46	6tex	0/0;5/6;5/7
new_rollingcutter_count_08.str	148	60	600	7	46	6tex	0/0;5/6;5/7
new_rollingcutter_count_09.str	148	60	600	7	46	6tex	0/0;5/6;5/7
new_rollingcutter_count_09.str	148	60	600	7	46	6tex	0/0;5/6;5/7
new_rollingcutter_count_10.str	148	60	600	7	46	6tex	0/0;5/6;5/7
new_rollingcutter_count_10.str	148	60	600	7	46	6tex	0/0;5/6;5/7
new_rush_quake.str	148	60	74	25	98	41tex	0/0;5/6;5/7
new_rush_quake.str	148	60	95	2	5	rus_bg.tga	0/0;5/6
new_rush_quake_hit.str	148	60	28	11	42	21tex	0/0;5/6;5/7
new_secrament.str	148	60	105	10	61	sec_clock.bmp;sec_clockhand_00.bmp;sec_clockhand_01.bmp;sec_feather.bmp;sec_flare_00.bmp	0/0;5/7
new_secrament.str	148	60	105	22	131	8tex	0/0;5/7
new_secrament_aura.str	148	60	80	2	13	aura.tga	0/0;5/7
new_secrament_aura.str	148	60	80	2	13	aura.tga	0/0;5/7
new_servantweapon.str	148	60	30	6	21	sav_ring_01.bmp;sav_wp_01.tga;sav_wp_02.bmp	0/0;5/6;5/7
new_servantweapon_cast.str	148	60	37	19	60	7tex	0/0;5/6;5/7
new_servantweapon_hit.str	148	60	10	5	12	10tex	0/0;5/7
new_servantweapon_hit_bottom.str	148	60	25	5	16	8tex	0/0;5/7
new_servantweapon_shoot.str	148	60	14	6	31	13tex	0/0;5/6;5/7
new_servantweapon_shoot_bottom.str	148	60	30	11	48	7tex	0/0;5/6;5/7
new_severerainstorm.str	148	60	35	3	14	9tex	0/0;5/7
new_severerainstorm.str	148	60	35	3	14	9tex	0/0;5/7
new_severerainstorm_cast.str	148	60	30	7	36	7tex	0/0;5/7
new_severerainstorm_cast.str	148	60	50	7	36	7tex	0/0;5/7
new_soulexpansion_cast.str	148	60	54	7	30	sou_aura_01.bmp	0/0;5/7
new_soulexpansion_cast.str	148	60	54	9	40	9tex	0/0;5/7
new_soulexpansion_cast_bottom.str	148	60	54	5	24	sou_bottom_glow_01.bmp;sou_bottom_ring_01.bmp	0/0;5/7
new_soulexpansion_cast_bottom.str	148	60	54	5	24	sou_bottom_glow_01.bmp;sou_bottom_ring_01.bmp	0/0;5/7
new_soulexpansion_hit.str	148	60	20	5	22	12tex	0/0;5/6;5/7
new_soulexpansion_hit.str	148	60	65	3	8	sou_aura_01.bmp;sou_flare_01.bmp	0/0;5/7
new_soulexpansion_hit_bottom.str	148	60	45	4	17	sou_bottom_crack_01.bmp;sou_bottom_glow_01.bmp;sou_flare_01.bmp	0/0;5/7
new_soulexpansion_hit_bottom.str	148	60	45	4	17	sou_bottom_crack_01.bmp;sou_bottom_glow_01.bmp;sou_flare_01.bmp	0/0;5/7
new_soulexpansion_loop.str	148	60	40	7	28	sou_aura_01.bmp;sou_flare_01.bmp	0/0;5/7
new_soulexpansion_loop.str	148	60	40	7	28	sou_aura_01.bmp;sou_flare_01.bmp	0/0;5/7
new_soulexpansion_loop_bottom.str	148	60	40	4	9	sou_bottom_ring_01.bmp	0/0;5/7
new_soulexpansion_loop_bottom.str	148	60	40	4	9	sou_bottom_ring_01.bmp	0/0;5/7
new_soundofdestruction_cast.str	148	60	54	4	13	11tex	0/0;5/7
new_soundofdestruction_cast.str	148	60	67	4	15	11tex	0/0;5/7
new_soundofdestruction_cast_bottom.str	148	60	67	7	18	19tex	0/0;5/7
new_soundofdestruction_cast_bottom.str	148	60	67	14	45	16tex	0/0;5/6;5/7
new_soundofdestruction_target.str	148	60	55	5	20	sound_brockennote_4_1.bmp;sound_flare_1.bmp;sound_shockwave_1.bmp;sound_shockwave_1_3.bmp	0/0;5/7
new_soundofdestruction_target.str	148	60	65	14	63	17tex	0/0;5/6;5/7
new_spellfist_fire.str	148	60	51	2	5	14tex	0/0;5/7
new_spellfist_fire.str	148	60	51	3	10	14tex	0/0;5/7
new_spellfist_fire_bottom.str	148	60	56	2	5	8tex	0/0;5/7
new_spellfist_fire_bottom.str	148	60	56	2	5	8tex	0/0;5/7
new_spellfist_water.str	148	60	35	2	5	11tex	0/0;5/7
new_spellfist_water.str	148	60	35	3	10	11tex	0/0;5/7
new_spellfist_water_bottom.str	148	60	56	2	7	13tex	0/0;5/7
new_spellfist_water_bottom.str	148	60	56	2	7	13tex	0/0;5/7
new_spellfist_wind.str	148	60	45	3	10	26tex	0/0;5/7
new_spellfist_wind.str	148	60	45	3	10	26tex	0/0;5/7
new_splash.str	148	60	38	2	3	20tex	0/0;5/7
new_strantumtremor.str	148	60	59	17	58	28tex	0/0;5/6;5/7
new_strantumtremor_bottom.str	148	60	89	2	5	str_crater_12c.tga	0/0;5/6
new_strantumtremor_cast.str	148	60	59	11	30	15tex	0/0;5/7
new_strantumtremor_cast_bottom.str	148	60	59	3	6	24tex	0/0;5/7
new_strantumtremor_hit.str	148	60	34	10	41	9tex	0/0;5/6;5/7
new_success.str	148	60	147	14	55	9tex	0/0;5/6;5/7
new_tetravortex_ball_core.str	148	60	90	3	60	34tex	0/0;2/6;5/7
new_tetravortex_ball_core_bottom.str	148	60	90	4	17	45tex	0/0;5/7
new_tetravortex_cast.str	148	60	60	4	13	cast.tga;cast_light_01.tga;cast_light_02.tga	0/0;5/7
new_tetravortex_earth.str	148	60	45	13	54	6tex	0/0;5/7
new_tetravortex_earth_bottom.str	148	60	60	6	17	exp_grd_point.bmp;tetra_circle.bmp	0/0;5/7
new_tetravortex_fire.str	148	60	45	21	86	6tex	0/0;5/7
new_tetravortex_fire_bottom.str	148	60	60	10	29	exp_grd_point.bmp;tetra_circle.bmp	0/0;5/7
new_tetravortex_water.str	148	60	54	16	63	7tex	0/0;5/6;5/7
new_tetravortex_water_bottom.str	148	60	60	6	17	exp_grd_point.bmp;tetra_circle.bmp	0/0;5/7
new_tetravortex_wind.str	148	60	60	12	49	6tex	0/0;5/7
new_tetravortex_wind_bottom.str	148	60	60	8	23	exp_grd_point.bmp;tetra_circle.bmp	0/0;5/7
new_tigercannon.str	148	60	40	3	10	6tex	0/0;5/7
new_tigercannon.str	148	60	80	6	25	8tex	0/0;5/7
new_tornadostorm.str	148	60	30	7	44	12tex	0/0;5/7
new_tornadostorm_bottom.str	148	60	30	2	3	6tex	0/0;5/7
new_tornadostorm_cast.str	148	60	38	3	8	7tex	0/0;5/7
new_tornadostorm_cast_bottom.str	148	60	40	4	15	17tex	0/0;5/7
new_tornadostorm_hit.str	148	60	17	9	38	7tex	0/0;5/7
new_triangleshot.str	148	60	46	10	33	tri_arrow.tga;tri_arrow_flame_01.tga;tri_arrow_flame_02.tga;tri_explosion.tga	0/0;5/6;5/7
new_triangleshot.str	148	60	74	44	151	47tex	0/0;2/1;5/6;5/7
new_triangleshot_arrow.str	148	60	30	3	34	arrow_01.tga;arrow_02.tga;arrow_light.tga	0/0;5/7
new_triangleshot_arrow.str	148	60	30	8	55	7tex	0/0;5/7
new_triangleshot_bottom.str	148	60	51	5	38	tri_target_01.tga;tri_target_02.tga;tri_target_03.tga	0/0;5/7
new_triangleshot_bottom.str	148	60	51	8	47	tri_explosion_circle.tga;tri_target_01.tga;tri_target_02.tga;tri_target_03.tga	0/0;5/7
new_unlimit.str	148	60	75	8	29	13tex	0/0;5/7
new_unlimit.str	148	60	75	15	56	18tex	0/0;5/7
new_unlimit_bottom.str	148	60	60	4	13	unl_circle_1.bmp;unl_glow_1.bmp	0/0;5/7
new_unlimit_bottom.str	148	60	60	4	13	unl_circle_1.bmp;unl_glow_1.bmp	0/0;5/7
new_varetyrspear.str	148	60	42	10	53	6tex	0/0;5/7
new_varetyrspear.str	148	60	42	13	80	6tex	0/0;5/7
new_varetyrspear_bottom.str	148	60	49	2	5	7tex	0/0;5/7
new_varetyrspear_bottom.str	148	60	49	3	12	8tex	0/0;5/7
new_varetyrspear_cast.str	148	60	0	1	0		
new_varetyrspear_cast.str	148	60	30	5	20	6tex	0/0;5/7
new_varetyrspear_cast_bottom.str	148	60	30	4	9	var_ring_00.bmp;var_ring_01.bmp;var_ring_02.bmp	0/0;5/7
new_varetyrspear_cast_bottom.str	148	60	30	4	9	var_ring_00.bmp;var_ring_01.bmp;var_ring_02.bmp	0/0;5/7
new_vigor_buff.str	148	60	60	15	54	18tex	0/0;5/6;5/7
new_vigor_cast.str	148	60	30	9	48	18tex	0/0;5/6;5/7
new_vulcanarm.str	148	60	20	2	11	vul_lightning_00.bmp;vul_lightning_01.bmp;vul_lightning_02.bmp;vul_lightning_03.bmp	0/0;5/7
new_vulcanarm.str	148	60	20	2	11	vul_lightning_00.bmp;vul_lightning_01.bmp;vul_lightning_02.bmp;vul_lightning_03.bmp	0/0;5/7
new_vulcanarm_bottom.str	148	60	16	6	19	9tex	0/0;5/7
new_vulcanarm_bottom.str	148	60	16	10	33	10tex	0/0;5/7
new_vulcanarm_shothole.str	148	60	68	7	42	vul_shot_1.tga;vul_shot_glow_00.bmp;vul_shot_glow_01.bmp	0/0;5/6;5/7
new_vulcanarm_shothole.str	148	60	68	25	104	6tex	0/0;5/6;5/7
new_wallofthorn_cast.str	148	60	48	3	8	wal_roon_1.bmp;wal_roon_glow_1.bmp	0/0;5/7
new_wallofthorn_cast.str	148	60	48	3	10	wal_shine_1.bmp	0/0;5/7
new_wallofthorn_cast_bottom.str	148	60	48	5	18	7tex	0/0;5/7
new_wallofthorn_cast_bottom.str	148	60	48	5	18	7tex	0/0;5/7
new_windcutter.str	148	60	16	5	12	runeknight_windcutter_flare_01_2.bmp;runeknight_windcutter_hit_01.bmp	0/0;5/7
new_windcutter.str	148	60	100	8	21	runeknight_windcutter_flare_01_2.bmp;runeknight_windcutter_hit_01.bmp;slash_hit_glow_00_1.bmp	0/0;5/7
new_windcutter_bottom_01clock.str	148	60	37	5	16	15tex	0/0;5/7
new_windcutter_bottom_01clock.str	148	60	100	9	34	17tex	0/0;5/7
new_windcutter_bottom_05clock.str	148	60	37	5	16	15tex	0/0;5/7
new_windcutter_bottom_05clock.str	148	60	100	9	34	17tex	0/0;5/7
new_windcutter_target.str	148	60	19	3	10	runeknight_windcutter_flare_01_2.bmp;runeknight_windcutter_hit_01.bmp	0/0;5/7
new_windcutter_target.str	148	60	100	8	35	runeknight_windcutter_flare_01_2.bmp;runeknight_windcutter_hit_01.bmp;slash_hit_glow_00_1.bmp	0/0;5/7
newmoon_kick.str	148	60	140	11	48	9tex	0/0;5/7
nipelheim.str	148	60	100	13	86	14tex	0/0;5/6
nipelheim_cast.str	148	60	72	4	15	10tex	0/0;5/6
nnnaaa.str	148	60	180	19	138	pika02.bmp;snow1.bmp;snow2.bmp;snow3.bmp;snow_a.bmp	0/0;5/7
note_1.str	148	60	90	16	121	6tex	0/0;5/7
note_1.str	148	60	90	16	121	6tex	0/0;5/7
notetama.str	148	60	180	15	78	7tex	0/0;5/6;5/7
npc_block_seal_loop.str	148	60	47	6	33	11tex	0/0;5/6;5/7
npc_block_seal_loop_bottom.str	148	60	47	4	13	blo_glow_00.TGA;blo_glow_01.tga	0/0;5/6;5/7
npc_block_seal_start.str	148	60	35	14	69	18tex	0/0;5/6;5/7
npc_cane_of_evil_eye.str	148	60	59	4	9	17tex	0/0;5/6;5/7
npc_cane_of_evil_eye_end.str	148	60	19	4	9	can_eye_00.tga;can_line_00.bmp;can_wood.tga	0/0;5/6;5/7
npc_cane_of_evil_eye_hit.str	148	60	59	11	32	30tex	0/0;5/6;5/7
npc_cane_of_evil_eye_light_03c_end.str	148	60	10	2	3	can_light_e_00.bmp;can_light_e_01.bmp;can_light_e_02.bmp;can_light_e_03.bmp;can_light_e_04.bmp	0/0;5/7
npc_cane_of_evil_eye_light_03c_loop.str	148	60	59	2	3	15tex	0/0;5/7
npc_cane_of_evil_eye_light_03c_start.str	148	60	19	2	3	8tex	0/0;5/7
npc_cane_of_evil_eye_start.str	148	60	24	10	53	30tex	0/0;5/6;5/7
npc_cur_b_cube_bottom_loop.str	148	60	80	3	10	cur_cube_b_00.tga;cur_cube_b_01.tga;cur_cube_b_02.tga;cur_cube_b_03.tga;cur_cube_b_04.tga	0/0;1/6;5/7
npc_cur_b_cube_bottom_start.str	148	60	11	3	10	cur_cube_b_00.tga;cur_cube_b_01.tga;cur_cube_b_02.tga;cur_cube_b_03.tga;cur_cube_b_04.tga	0/0;1/6;5/7
npc_cur_b_cube_loop.str	148	60	80	3	14	cur_cube_f_02.tga;cur_cube_f_03.tga;cur_cube_f_04.tga;cur_cube_f_05.tga;cur_cube_f_06.tga	0/0;1/6;5/7
npc_cur_b_cube_start.str	148	60	11	3	10	cur_cube_f_00.tga;cur_cube_f_01.tga;cur_cube_f_02.tga	0/0;1/6;5/7
npc_cur_b_shock.str	148	60	29	2	7	cur_shockwave_00.bmp;cur_shockwave_01.bmp;cur_shockwave_02.bmp;cur_shockwave_03.bmp	0/0;5/7
npc_cur_r_cube_bottom_loop.str	148	60	80	3	10	cur_cube_b_00.tga;cur_cube_b_01.tga;cur_cube_b_02.tga;cur_cube_b_03.tga;cur_cube_b_04.tga	0/0;1/6;5/7
npc_cur_r_cube_bottom_start.str	148	60	11	3	10	cur_cube_b_00.tga;cur_cube_b_01.tga;cur_cube_b_02.tga;cur_cube_b_03.tga;cur_cube_b_04.tga	0/0;1/6;5/7
npc_cur_r_cube_loop.str	148	60	80	3	14	cur_cube_f_02.tga;cur_cube_f_03.tga;cur_cube_f_04.tga;cur_cube_f_05.tga;cur_cube_f_06.tga	0/0;1/6;5/7
npc_cur_r_cube_start.str	148	60	11	3	10	cur_cube_f_00.tga;cur_cube_f_01.tga;cur_cube_f_02.tga	0/0;1/6;5/7
npc_cur_r_shock.str	148	60	29	2	7	cur_shockwave_00.bmp;cur_shockwave_01.bmp;cur_shockwave_02.bmp;cur_shockwave_03.bmp	0/0;5/7
npc_gate_green.str	148	60	113	60	403	42tex	0/0;5/6;5/7
npc_gate_purple.str	148	60	113	60	403	42tex	0/0;5/6;5/7
npc_gate_red.str	148	60	113	60	403	42tex	0/0;5/6;5/7
npc_gate_skyblue.str	148	60	113	58	397	42tex	0/0;5/6;5/7
odl2.str	148	60	150	12	79	bflower.bmp;rflower.bmp;rorb.bmp;rorb2.bmp	0/0;5/7
oleumsanctum.str	148	60	80	25	120	28tex	0/0;5/6;5/7
oleumsanctum_bottom.str	148	60	80	3	8	ole_bottom_00.bmp;ole_bottom_01.bmp;ole_bottom_02.bmp;ole_bottom_03.bmp;ole_glow_1.tga	0/0;5/6;5/7
oleumsanctum_hit.str	148	60	30	6	29	10tex	0/0;5/6;5/7
oleumsanctum_loop.str	148	60	84	14	65	11tex	0/0;5/7
only_one_bullet.str	148	60	50	8	69	hid_light_04.bmp;onl_mark_01.tga;onl_mark_02.tga;onl_mark_03.tga	0/0;5/6;5/7
only_one_bullet_hit.str	148	60	12	3	10	onl_fire_00.bmp;onl_fire_01.bmp;onl_fire_02.bmp;onl_fire_03.bmp;onl_light_01.bmp	0/0;5/7
overslash.str	148	60	25	6	21	19tex	0/0;5/6;5/7
overslash_bottom.str	148	60	33	2	3	7tex	0/0;5/7
overslash_cast.str	148	60	40	15	50	ove_glow_01.bmp;ove_glow_02.bmp;ove_ring_01.tga	0/0;5/6;5/7
overslash_hit.str	148	60	16	13	50	11tex	0/0;5/6;5/7
p_failed.str	148	60	120	17	158	6tex	0/0;5/7
p_success.str	148	60	120	20	73	pharmacy_s.bmp;pika02.bmp;ring_b.bmp;success.bmp;thunder_pang.bmp	0/0;5/7
penne.str	148	60	160	16	81	tenfe.bmp	0/0;5/7
petitio.str	148	60	50	14	71	11tex	0/0;5/6;5/7
petitio_bottom.str	148	60	81	10	59	pet_circle_1.bmp;pet_crack_1.bmp;pet_crack_1.tga;pet_glow_1.tga	0/0;5/6;5/7
pierce.str	148	60	25	9	143	lord_blast_f.bmp;pikapika.bmp;round_kirakira.bmp;twirl_soft.bmp	5/7
platinum.str	148	60	60	8	41	brser.bmp;cross3.bmp;pokjuk_d.bmp;ring_b.bmp	0/0;5/7
pneuma1.str	148	60	619	8	651	freeze_a_small.bmp;lord_blast_b_small.bmp;safeline.bmp	0/0;5/7
pneuma2.str	148	60	615	8	651	freeze_a_small.bmp;lord_blast_b_small.bmp;safeline.bmp	0/0;5/7
pneuma3.str	148	60	615	8	651	freeze_a_small.bmp;lord_blast_b_small.bmp;safeline.bmp	0/0;5/7
pneumaticusprocella_1.str	148	60	120	8	36	14tex	0/0;2/1;5/6;5/7
pneumaticusprocella_2.str	148	60	120	8	36	14tex	0/0;2/1;5/6;5/7
pneumaticusprocella_3.str	148	60	120	8	36	14tex	0/0;2/1;5/6;5/7
pneumaticusprocella_cast.str	148	60	60	3	8	16tex	0/0;5/6;5/7
pneumaticusprocella_target.str	148	60	60	6	23	pne_circle_01.bmp;pne_circle_02.tga	0/0;5/6;5/7
poison.str	148	60	16	10	39	lens_r.bmp;pokjuk_c.bmp;twirl.bmp	0/0;5/7
poison_mist.str	148	60	63	3	18	smoke2.bmp;smoke3.bmp	0/0;5/7
poisonreact.str	148	60	111	3	40	ring_zigzag.bmp	0/0;5/7
poisonreact_1st.str	148	60	111	3	40	ring_zigzag.bmp	0/0;5/7
poisonzone.str	148	60	60	9	114	6tex	0/0;5/7
pokjuk_jap.str	148	60	71	25	258	11tex	0/0;5/7
pol.str	148	60	85	2	9	pol.bmp	0/0;5/7
pong.str	148	60	109	5	35	pong1.bmp;pong2.bmp;pong3.bmp	0/0;5/7
pong1.str	148	60	69	5	35	pong1.bmp;pong2.bmp;pong3.bmp	0/0;5/7
pong2.str	148	60	100	4	19	pong1.bmp;pong2.bmp;pong3.bmp	0/0;5/7
pong3.str	148	60	90	4	17	pong1.bmp;pong2.bmp;pong3.bmp	0/0;5/7
potal.str	148	60	600	15	178	14tex	0/0;5/6;5/7
powerfulfaith.str	148	60	75	19	94	26tex	0/0;5/6;5/7
powerswing.str	148	60	78	12	257	axe.bmp;explosive_1_128.bmp;lord_blast_f.bmp;smoke_mud.bmp;spark.bmp	0/0;5/6;5/7
ppring3.str	148	60	180	35	644	6tex	0/0;5/7
presensacies.str	148	60	120	27	130	pre_glow_1.bmp;pre_particle_1.bmp;pre_particle_2.bmp;pre_shine_1.bmp;pre_shine_3.bmp	0/0;5/7
presensacies_cast.str	148	60	120	13	60	pre_particle_2.bmp;pre_shine_1.bmp	0/0;5/7
proboc.str	148	60	65	11	428	explosive_1_128.bmp;piero.bmp;pika01.bmp	0/0;5/7
proboke.str	148	60	71	10	429	explosive_1_128.bmp;piero.bmp;pika01.bmp	0/0;5/6;5/7
procella.str	148	60	60	7	18	37tex	0/0;5/7
procella_bottom.str	148	60	60	6	15	13tex	0/0;5/6;5/7
procella_cast.str	148	60	35	3	6	9tex	0/0;5/6;5/7
procella_cast_bottom.str	148	60	44	4	11	14tex	0/0;5/6;5/7
procella_grace_breeze.str	148	60	24	3	8	11tex	0/0;5/7
procella_grace_breeze_bottom.str	148	60	39	3	10	10tex	0/0;5/6;5/7
procella_hit.str	148	60	10	6	15	6tex	0/0;5/7
procella_storm.str	148	60	119	23	100	25tex	0/0;5/6;5/7
prominence_kick.str	148	60	160	19	118	7tex	0/0;5/7
pronmarch.str	148	60	48	11	36	6tex	0/0;5/6;5/7
pronmarch_cast.str	148	60	60	9	40	pro_note_00.tga;pro_note_01.tga	0/0;5/6
pronmarch_cast_bottom.str	148	60	60	9	30	pro_note_00.tga;pro_note_01.tga;pro_ring_00.tga	0/0;5/6;5/7
providence.str	148	60	120	6	73	freeze_ice_part.bmp;providence.bmp	0/0;2/1;5/7
provoke.str	148	60	74	11	569	explosive_1_128.bmp;piero.bmp;pika01.bmp	0/0;5/6;5/7
qd2.str	148	60	45	6	25	6tex	0/0;2/7;5/7
qscaraba.str	148	60	90	5	244	ska2.bmp	3/9
quagmire.str	148	60	120	4	141	bubble_d.bmp;bubble_e.bmp	0/0;5/7
quagmire.str	148	60	120	5	292	bubble_b.bmp;bubble_c.bmp;bubble_d.bmp	0/0;5/7
raidenpou.str	148	60	89	37	122	78tex	0/0;1/6;5/6;5/7
rain_of_crystal_attack.str	148	60	27	17	60	12tex	0/0;5/6;5/7;5/8
rain_of_crystal_attack_bottom.str	148	60	42	5	12	12tex	0/0;5/6;5/7
rain_of_crystal_casting.str	148	60	95	9	66	rai_snow_01.bmp	0/0;5/7
rain_of_crystal_casting_bottom.str	148	60	95	4	9	rai_snow_01.bmp	0/0;5/7
ramadan.str	148	60	90	16	266	explosive_1_128.bmp;lens_b.bmp;pokjuk_c.bmp	0/0;5/7
reachs.str	148	60	120	13	74	7tex	0/0;5/7;5/9
rebound_shield.str	148	60	44	12	33	reb_circle_01.bmp;reb_ring_01.tga	0/0;5/6;5/7
rebound_shield_bottom.str	148	60	39	4	19	13tex	0/0;5/6;5/7
rebound_shield_cast.str	148	60	40	5	12	19tex	0/0;5/6;5/7
rebound_shield_cast_bottom.str	148	60	40	4	9	reb_blk_01.tga;reb_circle_01.bmp	0/0;5/6;5/7
recovery.str	148	60	138	21	541	ff.bmp;recovery_angel.bmp;recovery_particle.bmp;ring.bmp	0/0;5/7
red_cross.str	148	60	119	2	13	cross1.bmp	0/0;5/7
red_phoenix_end.str	148	60	9	3	6	tof_glow_01.tga;tof_phoenix_00.bmp	0/0;5/6;5/7
red_phoenix_loop.str	148	60	59	4	13	tof_glow_01.tga;tof_phoenix_00.bmp;tof_ring_00.bmp	0/0;5/6;5/7
red_phoenix_start.str	148	60	8	5	14	tof_glow_01.tga;tof_phoenix_00.bmp;tof_shock_01.bmp	0/0;5/6;5/7
redyoumei2.str	148	60	102	6	24	21tex	0/0;5/6;5/7
redyoumei2.str	148	60	102	12	50	45tex	0/0;5/2;5/6;5/7
reiketsuhou.str	148	60	39	37	156	21tex	0/0;5/6;5/7
reiketsuhou_bottom.str	148	60	85	21	140	13tex	0/0;5/6;5/7
religio.str	148	60	70	30	145	20tex	0/0;5/6;5/7
religio_cast.str	148	60	60	7	30	rel_circle_1.bmp	0/0;5/7
repair weapon.str	148	60	119	7	256	black_hammer_small.bmp;black_moru.bmp;black_sword.bmp;lord_blast_c.bmp;lord_blast_d.bmp	0/0;5/6;5/7
repairweapon.str	148	60	118	7	256	black_hammer_small.bmp;black_moru.bmp;black_sword.bmp;lord_blast_c.bmp;lord_blast_d.bmp	0/0;5/6;5/7
researchreport.str	148	60	72	12	63	45tex	0/0;5/6;5/7
researchreport_cast.str	148	60	42	7	26	17tex	0/0;5/6;5/7
researchreport_cast_bottom.str	148	60	42	4	15	res_circle_1.bmp;res_glow_1.tga	0/0;5/6;5/7
resurrection.str	148	60	203	41	2454	8tex	0/0;5/6;5/7
resurrection_min.str	148	60	110	7	107	cross_old.bmp;ring_b.bmp;round_sphere.bmp;tul0003.bmp	0/0;5/7
rhythmshooting_cast.str	148	60	50	7	38	20tex	0/0;5/6
rhythmshooting_cast_bottom.str	148	60	53	4	9	rhy_ring_01.tga	0/0;5/6
rhythmshooting_hit.str	148	60	17	12	49	6tex	0/0;5/6;5/7
rhythmshooting_shot.str	148	60	22	16	93	6tex	0/0;5/6;5/7
rk_luxanima.str	148	60	90	7	30	pokjuk_c.bmp;pokjuk_d.bmp;ring_b.bmp;thunder_pang.bmp	0/0;5/7
rockdown.str	148	60	40	28	153	25tex	0/0;5/6;5/7
rockdown_bottom.str	148	60	69	6	19	13tex	0/0;5/6;5/7
rockdown_cast.str	148	60	30	2	3	8tex	0/0;5/7
rockdown_cast_bottom.str	148	60	60	4	9	12tex	0/0;5/7
rockdown_hit.str	148	60	19	3	8	6tex	0/0;5/7
roki_capriccio.str	148	60	63	12	63	24tex	0/0;5/6;5/7
roki_capriccio_cast.str	148	60	59	15	54	15tex	0/0;5/6;5/7
roki_capriccio_cast_bottom.str	148	60	55	3	6	rok_ring_01.tga	0/0;5/7
rokicapriccio.str	148	60	63	12	63	24tex	0/0;5/6;5/7
ros2023_1st.str	148	60	90	5	14	16tex	0/0;5/6;5/7
ros2023_2nd.str	148	60	90	4	11	16tex	0/0;5/6;5/7
roseblossom_cast.str	148	60	40	7	18	17tex	0/0;5/6;5/7
roseblossom_cast_bottom.str	148	60	40	2	3	ros_garden_01.tga	0/0;5/6
roseblossom_hit.str	148	60	16	13	50	10tex	0/0;5/6;5/7
roseblossom_rose.str	148	60	59	14	67	15tex	0/0;5/6;5/7
roseblossom_shot.str	148	60	16	8	25	11tex	0/0;5/6;5/7
rrrooo2.str	148	60	190	13	64	24tex	0/0;5/6;5/7
rulebreak.str	148	60	90	23	144	19tex	0/0;5/6;5/7
rulebreak_buff.str	148	60	60	4	15	rul_flare_02.bmp;rul_glow_00.tga;rul_ring_00.bmp	0/0;5/6;5/7
rune_fail.str	148	60	90	8	67	13tex	0/0;5/7
rune_slot_big.str	148	60	100	14	136	25tex	0/0;5/6;5/7
rune_slot_small.str	148	60	60	7	76	slo_bg.tga;slo_circle.tga;slo_glow.bmp;slo_outline_00.bmp;slo_outline_00.tga	0/0;5/6;5/7
rune_success.str	148	60	90	9	76	13tex	0/0;5/7
rune_upgrade_fail.str	148	60	60	17	102	28tex	0/0;5/6;5/7
rune_upgrade_succecss.str	148	60	67	16	91	27tex	0/0;5/6;5/7
rwc2011.str	148	60	200	19	214	15tex	0/0;5/7
rwc2011_2.str	148	60	180	8	105	2011.bmp;heart_1.bmp;heart_2.bmp;rwc.bmp	0/0;5/7
s5.str	148	60	100	25	158	blood.bmp;explosive_1_128.bmp;pppp.bmp;pppp2.bmp;thunder_center.bmp	0/0;5/7
s_storm.str	148	60	85	18	93	7tex	0/0;5/7
safetywall.str	148	60	60	13	413	freeze_ice_part.bmp;safeline.bmp	0/0;5/7
sakura.str	148	60	150	14	71	sakura1.bmp	0/0;5/7
sakura_fubuki.str	148	60	180	29	132	7tex	0/0;5/6;5/7
sanctuary.str	148	60	105	25	355	7tex	0/0;5/6;5/7
sandman.str	148	60	90	9	367	freeze_ice_part.bmp;gas_out.bmp;poison_smoke.bmp	0/0;5/7
sandy_festival_of_ki_sul.str	148	60	40	6	23	17tex	0/0;5/7
sandy_festival_of_ki_sul_bottom.str	148	60	45	21	100	18tex	0/0;5/6;5/7
sangorunic1.str	148	60	240	17	68	13tex	0/0;5/6;5/7
savage_impact.str	148	60	12	7	20	16tex	0/0;5/6;5/7
savage_impact_hit.str	148	60	16	14	57	15tex	0/0;5/6;5/7
secondfalth.str	148	60	60	9	32	15tex	0/0;5/6;5/7
secondfalth_aura.str	148	60	69	6	27	22tex	0/0;5/6
secondfalth_hit.str	148	60	14	13	60	7tex	0/0;5/6;5/7
secondfalth_start.str	148	60	87	9	43	8tex	0/0;2/1;5/6;5/7
secondflame.str	148	60	100	9	39	17tex	0/0;2/1;5/6;5/7
secondflame_bottom.str	148	60	100	8	36	11tex	0/0;2/1;5/6;5/7
secondjudgement.str	148	60	90	23	105	27tex	0/0;2/1;5/6;5/7
sekienhou.str	148	60	75	4	11	42tex	0/0;3/7;5/6;5/7
serpens_bottom.str	148	60	59	19	54	49tex	0/0;1/6;5/7
serpens_cast.str	148	60	39	18	81	10tex	0/0;5/6;5/7
serpens_cast_bottom.str	148	60	39	6	19	11tex	0/0;5/6;5/7
serpens_deep_poisoning.str	148	60	24	4	15	14tex	0/0;5/6;5/7
serpens_deep_poisoning_bottom.str	148	60	39	7	34	22tex	0/0;1/6;5/6;5/7
serpens_hit.str	148	60	15	13	40	26tex	0/0;5/6;5/7
serpens_shield.str	148	60	119	23	100	23tex	0/0;5/6;5/7
servant_demolition_collect.str	148	60	40	21	60	20tex	0/0;5/7
servant_demolition_hit.str	148	60	25	10	31	18tex	0/0;5/7
servant_demolition_leftdown.str	148	60	53	28	153	17tex	0/0;5/6;5/7
servant_demolition_rightdown.str	148	60	53	28	153	17tex	0/0;5/6;5/7
servant_phantom_down.str	148	60	53	27	148	10tex	0/0;5/6;5/7
servant_phantom_hit.str	148	60	10	6	15	11tex	0/0;5/7
servant_phantom_hit_bottom.str	148	60	25	5	16	8tex	0/0;5/7
servant_phantom_shot.str	148	60	31	17	104	16tex	0/0;5/6;5/7
servant_phantom_sub.str	148	60	20	10	37	13tex	0/0;5/6;5/7
servant_phantom_sub_bottom.str	148	60	15	4	9	7tex	0/0;5/7
servant_sign.str	148	60	30	10	43	6tex	0/0;5/6;5/7
servant_sign_bottom.str	148	60	30	2	5	ser_ring_bottom_00.bmp	0/0;5/7
servant_sign_down.str	148	60	24	9	44	10tex	0/0;5/6;5/7
servant_sign_down_bottom.str	148	60	27	3	6	10tex	0/0;5/7
servant_sign_shot.str	148	60	49	22	97	12tex	0/0;5/6;5/7
servantweapon.str	148	60	30	8	29	ser_dragon_00.tga;ser_ring_00.bmp;ser_wp_00.bmp;ser_wp_00.tga	0/0;5/6;5/7
servantweapon_cast.str	148	60	37	14	45	8tex	0/0;5/6;5/7
servantweapon_hit.str	148	60	15	6	15	11tex	0/0;5/7
servantweapon_hit_bottom.str	148	60	24	6	19	9tex	0/0;5/6;5/7
servantweapon_shoot.str	148	60	11	5	28	6tex	0/0;5/6;5/7
servantweapon_shoot_bottom.str	148	60	30	5	28	6tex	0/0;5/6;5/7
setsudan.str	148	60	121	4	61	light_a.bmp;light_b.bmp;light_c.bmp;light_d.bmp;light_e.bmp	0/0;5/7
shadow_exceed.str	148	60	61	26	111	24tex	0/0;5/6;5/7
shadow_exceed_b_shadow.str	148	60	95	8	35	24tex	0/0;5/6;5/7
shadow_exceed_b_shadow_bottom.str	148	60	81	2	7	sha_shadowbottom_00.tga	0/0;5/6
shadow_exceed_bottom.str	148	60	55	2	7	sha_shadowbottom_01.tga	0/0;5/6
shadow_exceed_cast.str	148	60	60	4	15	6tex	0/0;5/6
shadow_exceed_cha.str	148	60	28	2	3	7tex	0/0;5/6
shadow_exceed_cha_bottom.str	148	60	40	2	5	sha_shadowbottom_00.tga	0/0;5/6
shadow_exceed_f_shadow.str	148	60	95	8	35	24tex	0/0;5/6;5/7
shadow_exceed_f_shadow_bottom.str	148	60	81	2	7	sha_shadowbottom_00.tga	0/0;5/6
shadow_stab.str	148	60	17	9	28	30tex	0/0;5/6;5/7
shadow_stab_hit1.str	148	60	16	14	57	12tex	0/0;5/6;5/7
shadow_stab_hit2.str	148	60	16	16	63	16tex	0/0;5/6;5/7
shield_chain_rush.str	148	60	110	3	36	17tex	0/0;5/6;5/7
shield_charge.str	148	60	90	8	129	lord_blast_b.bmp;lord_blast_d.bmp;shield.bmp;stun.bmp	0/0;2/1;5/7
shield_shooting.str	148	60	20	5	12	17tex	0/0;5/6;5/7
shield_shooting_cast.str	148	60	60	12	33	shi_glow_01.bmp;shi_ring_01.bmp;shi_shield_01.tga	0/0;5/6;5/7
shield_shooting_hit.str	148	60	16	14	53	19tex	0/0;5/6;5/7
shinkirou_idle_end.str	148	60	20	3	6	13tex	0/0;5/6
shinkirou_idle_loop.str	148	60	59	3	6	13tex	0/0;5/6
shinkirou_idle_start.str	148	60	10	3	8	13tex	0/0;5/6
shockwave.str	148	60	74	8	41	11tex	0/0;5/7
shockwavehit.str	148	60	29	4	33	8tex	0/0;5/7
silence.str	148	60	90	7	85	6tex	0/0;2/1;5/7
silverlightning.str	148	60	80	19	82	18tex	0/0;5/6;5/7
sincerefaith.str	148	60	60	22	85	32tex	0/0;5/6;5/7
sincerefaith_bottom.str	148	60	60	5	20	sin_circle_01.bmp;sin_glow_01.tga	0/0;5/6;5/7
singa.str	148	60	180	12	107	pika02.bmp;snow3.bmp;ssgg.bmp;ssgg2.bmp;ssgg3.bmp	0/0;5/7
singa.str	148	60	180	12	107	pika02.bmp;snow3.bmp;ssgg.bmp;ssgg2.bmp;ssgg3.bmp	0/0;5/7
sj_document.str	148	60	140	8	57	moonn_1.bmp;ring_b.bmp;starr_1.bmp;sunn_1.bmp	0/0;5/7
skaura33.str	148	60	150	23	131	7tex	0/0;5/6;5/7
ske_all_in_the_sky.str	148	60	149	40	197	22tex	0/0;5/6;5/7
ske_dawn_break.str	148	60	61	14	61	22tex	0/0;5/6;5/7
ske_enchanting_sky_00.str	148	60	20	17	80	6tex	0/0;5/6;5/7
ske_enchanting_sky_01.str	148	60	59	18	89	7tex	0/0;5/6;5/7
ske_midnight_kick.str	148	60	60	15	64	16tex	0/0;5/6;5/7
ske_noon_blast.str	148	60	66	30	109	26tex	0/0;5/6;5/7
ske_rising_moon_00.str	148	60	19	13	58	ris_circlealpha.tga;ris_innercircle_00.tga;ris_innercircle_01.tga;ris_moon.tga;ris_outercircle.tga	0/0;5/6;5/7
ske_rising_moon_01.str	148	60	39	12	45	6tex	0/0;5/6;5/7
ske_rising_moon_02.str	148	60	59	13	48	ris_circlealpha.tga;ris_innercircle_00.tga;ris_innercircle_01.tga;ris_moon.tga;ris_outercircle.tga	0/0;5/6;5/7
ske_rising_moon_03.str	148	60	39	12	47	6tex	0/0;5/6;5/7
ske_rising_moon_04.str	148	60	59	13	48	ris_circlealpha.tga;ris_innercircle_00.tga;ris_innercircle_01.tga;ris_moon.tga;ris_outercircle.tga	0/0;5/6;5/7
ske_rising_moon_05.str	148	60	39	12	47	6tex	0/0;5/6;5/7
ske_rising_sun.str	148	60	59	10	35	ris_circlealpha.tga;ris_innercircle.tga;ris_lightglow.bmp;ris_outercircle.tga;ris_sun.tga	0/0;5/6;5/7
ske_rising_sun_00.str	148	60	19	12	53	ris_circlealpha.tga;ris_innercircle.tga;ris_lightglow.bmp;ris_outercircle.tga;ris_sun.tga	0/0;5/6;5/7
ske_rising_sun_01.str	148	60	39	10	35	ris_circlealpha.tga;ris_innercircle.tga;ris_lightglow.bmp;ris_outercircle.tga;ris_sun.tga	0/0;5/6;5/7
ske_rising_sun_02.str	148	60	39	13	52	ris_circlealpha.tga;ris_innercircle.tga;ris_lightglow.bmp;ris_outercircle.tga;ris_sun.tga	0/0;5/6;5/7
ske_rising_sun_03.str	148	60	39	10	35	ris_circlealpha.tga;ris_innercircle.tga;ris_lightglow.bmp;ris_outercircle.tga;ris_sun.tga	0/0;5/6;5/7
ske_rising_sun_04.str	148	60	39	13	52	ris_circlealpha.tga;ris_innercircle.tga;ris_lightglow.bmp;ris_outercircle.tga;ris_sun.tga	0/0;5/6;5/7
ske_rising_sun_05.str	148	60	39	10	35	ris_circlealpha.tga;ris_innercircle.tga;ris_lightglow.bmp;ris_outercircle.tga;ris_sun.tga	0/0;5/6;5/7
ske_star_cannon.str	148	60	73	21	102	14tex	0/0;5/6;5/7
ske_star_cannon_bottom.str	148	60	86	12	84	14tex	0/0;5/6;5/7
ske_twinkling_galaxy00.str	148	60	70	16	79	12tex	0/0;5/6;5/7
ske_twinkling_galaxy01.str	148	60	70	16	79	12tex	0/0;5/6;5/7
ske_twinkling_galaxy02.str	148	60	70	16	79	12tex	0/0;5/6;5/7
ske_twinkling_galaxy03.str	148	60	70	16	79	12tex	0/0;5/6;5/7
ske_twinkling_galaxy_bottom.str	148	60	79	13	96	14tex	0/0;5/6;5/7
skidtrap.str	148	60	103	3	187	skid.bmp	0/0;5/6;5/7
sleep.str	148	60	49	5	44	zz.bmp	0/0;2/1
slowp.str	148	60	120	13	154	6tex	0/0;5/7
slug.str	148	60	62	16	306	7tex	0/0;2/1;5/7
so_elemental_shield.str	148	60	145	17	673	9tex	0/0;5/7
solar_burst.str	148	60	120	19	227	14tex	0/0;5/7
solidtrap.str	148	60	60	6	35	10tex	0/0;5/6;5/7
solidtrap_bottom.str	148	60	40	3	10	sol_dust_00.tga	0/0;5/6
solidtrap_cast.str	148	60	32	4	9	sol_smoke_00.tga	0/0;5/6
solidtrap_cast_bottom.str	148	60	32	4	9	9tex	0/0;5/6;5/7
solidtrap_hit.str	148	60	30	4	15	15tex	0/0;5/6;5/7
sonic_claw.str	148	60	40	12	33	freeze_ice_part.bmp;lens_b.bmp;pika02.bmp	0/0;5/7
sonicblow.str	148	60	40	13	88	freeze_ice_part.bmp;lens_b.bmp;myul_a.bmp;myul_b.bmp	0/0;5/7
soul_curse.str	148	60	70	10	55	akuma copy.bmp;explosive_1_128.bmp;freeze_a.bmp	0/0;5/7
soul_gathering.str	148	60	51	16	81	27tex	0/0;5/6;5/7
soul_golem.str	148	60	140	9	44	gst.bmp;gst1.bmp;ring_b.bmp;thunder_pang.bmp	0/0;5/7
soul_of_heaven_and_earth.str	148	60	75	3	14	19tex	0/0;5/6;5/7
soul_of_heaven_and_earth_buff.str	148	60	55	5	20	28tex	0/0;5/6;5/7
soul_revolve.str	148	60	65	5	60	7tex	0/0;5/7
soul_vc_strike_cast.str	148	60	40	17	50	14tex	0/0;5/7
soul_vc_strike_cast_bottom.str	148	60	40	3	10	sou_bottom_01.bmp;sou_bottom_02.bmp	0/0;5/7
soul_vc_strike_hit.str	148	60	16	9	38	sou_hit_00.bmp;sou_hit_01.bmp;sou_hit_02.bmp;sou_spark_01.bmp	0/0;5/7
soundblend.str	148	60	45	15	94	8tex	0/0;5/6;5/7
soundblend_cast.str	148	60	90	37	108	sou_note_01.tga;sou_note_02.tga;sou_ring_01.tga	0/0;5/6;5/7
soundblend_cast_bottom.str	148	60	91	5	12	15tex	0/0;5/6;5/7
soundblend_red.str	148	60	45	14	91	8tex	0/0;5/6;5/7
spark_blaster.str	148	60	47	7	30	spa_glow_02.bmp;spa_particle_00.bmp;spa_shield_00.bmp	0/0;5/7
spark_blaster_bottom.str	148	60	46	20	95	24tex	0/0;5/6;5/7
spear_step.str	148	60	21	6	63	freeze_ice_part.bmp;pikapika.bmp	5/7
spearboomerang.str	148	60	28	8	42	9tex	0/0;5/6;5/7
spearboomerang.str	148	60	30	8	47	7tex	0/0;5/6;5/7
spearstab.str	148	60	21	6	63	freeze_ice_part.bmp;pikapika.bmp	5/7
spell.str	148	60	100	10	246	light_bang_a.bmp;light_bang_b.bmp;pika02.bmp	0/0;5/7
spell_enchanting.str	148	60	59	11	48	8tex	0/0;5/6;5/7
spiral_pierce_max.str	148	60	29	13	46	26tex	0/0;5/6;5/7
spiral_pierce_max_aura.str	148	60	19	4	9	6tex	0/0;5/7
spiral_pierce_max_aura_bottom.str	148	60	5	2	3	spi_circlealpha.tga	0/0;5/7
spiral_shooting.str	148	60	43	14	45	20tex	0/0;5/7
spotlight.str	148	60	150	37	328	12tex	0/0;5/7
spotlight2.str	148	60	150	6	57	backlight1.bmp;ring_star2.tga;spol.bmp;ssgg.bmp	0/0;5/7
spring.str	148	60	62	17	358	9tex	0/0;5/7
sr_flashcombo.str	148	60	165	25	406	10tex	0/0;5/7
ssnnnn2.str	148	60	200	25	176	36tex	0/0;5/6;5/7
stay2.str	148	60	95	12	105	6tex	0/0;5/7
steal_coin.str	148	60	90	5	114	coin_a.bmp;coin_b.bmp;coin_c.bmp;coin_e.bmp;pocket.bmp	0/0;2/1
stonecurse.str	148	60	75	17	318	magician_strorn_a.bmp;magician_strorn_b.bmp;round_sphere.bmp;safeline.bmp	0/0;5/7
stoneofint.str	148	60	120	5	316	soi.bmp;soi1.bmp;ston_of_intelligence.bmp	5/7
storm gust.str	148	60	254	41	3693	11tex	0/0;5/7
storm_min.str	148	60	254	24	2405	puyan.bmp;snow_a.bmp;snow_b.bmp;twirl_soft.bmp	0/0;5/7
stormcannon.str	148	60	48	3	6	8tex	0/0;5/6;5/7
stormcannon_bottom.str	148	60	48	3	8	7tex	0/0;5/7
stormgust.str	148	60	254	41	3693	11tex	0/0;5/7
stormslash_1.str	148	60	60	4	18	14tex	0/0;2/1;5/7;6/6
stormslash_2.str	148	60	60	7	35	14tex	0/0;2/1;5/7;6/6
stormslash_3.str	148	60	60	10	52	14tex	0/0;2/1;5/7;6/6
stormslash_4.str	148	60	60	13	69	14tex	0/0;2/1;5/7;6/6
stormslash_5.str	148	60	60	16	86	14tex	0/0;2/1;5/7;6/6
strangelights.str	148	60	80	4	137	strangelights_1.bmp;strangelights_2.bmp;strangelights_3.bmp	0/0;5/7
strangelights.str	148	60	80	4	137	strangelights_1.bmp;strangelights_2.bmp;strangelights_3.bmp	0/0;5/7
strangelights.str	148	60	80	4	137	strangelights_1.bmp;strangelights_2.bmp;strangelights_3.bmp	0/0;5/7
strangelights2.str	148	60	80	7	274	bstrangelights_1.TGA;bstrangelights_2.TGA;bstrangelights_3.TGA	0/0;5/6;5/7
strantumtremor.str	148	60	51	29	84	14tex	0/0;5/6
strantumtremor_bottom.str	148	60	60	5	20	10tex	0/0;5/6
strantumtremor_cast.str	148	60	59	12	33	10tex	0/0;5/6;5/7
strantumtremor_cast_bottom.str	148	60	59	4	9	16tex	0/0;5/6;5/7
strantumtremor_hit.str	148	60	23	5	14	19tex	0/0;5/6;5/7
strbright.str	148	60	180	16	77	9tex	0/0;5/6;5/7
strip_armor.str	148	60	90	4	17	armor.bmp	0/0;5/7
strip_helm.str	148	60	90	4	17	helm.bmp	0/0;5/7
strip_shield.str	148	60	90	4	17	shield.bmp	0/0;5/7
strip_weapon.str	148	60	90	4	17	weapone.bmp	0/0;5/7
stun.str	148	60	62	5	138	stun.bmp	0/0;5/7
stun_effect.str	148	60	78	10	125	explosive_1_128.bmp;lord_blast_f.bmp;smoke_mud.bmp;storn_a.bmp	0/0;5/7
su_arclousedash.str	148	60	120	8	35	7tex	0/0;5/7
su_bite.str	148	60	120	6	43	pokjuk_c.bmp;subite.bmp	0/0;5/7
su_brunchofshrimp.str	148	60	120	19	136	7tex	0/0;5/7
su_bunchofshrimp.str	148	60	120	19	136	7tex	0/0;5/7
su_chattering.str	148	60	120	15	90	9tex	0/0;5/7
su_cn_meteor0.str	148	60	100	9	175	11tex	0/0;5/7
su_freshshrimp.str	148	60	120	11	54	explosive_1_128.bmp;pokjuk_c.bmp;shrimp_1.bmp;shrimp_2.bmp;shrimp_3.bmp	0/0;5/7
su_grooming.str	148	60	170	16	109	10tex	0/0;5/7
su_hiss.str	148	60	120	13	90	6tex	0/0;5/7
su_lunaticcarrotbeat.str	148	60	96	10	214	7tex	0/0;5/7
su_lunaticcarrotbeat0.str	148	60	100	8	135	12tex	0/0;5/7
su_lunaticcarrotbeat1.str	148	60	96	10	214	7tex	0/0;5/7
su_lunaticcarrotbeat2.str	148	60	96	10	214	7tex	0/0;5/7
su_nyanggrass.str	148	60	50	2	3	nyang1.bmp;nyang2.bmp;nyang3.bmp;nyang4.bmp;nyang5.bmp	0/0;5/7
su_pickypeck.str	148	60	120	8	55	b_picky.bmp;b_picky2.bmp;fire_a.bmp;fire_b.bmp;pokjuk_c.bmp	0/0;5/7
su_powerofflock.str	148	60	140	33	186	10tex	0/0;5/7
su_scaroftarou.str	148	60	120	6	43	pokjuk_c.bmp;tarou .bmp	0/0;5/7
su_scratch.str	148	60	60	10	45	blood_b.bmp;claw_cat.bmp;explosive_1_128.bmp	0/0;5/7
su_scratch.str	148	60	120	11	115	8tex	0/0;5/7
su_sv_stemspear.str	148	60	30	8	47	7tex	0/0;5/6;5/7
su_svg_spirit.str	148	60	120	7	24	pokjuk_d.bmp;svgp.bmp;svgp2.bmp	0/0;5/7
su_svg_sprit.str	148	60	120	6	37	svg_a.bmp;svg_b.bmp;svgd.bmp	0/0;5/7
su_svg_sprit2.str	148	60	120	11	54	pokjuk_d.bmp;sph.bmp;svgp.bmp;svgp2.bmp;thunder_center.bmp	0/0;5/7
su_tunabelly.str	148	60	120	11	115	8tex	0/0;5/7
sucloud.str	148	60	180	9	47	6tex	0/0;5/6
suffragium.str	148	60	114	12	608	cross_old.bmp;gloria_nun.bmp;priest_spell.bmp;ring.bmp	0/0;5/6;5/7
suffragium_min.str	148	60	58	3	44	cross_old.bmp	0/0;5/7
sui_explosion.str	148	60	45	12	199	6tex	0/0;5/7
suicide.str	148	60	175	4	15	38tex	0/0;5/7
sunset_blast.str	148	60	59	24	97	31tex	0/0;5/6;5/7
sunset_blast_small.str	148	60	35	6	21	22tex	0/0;5/6;5/7
superstar.str	148	60	105	18	151	freeze_ice_part.bmp;pika001.bmp;superstar1.bmp	0/0;5/7
swifttrap.str	148	60	60	7	42	swi_bottom.bmp;swi_bottom.tga	0/0;5/6;5/7
swifttrap_bottom.str	148	60	60	2	5	swi_shockwave_00.bmp	0/0;5/7
swifttrap_cast.str	148	60	125	7	18	9tex	0/0;5/7
swifttrap_hit.str	148	60	25	5	14	13tex	0/0;5/7
swooning.str	148	60	600	21	66	12tex	0/0;5/6;5/7
swooning.str	148	60	600	21	66	12tex	0/0;5/6;5/7
sword.str	148	60	100	12	61	7tex	0/0;5/7
tai.str	148	60	180	22	140	19tex	0/0;5/6;5/7
talisman_of_black_tortoise.str	148	60	95	17	121	20tex	0/0;5/6;5/7
talisman_of_black_tortoise_bottom.str	148	60	90	5	26	17tex	0/0;5/6;5/7
talisman_of_blue_dragon.str	148	60	73	9	36	25tex	0/0;5/6;5/7
talisman_of_four_bearing_god.str	148	60	100	25	126	7tex	0/0;5/6;5/7
talisman_of_magician.str	148	60	64	13	80	10tex	0/0;5/6;5/7
talisman_of_magician_bottom.str	148	60	106	5	40	12tex	0/0;5/6;5/7
talisman_of_protection.str	148	60	135	17	114	19tex	0/0;5/6;5/7
talisman_of_red_phoenix.str	148	60	95	14	59	19tex	0/0;5/6;5/7
talisman_of_red_phoenix_bottom.str	148	60	93	3	16	8tex	0/0;5/6;5/7
talisman_of_soul_stealing.str	148	60	120	25	140	30tex	0/0;5/6;5/7
talisman_of_the_five_elements.str	148	60	120	21	134	24tex	0/0;5/6;5/7
talisman_of_warrior.str	148	60	120	31	184	30tex	0/0;5/6;5/7
talisman_of_white_tiger.str	148	60	77	12	59	9tex	0/0;5/6;5/7
target_marker_loop.str	148	60	60	11	64	30tex	0/0;1/6;5/6;5/7
target_marker_start.str	148	60	23	10	55	17tex	0/0;1/6;5/6;5/7
temporary_communion.str	148	60	77	22	492	11tex	0/0;5/7
temporary_communion_buff.str	148	60	34	6	31	6tex	0/0;5/7
temporary_communion_buff_bottom.str	148	60	41	3	10	tem_light_01.bmp	0/0;5/7
tensi3.str	148	60	150	16	163	6tex	0/0;5/7
terradrive.str	148	60	90	8	36	ter_stone_p.tga	0/0;2/1;5/6
terradrive_bottom.str	148	60	90	6	30	15tex	0/0;2/1;5/6;5/7
terradrive_cast.str	148	60	60	6	25	ter_dust_smoke_1.bmp;ter_smoke_00.tga	0/0;5/6;5/7
terradrive_cast_bottom.str	148	60	60	4	13	ter_magicrune_00.bmp;ter_magicrune_00.tga	0/0;5/6;5/7
terradrive_hit.str	148	60	23	5	14	19tex	0/0;5/6;5/7
terremotus.str	148	60	48	18	77	34tex	0/0;5/6;5/7
terremotus_cast.str	148	60	50	3	6	13tex	0/0;5/6;5/7
terremotus_cast_bottom.str	148	60	59	4	13	ter_magic.bmp;ter_magic.tga;ter_magic_b.bmp	0/0;5/7
terremotus_earth_care.str	148	60	44	9	32	23tex	0/0;5/6;5/7
terremotus_earth_care_bottom.str	148	60	39	6	25	21tex	0/0;5/6;5/7
terremotus_hit.str	148	60	23	5	14	19tex	0/0;5/6;5/7
terremotus_protect.str	148	60	119	23	100	24tex	0/0;5/6;5/7
tetra_01_fire.str	148	60	72	3	52	26tex	0/0;5/7
tetra_01_fire_expn.str	148	60	45	35	134	10tex	0/0;5/6;5/7
tetra_01_fire_grd.str	148	60	60	13	40	exp_grd_point.bmp;exp_grd_point.tga;tetra_circle.bmp	0/0;5/6;5/7
tetra_01_fire_sub_expn.str	148	60	40	6	19	light_01.tga;light_ex_01.tga;light_ex_02.tga;tetra_circle.tga;tetra_sub_core.tga	0/0;5/7
tetra_02_wind.str	148	60	72	3	52	26tex	0/0;5/7
tetra_02_wind_expn.str	148	60	60	31	422	15tex	0/0;5/6;5/7
tetra_02_wind_grd.str	148	60	60	9	28	exp_grd_point.bmp;tetra_circle.bmp	0/0;5/7
tetra_02_wind_sub_expn.str	148	60	40	6	19	light_01.tga;light_ex_01.tga;light_ex_02.tga;tetra_circle.tga;tetra_sub_core.tga	0/0;5/7
tetra_03_earth.str	148	60	72	3	52	26tex	0/0;5/7
tetra_03_earth_expn.str	148	60	62	49	162	16tex	0/0;5/6;5/7
tetra_03_earth_grd.str	148	60	60	9	28	exp_grd_point.bmp;exp_grd_point.tga;tetra_circle.bmp	0/0;5/6;5/7
tetra_03_earth_sub_expn.str	148	60	40	6	19	light_01.tga;light_ex_01.tga;light_ex_02.tga;tetra_circle.tga;tetra_sub_core.tga	0/0;5/7
tetra_04_water.str	148	60	72	3	52	26tex	0/0;5/7
tetra_04_water_expn.str	148	60	90	30	197	11tex	0/0;5/6;5/7
tetra_04_water_grd.str	148	60	60	9	28	exp_grd_point.bmp;exp_grd_point.tga;tetra_circle.bmp	0/0;5/6;5/7
tetra_04_water_sub_expn.str	148	60	40	6	19	light_01.tga;light_ex_01.tga;light_ex_02.tga;tetra_circle.tga;tetra_sub_core.tga	0/0;5/7
tetra_ball_00_core.str	148	60	90	3	60	34tex	0/0;2/6;5/7
tetra_ball_00_core_grd.str	148	60	90	4	17	45tex	0/0;5/7
tetra_cast.str	148	60	60	6	23	cast.tga;cast_light_01.tga;cast_light_02.tga;cast_particle_01.tga;cast_particle_02.tga	0/0;5/7
tfireworks.str	148	60	145	13	44	58tex	0/0;2/2;2/3;2/6;5/7
the_vigilante_at_night_bottom.str	148	60	50	6	25	21tex	0/0;5/6;5/7
the_vigilante_at_night_crack.str	148	60	58	14	51	gre_bg_01.tga;the_crack_01.tga;the_spark_01.bmp	0/0;5/6;5/7
the_w_protection.str	148	60	50	16	75	the_flare_00.bmp;the_flare_00.tga;the_flare_01.bmp	0/0;5/6;5/7
the_w_protection_cast.str	148	60	60	8	25	9tex	0/0;5/6;5/7
thief_invenom.str	148	60	40	5	102	freeze_a.bmp;freeze_ice_part.bmp;invenom_ring.bmp	0/0;5/7
thirdconsecration.str	148	60	49	8	37	32tex	0/0;5/6;5/7
thirdconsecration_bottom.str	148	60	80	4	19	6tex	0/0;5/6;5/7
thirdexorflame.str	148	60	120	8	25	15tex	0/0;5/6;5/7
thirdexorflame_aura.str	148	60	120	2	3	15tex	0/0;5/7
thirdexorflame_cast.str	148	60	100	12	57	7tex	0/0;5/7
thirdexorflame_start.str	148	60	52	3	10	13tex	0/0;5/7
thirdflamebomb.str	148	60	160	19	92	22tex	0/0;5/6;5/7
thirdflamebomb_bottom.str	148	60	140	6	29	17tex	0/0;5/6;5/7
thirdpunish.str	148	60	80	10	45	43tex	0/0;5/6;5/7
thirdpunish_bottom.str	148	60	70	6	21	11tex	0/0;5/6;5/7
throwrock.str	148	60	10	6	25	thr_circle_1.tga;thr_rock_1.tga;thr_shine_1.tga	0/0;5/6
throwrock_hit.str	148	60	26	15	78	7tex	0/0;5/6;5/7
thunderstorm.str	148	60	59	25	376	16tex	0/0;5/7
time_ accessory.str	148	60	160	17	114	15tex	0/0;5/7
time_ accessory.str	148	60	160	17	114	15tex	0/0;5/7
time_accessory.str	148	60	160	17	114	15tex	0/0;5/7
tinder.str	148	60	30	10	29	bone.bmp;freeze_ice_part.bmp;lens_b.bmp	0/0;5/7
tokedasu.str	148	60	85	9	40	26tex	0/0;1/6;5/6
tokedasu_shadow.str	148	60	84	13	60	11tex	0/0;1/6;1/7;5/7
top_fire.str	148	60	21	2	3	7tex	0/0;5/7
tornadostorm.str	148	60	30	7	18	16tex	0/0;5/6;5/7
tornadostorm_bottom.str	148	60	30	3	8	7tex	0/0;5/7
tornadostorm_cast.str	148	60	38	3	8	7tex	0/0;5/7
tornadostorm_cast_bottom.str	148	60	40	4	15	17tex	0/0;5/7
tornadostorm_hit.str	148	60	17	9	38	7tex	0/0;5/7
totem_of_tutelary_bottom_end.str	148	60	18	3	6	6tex	0/0;5/6;5/7
totem_of_tutelary_bottom_loop.str	148	60	59	4	11	7tex	0/0;5/6;5/7
totem_of_tutelary_bottom_start.str	148	60	11	3	6	6tex	0/0;5/6;5/7
totem_of_tutelary_end.str	148	60	10	3	6	7tex	0/0;5/6;5/7
totem_of_tutelary_loop.str	148	60	69	10	41	8tex	0/0;5/6;5/7
totem_of_tutelary_start.str	148	60	11	3	6	7tex	0/0;5/6;5/7
toto.str	148	60	1835102790	18	79	10tex	0/0;5/6;5/7
triple_laser.str	148	60	40	15	104	trl_laser_00.bmp;trl_laser_01.bmp;trl_particle_01.bmp	0/0;5/7
twinklestar.str	148	60	105	16	141	pika001.bmp;superstar1.bmp	0/0;5/7
twohand.str	148	60	20	4	33	6tex	0/0;5/7
ufidel.str	148	60	24	7	20	7tex	0/0;5/7
ufidel_pang.str	148	60	24	6	21	9tex	0/0;5/7
ui_activate.str	148	60	152	41	265	23tex	0/0;5/6;5/7
ui_broken.str	148	60	55	24	129	19tex	0/0;5/6;5/7
ui_enchant_fail.str	148	60	60	19	109	15tex	0/0;5/6;5/7
ui_enchant_success.str	148	60	60	21	116	15tex	0/0;5/6;5/7
ui_finish.str	148	60	135	38	261	32tex	0/0;5/6;5/7
ui_intro_blue.str	148	60	167	4	15	29tex	0/0;5/7
ui_intro_green.str	148	60	167	4	15	29tex	0/0;5/7
ui_intro_yellow.str	148	60	167	4	15	29tex	0/0;5/7
ui_levelup_fail.str	148	60	146	12	79	suc_smoke_00.tga;ui_fail.tga;ui_levelup_r.tga	0/0;5/6
ui_levelup_success.str	148	60	60	17	94	15tex	0/0;5/6;5/7
ui_reset_fail.str	148	60	57	19	106	9tex	0/0;5/6;5/7
ui_reset_success.str	148	60	60	24	416	19tex	0/0;5/6;5/7
ultimatesacrifice.str	148	60	120	23	122	17tex	0/0;5/6;5/7
ultimatesacrifice_bottom.str	148	60	25	3	10	ult_circle_1.bmp	0/0;5/7
ultimatesacrifice_shine.str	148	60	120	24	115	ult_particle_1.bmp;ult_particle_2.bmp;ult_shine_1.bmp;ult_shine_1.tga;ult_shine_3.bmp	0/0;5/6;5/7
unlucky.str	148	60	120	2	5	unlucky_01.bmp;unlucky_02.bmp;unlucky_03.bmp;unlucky_04.bmp	0/0;5/7
unlucky_rush.str	148	60	15	6	21	9tex	0/0;5/6;5/7
unlucky_rush_cast.str	148	60	40	15	44	13tex	0/0;5/6;5/7
unlucky_rush_hit.str	148	60	16	13	50	11tex	0/0;5/6;5/7
vacation.str	148	60	120	10	39	9tex	0/0;5/6;5/7
vanishing1.str	148	60	90	12	53	freeze_a_small.bmp;freeze_ice_part.bmp;soulsoul.bmp;soulsoul2.bmp	0/0;5/7
vash00.str	148	60	120	2	5	01.bmp;02.bmp;03.bmp;04.bmp	0/0;5/7
venom_swamp_bottom.str	148	60	59	18	53	48tex	0/0;1/6;5/7
venom_swamp_cast.str	148	60	59	11	30	13tex	0/0;5/7
venom_swamp_cast_bottom.str	148	60	59	4	9	ven_blk_01.tga;ven_m.bmp;ven_m_01.bmp	0/0;1/6;5/7
venom_swamp_hit.str	148	60	16	6	15	35tex	0/0;5/6;5/7
venomdust.str	148	60	60	9	114	6tex	0/0;5/7
venomsplasher.str	148	60	103	13	252	7tex	0/0;5/7
venomsplasher_1st.str	148	60	60	7	121	6tex	5/7
venomsplasherafter.str	148	60	103	14	255	8tex	0/0;2/1;5/7
vigor_buff.str	148	60	60	15	54	18tex	0/0;5/6;5/7
vigor_cast.str	148	60	30	9	48	18tex	0/0;5/6;5/7
violentquake_01.str	148	60	90	24	141	44tex	0/0;5/6;5/7
violentquake_02.str	148	60	94	27	170	45tex	0/0;5/6;5/7
violentquake_03.str	148	60	95	25	152	44tex	0/0;5/6;5/7
violentquake_bottom.str	148	60	59	2	3	vlo_crater_bg.tga	0/0;5/6
violentquake_cast.str	148	60	39	2	3	10tex	0/0;5/7
violentquake_cast_bottom.str	148	60	59	5	12	30tex	0/0;5/6;5/7
violentquake_hit.str	148	60	20	9	24	7tex	0/0;5/6;5/7
vlolentquake_01_a.str	148	60	69	15	52	30tex	0/0;5/6;5/7
vlolentquake_01_b.str	148	60	69	15	52	30tex	0/0;5/6;5/7
vlolentquake_02.str	148	60	69	15	54	30tex	0/0;5/6;5/7
vlolentquake_03.str	148	60	85	15	52	30tex	0/0;5/6;5/7
vlolentquake_bottom.str	148	60	84	2	5	vlo_crater_bg.tga	0/0;5/6
vlolentquake_bottom_01.str	148	60	70	2	5	vlo_crater.tga	0/0;5/6
vlolentquake_bottom_02.str	148	60	69	2	5	vlo_crater.tga	0/0;5/6
vlolentquake_bottom_03.str	148	60	84	2	5	vlo_crater.tga	0/0;5/6
vortexf.str	148	60	84	4	13	7tex	0/0;5/6;5/7
vortexf2.str	148	60	84	3	8	6tex	0/0;5/6
water_splash.str	148	60	45	2	3	10tex	0/0;5/7
waterfield3.str	148	60	360	12	133	9tex	0/0;5/6;5/7
we_cheerup.str	148	60	60	10	41	explosive_1_128.bmp;fighting1.bmp;fighting2.bmp;lord_blast_d.bmp;pokjuk_d.bmp	0/0;5/7
we_oneforever.str	148	60	121	16	91	10tex	0/0;5/7
weakness.str	148	60	120	2	5	weakness_01.bmp;weakness_02.bmp;weakness_03.bmp;weakness_04.bmp	0/0;5/7
weapon perfection.str	148	60	103	11	258	black_sword.bmp;lord_blast_e.bmp;ring.bmp	0/0;5/7
weaponperfection.str	148	60	103	11	258	black_sword.bmp;lord_blast_e.bmp;ring.bmp	0/0;5/7
weaponperfection_min.str	148	60	103	6	75	black_sword.bmp;lord_blast_e.bmp	0/0;5/7
white_tiger_end.str	148	60	9	3	6	tof_glow_01.tga;tof_white_tiger_00.bmp	0/0;5/6;5/7
white_tiger_loop.str	148	60	59	4	13	tof_glow_01.tga;tof_ring_00.bmp;tof_white_tiger_00.bmp	0/0;5/6;5/7
white_tiger_start.str	148	60	8	5	14	tof_glow_01.tga;tof_shock_01.bmp;tof_white_tiger_00.bmp	0/0;5/6;5/7
wide_critical_wound.str	148	60	60	10	63	lens_r.bmp	0/0;5/7
wideb.str	148	60	60	4	21	lens_r.bmp	0/0;5/7
wild_fire.str	148	60	40	12	39	wil_aurora_01.bmp;wil_cylinder_01.bmp;wil_light_02.bmp;wil_particle_01.bmp	0/0;5/7
wild_fire_bottom.str	148	60	45	5	22	11tex	0/0;5/6;5/7
windhit.str	148	60	33	10	144	8tex	0/0;5/7
windhit1.str	148	60	33	10	144	8tex	0/0;5/7
windhit2.str	148	60	33	10	144	8tex	0/0;5/7
windhit3.str	148	60	33	10	144	8tex	0/0;5/7
windsign.str	148	60	77	15	98	17tex	0/0;5/6;5/7
windsign_loop.str	148	60	120	6	31	win_glow_00.tga;win_target_glow.bmp;win_target_loop.tga	0/0;5/6;5/7
wl_telekinesis_intense.str	148	60	120	3	26	s_1.bmp;s_2.bmp;s_3.bmp;s_4.bmp;s_5.bmp	0/0;5/7
wonbo.str	148	60	140	25	164	6tex	0/0;5/7
wooden_attack.str	148	60	45	16	75	17tex	0/0;5/6;5/7
wooden_attack_hit.str	148	60	26	10	45	8tex	0/0;5/6;5/7
wooden_cast.str	148	60	65	3	6	13tex	0/0;5/6;5/7
wooden_cast_bottom.str	148	60	60	4	11	woo_cast_00.tga	0/0;5/6;5/7
wooden_warrior_cast.str	148	60	65	3	6	13tex	0/0;5/6;5/7
wooden_warrior_cast_bottom.str	148	60	60	4	9	woo_cast_00.tga;woo_cast_a.tga	0/0;5/6;5/7
youmei.str	148	60	102	7	40	21tex	0/0;5/7
ypen.str	148	60	160	14	71	tenfe3.bmp	0/0;5/7
yukino2.str	148	60	180	15	92	pika02.bmp;snow1.bmp;snow2.bmp;snow3.bmp	0/0;5/7
yunta_1.str	148	60	20	3	10	spark.bmp	0/0;5/7
yunta_2.str	148	60	25	4	15	spark.bmp	0/0;5/7
yunta_3.str	148	60	30	5	20	spark.bmp	0/0;5/7
yunta_4.str	148	60	35	6	25	spark.bmp	0/0;5/7
yunta_5.str	148	60	40	7	30	spark.bmp	0/0;5/7
각성.str	148	60	80	15	70	7tex	0/0;2/1;5/7
노란포션.str	148	60	27	10	31	lens_y.bmp;pokjuk_c.bmp;pokjuk_d.bmp	0/0;5/7
디스펠.str	148	60	90	7	139	explosive_1_128.bmp;freeze_ice_part.bmp;priest_spell.bmp;ring_b.bmp	0/0;5/7
매직로드.str	148	60	120	22	533	6tex	0/0;5/7
버서크.str	148	60	90	16	161	explosive_1_128.bmp;lens_b.bmp;lens_r.bmp;lord_blast_d.bmp;ring_b.bmp	0/0;5/7
불길한붉은달빛.str	148	60	90	8	29	akuma copy.bmp;moon.bmp;ring_b.bmp;smoke1.bmp;smoke2.bmp	0/0;5/6;5/7
불스아이.str	148	60	90	5	20	target3.bmp	0/0;5/7
빨간포션.str	148	60	27	10	31	lens_r.bmp;pokjuk_c.bmp;pokjuk_d.bmp	0/0;5/7
사람효과.str	148	60	160	6	175	pika02.bmp;pokjuk_c.bmp;pokjuk_d.bmp;thunder_center.bmp	0/0;5/7
소울번.str	148	60	55	8	47	14tex	0/0;5/7
술식전개2.str	148	60	60	6	37	freeze.bmp;maho.bmp	0/0;5/7
술식전개3.str	148	60	60	6	37	freeze.bmp;maho.bmp	0/0;5/7
술식전개4.str	148	60	60	6	37	freeze.bmp;maho.bmp	0/0;5/7
술식전개5.str	148	60	60	6	37	freeze.bmp;maho.bmp	0/0;5/7
술식해방.str	148	60	70	4	23	charm.bmp;fire_smoke_a.bmp;invenom_ring.bmp;pokjuk_c.bmp	0/0;5/7
연환.str	148	60	45	13	492	pika02.bmp	5/7
이그니션브레이크.str	148	60	240	21	106	6tex	0/0;5/7
주홍포션.str	148	60	27	10	31	lens_r.bmp;pokjuk_c.bmp;pokjuk_d.bmp	0/0;5/7
집중.str	148	60	90	8	90	pokjuk_d.bmp;ring_b.bmp;spark.bmp	0/0;5/7
찹쌀떡.str	148	60	27	6	15	pikapika.bmp;pokjuk_d.bmp	0/0;5/7
초록포션.str	148	60	27	10	31	lens_g.bmp;pokjuk_c.bmp;pokjuk_d.bmp	0/0;5/7
초승달2.str	148	60	70	7	30	6tex	0/0;5/7
트랙킹.str	148	60	90	4	85	target3.bmp	0/0;5/7
파란포션.str	148	60	27	10	31	lens_b.bmp;pokjuk_c.bmp;pokjuk_d.bmp	0/0;5/7
하얀포션.str	148	60	27	10	31	lens_w.bmp;pokjuk_c.bmp;pokjuk_d.bmp	0/0;5/7
허무의그림자.str	148	60	75	10	57	explosive_1_128.bmp;muk2.bmp;shield.bmp	0/0;5/7
흐린달빛환상2.str	148	60	60	6	43	freeze_a_small.bmp;moon2.bmp	0/0;5/7
