accId	ACCESSORY_name	sprite
1	ACCESSORY_GOGGLES	_고글
2	ACCESSORY_CATTYHAIRBAND	_고양이머리띠
3	ACCESSORY_GLASS	_글래스
4	ACCESSORY_FLOWER	_꽃
5	ACCESSORY_FLORALHAIRBAND	_꽃머리띠
6	ACCESSORY_HOOD	_두건
7	ACCESSORY_ROUNDCAP	_둥근모자
8	ACCESSORY_FLUMASK	_마스크
9	ACCESSORY_HAIRBAND	_머리띠
10	ACCESSORY_DIVERSGOGGLES	_물안경
11	ACCESSORY_BIRETTA	_비레타
12	ACCESSORY_SUNGLASS	_선글래스
13	ACCESSORY_EYEBANDAGE	_안대
14	ACCESSORY_CAP	_캡
15	ACCESSORY_BUNNYBAND	_토끼머리띠
16	ACCESSORY_HAT	_햇
17	ACCESSORY_RIBBON	_리본
18	ACCESSORY_CIRCLET	_서클릿
19	ACCESSORY_TIARA	_티아라
20	ACCESSORY_SANTAHAT	_산타모자
21	ACCESSORY_BEARD	_턱수염
22	ACCESSORY_MUSTACHE	_콧수염
23	ACCESSORY_SPECTACLE	_외눈안경
24	ACCESSORY_BLACK_BEARD	_수염
25	ACCESSORY_WHITE_BEARD	_흰수염
26	ACCESSORY_QUALITY_SUNGLASS	_고급선글래스
27	ACCESSORY_SPIN_GLASS	_스핀글래스
28	ACCESSORY_LARGE_RIBBON	_왕리본
29	ACCESSORY_SWEET_GENTLE	_스위트젠틀
30	ACCESSORY_GOLDEN_HEADGEAR	_골든헤드기어
31	ACCESSORY_OLDSTER_ROMANCE	_올드스터로맨스
32	ACCESSORY_WESTERN_GRACE	_웨스턴그레이스
33	ACCESSORY_CORONET	_코로넷
34	ACCESSORY_HAIR_STRING	_머리끈
35	ACCESSORY_PRIEST_CAP	_성직자의모자
36	ACCESSORY_WIZARD_HAT	_위저드햇
37	ACCESSORY_SUNFLOWER	_장식용해바라기
38	ACCESSORY_ANGEL_HAIRBAND	_천사의머리띠
39	ACCESSORY_DEVIL_HAIRBAND	_악마의머리띠
40	ACCESSORY_HELM	_헬름
41	ACCESSORY_MAJESTIC_GOUT	_마제스틱고우트
42	ACCESSORY_WHITE_HORN	_새하얀뿔
43	ACCESSORY_SHARP_HEADGEAR	_샤프헤드기어
44	ACCESSORY_WEDDING_VEIL	_면사포
45	ACCESSORY_CROWN	_크라운
46	ACCESSORY_PROPELLER	_프로펠라
47	ACCESSORY_TINY_EYE_GLASSES	_미니글래스
48	ACCESSORY_PRONTERA_ARMY_CAP	_프론테라군모
49	ACCESSORY_PIERROTS_NOSE	_광대코
50	ACCESSORY_PIRATES_EYEBANDAGE	_의적안대
51	ACCESSORY_MUNAK_TURBAN	_무낙모자
52	ACCESSORY_HIP_HOP_MASK	_시위용마스크
53	ACCESSORY_IRONCANE	_아이언케인
54	ACCESSORY_CIGAR	_담배
55	ACCESSORY_CIGAR_PIPE	_파이프담배
56	ACCESSORY_SENTIMENTAL_FLOWER	_꽃잎
57	ACCESSORY_SENTIMENTAL_BLADE	_풀잎
58	ACCESSORY_HEY_DUDE	_머리안경
59	ACCESSORY_STOP_SIGNPOST	_정지표지판
60	ACCESSORY_DOCTOR_BAND	_의사머리띠
61	ACCESSORY_JAPANESE_GHOST	_망자의머리띠
62	ACCESSORY_SCARLET_BANDANA	_반다나
63	ACCESSORY_EAGLE_EYES	_도끼눈
64	ACCESSORY_NURSE_CAP	_간호모
65	ACCESSORY_SMILE	_스마일
66	ACCESSORY_BOMB_WICK	_심지
67	ACCESSORY_SAHT_GAHT	_삿갓
68	ACCESSORY_MASQUERADE	_오페라가면
69	ACCESSORY_SERAPHIC_RING	_영혼고리
70	ACCESSORY_EARMUFFS	_귀마개
71	ACCESSORY_MOOSE_HORN	_사슴뿔
72	ACCESSORY_THE_APPLE_OF_WILHELM_TELL	_명사수의사과
73	ACCESSORY_TINKER_BELL	_요정의귀
74	ACCESSORY_PIRATE_BANDANA	_해적두건
75	ACCESSORY_MUNCHS_SCREAM	_스크래치마스크
76	ACCESSORY_POO_POO_HAT	_거시기
77	ACCESSORY_KOEAN_FUNERAL_COSTUME	_장례건
78	ACCESSORY_BUTTERFLY_MASQUE	_나비가면
79	ACCESSORY_WELDER_MASK	_용접마스크
80	ACCESSORY_PRETEND_TO_BE_MURDERED	_연극소도구
81	ACCESSORY_STAR_DUST	_스타더스트
82	ACCESSORY_EYE_MASK	_눈가리개
83	ACCESSORY_BINOCULARS	_망원경
84	ACCESSORY_GOBLIN_MASQUE	_고블린족가면
85	ACCESSORY_GREEN_FEELER	_초록더듬이
86	ACCESSORY_VIKING_HELMET	_오크족헬름
87	ACCESSORY_HEAD_SET	_헤드폰
88	ACCESSORY_GEMMED_CROWN	_쥬얼크라운
89	ACCESSORY_PIERROT_CROWN	_광대모자
90	ACCESSORY_OXYGEN_MASK	_산소마스크
91	ACCESSORY_GAS_MASK	_가스마스크
92	ACCESSORY_MACHO_MANS_GLASSES	_하트파운데이션
93	ACCESSORY_LORD_CIRCLET	_로드서클릿
94	ACCESSORY_PUPPY_LOVE	_풋사랑
95	ACCESSORY_CRASH_HELMET	_안전모
96	ACCESSORY_INDIAN_BAND	_원주민머리띠
97	ACCESSORY_AERIAL	_안테나
98	ACCESSORY_BA_HAT	_학사모
99	ACCESSORY_HORN_OF_LORD_KAHO	_로드카호의뿔
100	ACCESSORY_FIN_HELM	_핀헬름
101	ACCESSORY_EGG_SHELL	_장식용알껍질
102	ACCESSORY_KOREAN_SCHOOL_HAT	_학생모
103	ACCESSORY_BONE_HELM	_본헬름
104	ACCESSORY_WILHELM_TELLS_HAT	_깃털모자
105	ACCESSORY_CORSAIR	_커세어
106	ACCESSORY_BAND_OF_KAFRA	_카프라의머리띠
107	ACCESSORY_LOST_MONEY_HEART	_돈잃은자의마음
108	ACCESSORY_BUNDLE	_보따리모
109	ACCESSORY_CAKE_HAT	_케이크모자
110	ACCESSORY_ANGEL_HELM	_천사의투구
111	ACCESSORY_COOKER_HAT	_요리사의모자
112	ACCESSORY_MAGE_HAT	_마법사의모자
113	ACCESSORY_CANDLE	_촛불
114	ACCESSORY_SPORE_HAT	_스포아모자
115	ACCESSORY_PANDA_HAT	_팬더곰모자
116	ACCESSORY_MINE_HAT	_광산헬멧
117	ACCESSORY_OUTSIDE_HAT	_나들이모자
118	ACCESSORY_RACCOON_HAT	_너구리모자
119	ACCESSORY_LAMP_BAND	_전구머리띠
120	ACCESSORY_PORING_HAT	_포링모자
121	ACCESSORY_CROSS_BAND	_십자머리띠
122	ACCESSORY_NUT_SHELL	_열매껍질
123	ACCESSORY_YOUNG_DEVIL_HAT	_새끼악마모자
124	ACCESSORY_SPOT_EGG_SHELL	_알록달록알껍질
125	ACCESSORY_DYE_RED	_발그레
126	ACCESSORY_HEART_HAIRPIN	_하트머리핀
127	ACCESSORY_HAIR_CLOTH	_머리포자기
128	ACCESSORY_GHOST_MASK	_오페라유령가면
129	ACCESSORY_DEVIL_WING	_악마의날개
130	ACCESSORY_WIZARD_HEADGEAR	_마술사의모자
131	ACCESSORY_FASION_SUNGLASSES	_패션선글래스
132	ACCESSORY_MOON_HEARPIN	_초승달머리핀
133	ACCESSORY_STRIPES_BAND	_줄무늬머리띠
134	ACCESSORY_MYSTIC_NUT_SHELL	_신비한열매껍질
135	ACCESSORY_CAT_BELL	_고양이방울
136	ACCESSORY_BLUE_BAND	_청색머리띠
137	ACCESSORY_SPHINX_HAT	_스핑크스모자
138	ACCESSORY_SUN_GOD_HAT	_태양신의모자
139	ACCESSORY_BOMGUN_HAT	_본건모자
140	ACCESSORY_LOVE_NUT	_사랑의열매
141	ACCESSORY_BLACKCAT_EAR	_검은고양이귀
142	ACCESSORY_LAZYCAT	_늘어진고양이
143	ACCESSORY_BEAR_HAT	_곰돌이모자
144	ACCESSORY_KOCAL_HAT	_꼬깔모자
145	ACCESSORY_FLOWER_HAIRPIN	_꽃머리핀
146	ACCESSORY_MILZIP_HAT	_밀짚모자
147	ACCESSORY_DAEILBAND	_반창고
148	ACCESSORY_LEAF_HELM	_나뭇잎투구
149	ACCESSORY_FISH_HAT	_생선모자
150	ACCESSORY_SERCUBUS_HORN	_서큐버스뿔
151	ACCESSORY_SOM_BRERO	_솜브레로
152	ACCESSORY_DEVILWING_EAR	_악마날개귀
153	ACCESSORY_FOX_MASK	_여우가면
154	ACCESSORY_FIRE_HEADBAND	_열혈머리띠
155	ACCESSORY_INDIAN_HEADBAND	_인디안머리띠
156	ACCESSORY_INCUBUS_HORN	_인큐버스뿔
157	ACCESSORY_STRAIGHT_HAT	_자세교정모자
158	ACCESSORY_ANGELWING_EAR	_천사날개귀
159	ACCESSORY_COWBOY_HAT	_카우보이모자
160	ACCESSORY_FUR_HAT	_털모자
161	ACCESSORY_TULIP_HAIRPIN	_튤립머리핀
162	ACCESSORY_HAEDAL_HAT	_해달모자
163	ACCESSORY_X_HAIRPIN	_X자머리핀
164	ACCESSORY_QUEEN_HELM	_여왕의투구
165	ACCESSORY_MISTRESS_CROWN	_미스트레스왕관
166	ACCESSORY_MUSHROOM_HEADBAND	_버섯머리띠
167	ACCESSORY_REDTAIL_RIBBON	_빨간테일리본
168	ACCESSORY_LAZY_RACCOON	_귀찮은너구리
169	ACCESSORY_BELOWEAR_RIBBON	_양쪽귀밑리본
170	ACCESSORY_ALARM_MASK	_알람가면
171	ACCESSORY_GOBLIN_MASK1	_고블린가면1호
172	ACCESSORY_GOBLIN_MASK2	_고블린가면2호
173	ACCESSORY_GOBLIN_MASK3	_고블린가면3호
174	ACCESSORY_GOBLIN_MASK4	_고블린가면4호
175	ACCESSORY_BIGGOLDEN_BELL	_대형금방울
176	ACCESSORY_SISTER_HAT	_수녀모자
177	ACCESSORY_SISTER_HAT2	_수녀모자
178	ACCESSORY_ORCHERO_HELM	_오크히어로투구
179	ACCESSORY_ORCHERO_HELM2	_오크히어로투구
180	ACCESSORY_ASSASSIN_MASK	_어새신마스크
181	ACCESSORY_TIGER_MASK	_타이거마스크
182	ACCESSORY_CAT_HAT	_고양이모자
183	ACCESSORY_SALE_HAT	_세일표지판
184	ACCESSORY_TAKIUS	_타키우스눈가리개
185	ACCESSORY_BATTLEONLINE	_배틀온라인
186	ACCESSORY_HAEBARAGI_PIN	_해바라기핀
187	ACCESSORY_BLACK_EYECOVER	_검은눈가리개
188	ACCESSORY_TOAST	_토스트
189	ACCESSORY_DECTECTIVE_HAT	_탐정모자
190	ACCESSORY_CHAYANG_HAT	_차양모자
191	ACCESSORY_BABY	_젖꼭지
192	ACCESSORY_DUCK_HAT	_오리모자
193	ACCESSORY_SUNO_HAT	_슈노모자
194	ACCESSORY_ANGRY_MOUTH	_분노입
195	ACCESSORY_BEONG_HAT	_벙거지모자
196	ACCESSORY_COLDPROTECT_HAT	_방한모자
197	ACCESSORY_BANANA_HAT	_바나나모자
198	ACCESSORY_MYSTICROSE	_미스틱로즈
199	ACCESSORY_PUPPY_EAR	_강아지귀
200	ACCESSORY_ZIRTAS_MASK	_지르타스가면
201	ACCESSORY_BIRD_NEST	_새둥지
202	ACCESSORY_LION_MASK	_라이온마스크
203	ACCESSORY_CROSS_HELMET	_클로스헬멧
204	ACCESSORY_ANGELING_HAT	_엔젤링모자
205	ACCESSORY_GOAT_HAT	_양모자
206	ACCESSORY_PUMPKIN_HAT	_호박모자
207	ACCESSORY_CYCLOPS_EYE	_사이클롭스아이
208	ACCESSORY_ALICE_HAT	_엘리스모자
209	ACCESSORY_MAGIC_EYES	_매직아이즈
210	ACCESSORY_PUYONG	_부용
211	ACCESSORY_PRETTY_RIBBON	_예쁜리본
212	ACCESSORY_MARIONET_HAT	_마리오넷모자
213	ACCESSORY_MOON_HELM	_초승달투구
214	ACCESSORY_GABUKI_MASK	_가부키가면
215	ACCESSORY_KOKIRI_HAT	_코끼리모자
216	ACCESSORY_BASEBALL_HAT	_야구모자
217	ACCESSORY_GOOKGYEONG_HAT	_국경일모자
218	ACCESSORY_SILVERTIARA	_실버티아라
219	ACCESSORY_PIERROT_CROWN_	_광대모자_
220	ACCESSORY_MUSICHEADPHONE	_음표헤드폰
221	ACCESSORY_BONGCROWN	_봉관
222	ACCESSORY_ANGELING_PIN	_엔젤링핀
223	ACCESSORY_GAKSITAL	_각시탈
224	ACCESSORY_FEATHER_BEREHAT	_깃털베레모
225	ACCESSORY_VALKYRIE_HELMET	_발키리투구
226	ACCESSORY_BEREHAT	_베레모
227	ACCESSORY_SATOHAT	_사또모자
228	ACCESSORY_AYAM	_아얌
229	ACCESSORY_NONAME	_익명요청
230	ACCESSORY_HAHETAL	_하회탈
231	ACCESSORY_LIONTAL	_사자탈
232	ACCESSORY_GOLDTIARA	_골드티아라
233	ACCESSORY_DARKHELMET	_암흑의투구
234	ACCESSORY_DOGHAT	_강아지모자
235	ACCESSORY_BIRDHAT	_새둥지모자
236	ACCESSORY_CAPTAINHAT	_선장의모자
237	ACCESSORY_BAYTREEHAT	_월계수관
238	ACCESSORY_GEOGRAPHER	_장식용지오그래퍼
239	ACCESSORY_TWINRIBBON	_트윈리본
240	ACCESSORY_SINGERHAT	_음유시인모자
241	ACCESSORY_LEAF	_낙엽
242	ACCESSORY_BLACKRIBBON	_리본_검정
243	ACCESSORY_YELLOWRIBBON	_리본_노랑
244	ACCESSORY_GREENRIBBON	_리본_초록
245	ACCESSORY_PINKRIBBON	_리본_분홍
246	ACCESSORY_REDRIBBON	_리본_빨강
247	ACCESSORY_ORANGERIBBON	_리본_주홍
248	ACCESSORY_WHITERIBBON	_리본_하양
249	ACCESSORY_LAZYRABBIT	_늘어진토끼
250	ACCESSORY_MEGINCAP	_메긴캡
251	ACCESSORY_PRIKACIRCLET	_프리카서클릿
252	ACCESSORY_COPOLA	_코폴라
253	ACCESSORY_MERONGMASK	_메롱가면
254	ACCESSORY_WOOLCAP	_울캡
255	ACCESSORY_ANGELKISS	_천사의입맞춤
256	ACCESSORY_MORPHISDOOGUN	_모르피셔스두건
257	ACCESSORY_MORIANEHELM	_모리아네헬름
258	ACCESSORY_GEVNEITUGOO	_게브네이투구
259	ACCESSORY_WHITEFLOWER	_하얀꽃잎
260	ACCESSORY_GOLDENGORI	_금색고리
261	ACCESSORY_LAUREL	_월계관
262	ACCESSORY_RIDEWORD	_라이드워드
263	ACCESSORY_YELLOW_BASEBALLCAP	_노란야구모자
264	ACCESSORY_FLYING_ANGEL	_비상하는천사
265	ACCESSORY_DRESSHAT	_드레스햇
266	ACCESSORY_SATELITE_HAIRBAND	_새틀라이트헤어밴드
267	ACCESSORY_BLACK_BUNNYBAND	_검은토끼머리띠
268	ACCESSORY_WALLYAHWA_HAT	_월야화모자
269	ACCESSORY_MARCHING_HAT	_마칭햇
270	ACCESSORY_PROPELLER2	_프로펠라_
271	ACCESSORY_RED_DEVIRUCHI	_빨강새끼악마모자
272	ACCESSORY_WHITE_DEVIRUCHI	_흰색새끼악마모자
273	ACCESSORY_GRAY_DEVIRUCHI	_회색새끼악마모자
274	ACCESSORY_WHITE_LAZYCAT	_흰색늘어진고양이
275	ACCESSORY_GRAY_LAZYCAT	_회색늘어진고양이
276	ACCESSORY_PINK_LAZYCAT	_분홍늘어진고양이
277	ACCESSORY_BLUE_LAZYCAT	_파랑늘어진고양이
278	ACCESSORY_YELLOW_LAZYCAT	_노랑늘어진고양이
279	ACCESSORY_GRAY_FURHAT	_회색털모자
280	ACCESSORY_BLUE_FURHAT	_파랑털모자
281	ACCESSORY_PINK_FURHAT	_분홍털모자
282	ACCESSORY_RED_MAGICIANHAT	_빨강마법사의모자
283	ACCESSORY_WHITE_MAGICIANHAT	_흰색마법사의모자
284	ACCESSORY_GRAY_MAGICIANHAT	_회색마법사의모자
285	ACCESSORY_BLUE_MAGICIANHAT	_파랑마법사의모자
286	ACCESSORY_YELLOW_MAGICIANHAT	_노랑마법사의모자
287	ACCESSORY_EARPLUG_HAT	_귀마개모자
288	ACCESSORY_ELF_BLINDER	_눈가리개
289	ACCESSORY_ELF_SUNGLASS	_선글래스
290	ACCESSORY_ANGEL_MIXHELM	_천사의머리띠
291	ACCESSORY_DEVIL_MIXHELM	_악마의머리띠
292	ACCESSORY_ROBOT_BLINDER	_요정의귀
293	ACCESSORY_HUMAN_BLINDER	_요정의귀
294	ACCESSORY_ROBOT_EAR	_요정의귀
295	ACCESSORY_HUMAN_EAR	_요정의귀
296	ACCESSORY_LAZY_NINETAIL	_늘어진구미호
297	ACCESSORY_LAZY_LEAF	_리프인형모자
298	ACCESSORY_DEVILRING_HAT	_데빌링모자
299	ACCESSORY_3PORINGS	_포링겹모자
300	ACCESSORY_VALKYRIE_FEATHER	_발키리깃털모자
301	ACCESSORY_SOULESS_WING	_소울리스윙
302	ACCESSORY_APRO_WIG	_아프로가발
303	ACCESSORY_ATIATI_HAT	_아티아티모자
304	ACCESSORY_AUSTRALIA_HAT	_호주국기모자
305	ACCESSORY_HAPPY_WIG	_행복한가발
306	ACCESSORY_BRIGHT_WIG	_눈부신가발
307	ACCESSORY_AMAZING_WIG	_놀라운가발
308	ACCESSORY_FANTASTIC_WIG	_환상적인가발
309	ACCESSORY_YELLOW_DOOGUN	_노란색두건
310	ACCESSORY_YELLOW_RIBBON	_노란색리본
311	ACCESSORY_CHICK_HAT	_병아리모자
312	ACCESSORY_SUREON_CROWN	_수련왕관
313	ACCESSORY_WINDMILL_HAIRPIN	_풍차비녀
314	ACCESSORY_PECOPECO_HAT	_페코페코머리띠
315	ACCESSORY_VACATION_HAT	_바캉스모자
316	ACCESSORY_RED_GLASSES	_빨간안경
317	ACCESSORY_VANIL_HAT	_바닐미르스모자
318	ACCESSORY_KETTLE_HAT	_주전자모자
319	ACCESSORY_DRAGON_SKULL	_용의해골
320	ACCESSORY_RAMYEON_HAT	_라면모자
321	ACCESSORY_WHISPER_MASK	_위스퍼마스크
322	ACCESSORY_HORN_HAT	_뿔투구모자
323	ACCESSORY_RUSSIA_RIBBON	_러시아리본
324	ACCESSORY_LOTUS_FLOWER	_연꽃모자
325	ACCESSORY_CEREMONIAL_CORONET	_화관
326	ACCESSORY_MANGMOK	_맹목모
327	ACCESSORY_PIRATE_DAGGER	_해적의대거
328	ACCESSORY_FREYA_CROWN	_프레이야의크라운
329	ACCESSORY_TROPICALFRUIT	_열대과일모자
330	ACCESSORY_BRAZIL_HAT	_브라질국기모자
331	ACCESSORY_MOHIKAN	_모히칸
332	ACCESSORY_BANJAK_JEONGOO	_반짝전구머리띠
333	ACCESSORY_BIG_HIBISCUS	_큰하이비스커스
334	ACCESSORY_AYOTAYA_HAT	_아요타야모자
335	ACCESSORY_DIA_DAM	_다이아뎀
336	ACCESSORY_HAKI_MASK	_하키마스크
337	ACCESSORY_OBSERVER	_옵저버
338	ACCESSORY_UMBRELLA_HAT	_우산모자
339	ACCESSORY_FISHER_HAT	_어부의모자
340	ACCESSORY_PORINGPARTY_HAT	_포링파티모자
341	ACCESSORY_BLUE_ANGELING_HAT	_파란엔젤링모자
342	ACCESSORY_INDONESIA_HARIBAND	_인도네시아헤어밴드
343	ACCESSORY_SCARF	_스카프
344	ACCESSORY_LITTLEANGELDOLL	_리틀엔젤돌
345	ACCESSORY_ROBOTEYE	_로보아이
346	ACCESSORY_ROKIMASK	_로키마스크
347	ACCESSORY_JEONPA_ANTENNA	_전파안테나
348	ACCESSORY_WANTTOFLY_ANGELING	_날고싶은엔젤링
349	ACCESSORY_JUMPING_PORING	_폴짝이는포링
350	ACCESSORY_WANT_GUILDMAN	_길드원모집모자
351	ACCESSORY_WANT_PARTY	_파티구함모자
352	ACCESSORY_WANT_BOY	_남친구함모자
353	ACCESSORY_WANT_FRIEND	_친구구함모자
354	ACCESSORY_DIFORTE	_디포르테인형모자
355	ACCESSORY_GLARRIS	_글라리스인형모자
356	ACCESSORY_SORIN	_소린인형모자
357	ACCESSORY_TAILING	_테일링인형모자
358	ACCESSORY_BINIT	_비닛인형모자
359	ACCESSORY_W	_더블류인형모자
360	ACCESSORY_WANT_GIRL	_여친구함모자
361	ACCESSORY_POPORING_HAT	_포포링모자
362	ACCESSORY_MUSLIM_M	_무슬림남자모
363	ACCESSORY_MUSLIM_F	_무슬림여자모
364	ACCESSORY_MAWANG_HAT	_다크바실리움
365	ACCESSORY_VICTORYWING	_승리의날개
366	ACCESSORY_PECOPECO_FLY_HAT	_페코페코날개귀
367	ACCESSORY_CAPTION_HAT	_선장모자
368	ACCESSORY_WHIKEBAIN_EARS	_휘케바인의귀
369	ACCESSORY_GANG_SCARF	_갱스카프
370	ACCESSORY_NINJA_SCROLL	_닌자의두루마리
371	ACCESSORY_SIMYEON_HAT	_심연의투구
372	ACCESSORY_BLACKDEATHKING	_흑사왕의모자
373	ACCESSORY_EGGFRY	_계란후라이
374	ACCESSORY_EMPEROR_HAT	_왕의모자
375	ACCESSORY_HAEGOON_HAT	_혜군모자
376	ACCESSORY_NANCHO_HAT	_난초머리띠
377	ACCESSORY_PANGUAN_HAT	_판관모자
378	ACCESSORY_LAZY_WHITECAT	_늘어진하얀고양이
379	ACCESSORY_DARKNESS_HELM	_다크네스헬름
380	ACCESSORY_HUGE_MAJESTIC	_대형마제스틱고우트
381	ACCESSORY_HUGE_ORCHERO	_대형오크히어로투구
382	ACCESSORY_SATANIC_CHAIN	_사타닉체인
383	ACCESSORY_ENTIQUE_CIGAR	_앤티크담뱃대
384	ACCESSORY_RABBITEAR	_토끼귀모자
385	ACCESSORY_BALLOON_HAT	_벌룬햇
386	ACCESSORY_FISH_HEAD_HAT	_물고기머리모자
387	ACCESSORY_SANTA_PORING_HAT	_산타포링모자
388	ACCESSORY_BELL_RIBBON	_방울리본
389	ACCESSORY_HUNTINGCAP	_헌팅캡
390	ACCESSORY_TWIN_SANTAHAT	_양갈래산타모자
391	ACCESSORY_YOYOHAT	_요요모자
392	ACCESSORY_NEKOMIMI_KAFRA	_네코미미카프라
393	ACCESSORY_SNAKE_HAT	_뱀머리모자
394	ACCESSORY_ANGEL_GHOST	_천사의유령
395	ACCESSORY_BLUE_SANTAHAT	_파란양갈래산타모자
396	ACCESSORY_SEOLNAL_HAT	_뤄양의설날모자
397	ACCESSORY_VALENTINE_HAT	_발렌타인모자
398	ACCESSORY_TIRAYABONET	_티라야보넷
399	ACCESSORY_JASPER	_재스퍼크레스트
400	ACCESSORY_SCUVER_MASK	_스쿠버마스크
401	ACCESSORY_BONEHEAD	_본헤드
402	ACCESSORY_MANDRAGORA	_만드라고라캡
403	ACCESSORY_FOXHAT	_여우모자
404	ACCESSORY_BLACKGLASSES	_검은뿔테안경
405	ACCESSORY_PLAYELF	_장난꾸러기요정
406	ACCESSORY_FISHINMOUTH	_입에문물고기
407	ACCESSORY_BLUERIBBON	_블루리본
408	ACCESSORY_PHILIRHAT	_필리르모자
409	ACCESSORY_ACADEMY_NEWBIE	_아카데미신입생모자
410	ACCESSORY_ACADEMY_LV1	_아카데미1수료모자
411	ACCESSORY_NEW_COWBOY	_신카우보이모자
412	ACCESSORY_BREAD2	_빵봉투2
413	ACCESSORY_WHITESNAKE	_하얀뱀모자
414	ACCESSORY_SWEETCANDY	_달콤한사탕
415	ACCESSORY_POPCORN_HAT	_팝콘모자
416	ACCESSORY_CAMPFIRE_HAT	_캠프파이어모자
417	ACCESSORY_PORINGCAKE_HAT	_포링케이크모자
418	ACCESSORY_BEER_HAT	_맥주모자
419	ACCESSORY_CROWNBIRD	_왕관앵무
420	ACCESSORY_SOLDIERHAT	_병정모자
421	ACCESSORY_IFRIT_MASK	_이프리트가면
422	ACCESSORY_IFRIT_EAR	_이프리트의귀
423	ACCESSORY_WORDBOOK	_문자책모자
424	ACCESSORY_LOVECHINA	_알럽차이나모자
425	ACCESSORY_FANTAORANGE	_환타오렌지캔
426	ACCESSORY_FANTAGRAPE	_환타그레이프캔
427	ACCESSORY_KARADA_HAT	_카라다메구리차모자
428	ACCESSORY_REDTEA_HAT	_홍차화전모자
429	ACCESSORY_BREADHAT1	_빵봉투1
430	ACCESSORY_DOKEBIHAT	_도깨비모자
431	ACCESSORY_FLAMECROWN	_성화관
432	ACCESSORY_CHICK_HAT2	_꼬꼬댁모자
433	ACCESSORY_BRAZIL4	_브라질4주년모자
434	ACCESSORY_GOLDENLAUREL	_황금월계수
435	ACCESSORY_COLA_CAN	_콜라캔
436	ACCESSORY_COKE_HAT	_코카콜라모자
437	ACCESSORY_BRIDE_FLOWER	_신부의화관
438	ACCESSORY_SKYGIRL_FLOWER	_선녀의꽃
439	ACCESSORY_HAIRBAND_GREEN	_머리끈_녹색
440	ACCESSORY_HAIRBAND_RED	_머리끈_빨강
441	ACCESSORY_HAIRBAND_BLUE	_머리끈_파랑
442	ACCESSORY_HAIRBAND_WHITE	_머리끈_하양
443	ACCESSORY_NECKTIE	_넥타이
444	ACCESSORY_BABYANGEL_STONE	_아기천사상
445	ACCESSORY_HAIRBRUSH	_머리빗
446	ACCESSORY_CANDYIN_MOUTH	_입에무는막대사탕
447	ACCESSORY_CATFOOT	_고양이발머리핀
448	ACCESSORY_FROGHAT	_개구리모자
449	ACCESSORY_FACEBOX1	_혼자놀기상자1
450	ACCESSORY_FACEBOX2	_혼자놀기상자2
451	ACCESSORY_SUNHAT	_태양모자
452	ACCESSORY_DRAGON_GOLD	_용투구_금
453	ACCESSORY_DRAGON_SILVER	_용투구_은
454	ACCESSORY_DRAGON_BRONZE	_용투구_동
455	ACCESSORY_RABBITHAT	_옥토끼모자
456	ACCESSORY_WINDTOY_HAT	_바람개비모자
457	ACCESSORY_EVOLVED_DRAGON	_진화된용의해골
458	ACCESSORY_EVOLVED_WHISPER	_진화된위스퍼마스크
459	ACCESSORY_BIGNAIL_SCARF	_대못박힌스카프
460	ACCESSORY_RAINBOW_SCARF	_무지개스카프
461	ACCESSORY_JAHA_DOLL	_자하인형모자
462	ACCESSORY_CELESTIAL_HAT	_하늘모자
463	ACCESSORY_WIND_MILESTONE	_바람의이정표
464	ACCESSORY_HELM_OF_DRAGOON	_드래군헬름
465	ACCESSORY_PARADE_CAP	_퍼레이드모자
466	ACCESSORY_NOBLE_HAT	_노블햇
467	ACCESSORY_EYES_OF_DARKNESS	_다크니스아이즈
468	ACCESSORY_HAIRBAND_OF_REGINLEIF	_레긴레이브의날개
469	ACCESSORY_RED_WHITE_HAT	_홍백모자
470	ACCESSORY_FORCEPS_HAIRPIN	_집게발머리핀
471	ACCESSORY_NOTICE_BOARD	_알림간판
472	ACCESSORY_CUBE_MASK	_큐브마스크
473	ACCESSORY_HAIRBAND_OF_GRANDPECO	_그랜드페코의머리띠
474	ACCESSORY_BR_FLAG_BANDANNA	_브라질국기두건
475	ACCESSORY_CLASSIC_HAT	_클래식햇
476	ACCESSORY_SHAMAN_STUFF	_샤먼의머리장식
477	ACCESSORY_BZOFNIL_WING	_비조프닐날개장식
478	ACCESSORY_HERMOZ_CAP	_헤르모즈캡
479	ACCESSORY_DARKKNIGHT_MASK	_다크나이트마스크
480	ACCESSORY_ODIN_MASK	_오딘마스크
481	ACCESSORY_RED_PHD_HAT	_붉은학사모
482	ACCESSORY_TAIWANFLAG	_대만국기모자
483	ACCESSORY_TIGERFACE	_호랑이얼굴
484	ACCESSORY_LOVEDADDY	_러브대디
485	ACCESSORY_ANUBIS_HELM	_아누비스투구
486	ACCESSORY_HAT_OF_OUTLAW	_무법자모자
487	ACCESSORY_PIZZA_HAT	_피자모자
488	ACCESSORY_ICECREAM_HAT	_아이스크림모자
489	ACCESSORY_CHINESE_5TH	_5주년기념면사포
490	ACCESSORY_WOLFKING	_떠돌이늑대왕투구
491	ACCESSORY_GANG_DOOGUN	_강령술사의두건
492	ACCESSORY_ASARA_FAIRY	_아사라요정모자
493	ACCESSORY_THUNDER_GOD	_뇌신지력
494	ACCESSORY_DICE_HAT	_주사위모자
495	ACCESSORY_TIGER_KING	_호랑이왕인형모자
496	ACCESSORY_PIRATE_PRIDE	_해적의자존심
497	ACCESSORY_RABBIT_MAGIC	_토끼마술모자
498	ACCESSORY_BLACKELF_YEAR	_검은요정의귀
499	ACCESSORY_GOLDEN_TULIP	_황금튤립머리핀
500	ACCESSORY_LOVELYCHICK_HAT	_사랑의병아리모자
501	ACCESSORY_BLUE_PAJAMA	_파란파자마모자
502	ACCESSORY_PINK_PAJAMA	_핑크파자마모자
503	ACCESSORY_SHARK_HAT	_상어모자
504	ACCESSORY_STING_HAT	_스팅모자
505	ACCESSORY_CARNIBAL_HAT	_카니발모자
506	ACCESSORY_CARNIBAL_CIRCLET	_카니발서클릿
507	ACCESSORY_SHOWER_CAP	_샤워캡
508	ACCESSORY_SAMAN_BAIYA	_사만바이아
509	ACCESSORY_AQUARIUS_DIADEM	_보병궁보관
510	ACCESSORY_AQUARIUS_CROWN	_보병궁왕관
511	ACCESSORY_PISCES_DIADEM	_쌍어궁보관
512	ACCESSORY_PISCES_CROWN	_쌍어궁왕관
513	ACCESSORY_BIG_MAJESTIC2	_대형마제스틱고우트2
514	ACCESSORY_PEACOCK_FEATHER	_공작새깃털
515	ACCESSORY_RABBITEAR2	_토끼귀마개
516	ACCESSORY_FANTA_ZERO_LEMON_HAT	_환타제로레몬모자
517	ACCESSORY_SAKURA_MIST_HAT	_사쿠라미스트모자
518	ACCESSORY_SAKURA_MILK_TEA_HAT	_사쿠라밀크티모자
519	ACCESSORY_FIRST_LEAF_TEA_HAT	_일차화모자
520	ACCESSORY_LADY_TANEE_DOLL	_타니아가씨인형
521	ACCESSORY_LUNATIC_HAT	_루나틱모자
522	ACCESSORY_KING_FROG_HAT	_개구리왕자모자
523	ACCESSORY_EVIL_BONE_HAT	_마왕의뼈투구
524	ACCESSORY_KAMAGI_HAT	_까마귀모자
525	ACCESSORY_BABYDRAGON_HAT	_아기드래곤
526	ACCESSORY_SPARE_CARD	_스페어카드
527	ACCESSORY_QUATI_HAT	_콰티모자
528	ACCESSORY_TWOKAN_HAT	_투칸모자
529	ACCESSORY_SIDECAP	_사이드캡
530	ACCESSORY_JAGUAR_HAT	_재규어모자
531	ACCESSORY_ARIES_DIADEM	_백양궁보관
532	ACCESSORY_ARIES_CROWN	_백양궁왕관
533	ACCESSORY_RJC_CATHUSA	_RJC카츄사
534	ACCESSORY_REDROSE	_진홍의장미
535	ACCESSORY_KWG_BOGWAN	_금우궁보관
536	ACCESSORY_KWG_WANGAN	_금우궁왕관
537	ACCESSORY_HOLY_EGG_HAT	_성스러운달걀모자
538	ACCESSORY_OCTOPUS_HAT	_문어모자
539	ACCESSORY_LEAF_CAT_HAT	_리프캣모자
540	ACCESSORY_FUR_SEAL_HAT	_퍼씰모자
541	ACCESSORY_WILD_ROSE_HAT	_와일드로즈모자
542	ACCESSORY_SACI_HAT	_사치의모자
543	ACCESSORY_543	_무슬림여자모
544	ACCESSORY_CROWN_OF_DECEIT	_사기의왕관
545	ACCESSORY_DRAGON_ARHAT_MASK	_항룡나한가면
546	ACCESSORY_TIGER_ARHAT_MASK	_복호나한가면
547	ACCESSORY_DOLOR_HAT	_고뇌의모자
548	ACCESSORY_BRIGHT_FURY	_광휘의격노
549	ACCESSORY_RABBIT_BONNET	_토끼보닛
550	ACCESSORY_GEMINI_DIADEM	_쌍자궁보관
551	ACCESSORY_GEMINI_CROWN	_쌍자궁왕관
552	ACCESSORY_RASTA_WIG	_라스타가발
553	ACCESSORY_SAVAGE_BABY_HAT	_세비지베베모자
554	ACCESSORY_DOKEBI_HORN	_도깨비뿔
555	ACCESSORY_MOUTH_PENCIL	_입에무는연필
556	ACCESSORY_ONIGIRI_HAT	_주먹밥모자
557	ACCESSORY_SAKE	_일본술잔
558	ACCESSORY_SATGAT	_배회하는자의삿갓
559	ACCESSORY_RED_BERET	_붉은베레모
560	ACCESSORY_CANCER_DIADEM	_거해궁보관
561	ACCESSORY_CANCER_CROWN	_거해궁왕관
562	ACCESSORY_MAJESTIC_DEVIL	_마제스틱데빌혼
563	ACCESSORY_MOGIKILLER	_모기향
564	ACCESSORY_RUNE_HAIRBAND	_룬매듭머리띠
565	ACCESSORY_LEO_CROWN	_사자궁왕관
566	ACCESSORY_LEO_DIADEM	_사자궁보관
567	ACCESSORY_DESERT_PRINCE	_사막의왕자
568	ACCESSORY_SIGRUNS_WING	_사이그룬의날개
569	ACCESSORY_DONUT_MOUTH	_입에문도넛
570	ACCESSORY_YUNO_EYE	_유노의눈
571	ACCESSORY_CLOVER_MOUTH	_입에문네잎클로버
572	ACCESSORY_GUM_MOUTH	_입에문풍선껌
573	ACCESSORY_TWINGIRL_CROWN	_쌍녀궁왕관
574	ACCESSORY_TWINGIRL_BOGWAN	_쌍녀궁보관
575	ACCESSORY_BRAZIL_RIBBON	_브라질트윈리본
576	ACCESSORY_BRAZIL_BERE	_브라질베레모
577	ACCESSORY_RTC_WINNER_ONLY	_RTC우승자전용
578	ACCESSORY_RTC_SECOND_BEST	_RTC준우승자전용
579	ACCESSORY_RTC_THIRD_BEST	_RTC3등전용
580	ACCESSORY_CAMPUME_HAT	_캠푸미투구
581	ACCESSORY_LYRIA_DOLL_HAT	_리리아인형모자
582	ACCESSORY_DOROTHY_DOLL_HAT	_도로시인형모자
583	ACCESSORY_CHUNG_HAIRBAND	_청나라머리장식
584	ACCESSORY_ICE_WING_EAR	_얼음날개귀
585	ACCESSORY_TURTLE_HAT	_꼬북이모자
586	ACCESSORY_DARKNESS_HELM_J	_다크네스헬름
587	ACCESSORY_HOLY_MARCHING_HAT_J	_신성한마칭햇
588	ACCESSORY_SCOOTER_HAT_J	_스쿠터헬멧
589	ACCESSORY_IMP_HAT	_임프모자
590	ACCESSORY_SLEEPR_HAT	_슬리퍼모자
591	ACCESSORY_GRYPHON_HAT	_그리폰모자
592	ACCESSORY_RED_PIRATE_BANDANA	_붉은해적두건
593	ACCESSORY_LIBRA_CROWN	_천칭궁왕관
594	ACCESSORY_LIBRA_DIADEM	_천칭궁보관
595	ACCESSORY_FILIR_WING	_필리르의날개
596	ACCESSORY_MOOSOK_HAT	_무속인의모자
597	ACCESSORY_GOLDEN_HAT	_금관모자
598	ACCESSORY_SKULL_HOOD	_해골후드
599	ACCESSORY_ANIV_STAR_HAT	_애니버서리별모자
600	ACCESSORY_DROOPING_MOROCC_MINION	_늘어진모로크의현신
601	ACCESSORY_SOUTHERN_CROSS	_서전크로스
602	ACCESSORY_HOME_CHERRY_BLOSSOM	_고향의벚꽃
603	ACCESSORY_PIG_MONEYBOX	_돼지저금통
604	ACCESSORY_PORING_LETTER	_포링편지
605	ACCESSORY_SCORPIO_CROWN	_천헐궁왕관
606	ACCESSORY_SCORPIO_DIADEM	_천헐궁보관
607	ACCESSORY_NOTATION_HAIRBAND	_악보머리띠
608	ACCESSORY_ENGINEER_CAP	_엔지니어캡
609	ACCESSORY_HAWKEYES	_매의눈
610	ACCESSORY_TRIANGLE_RUNE	_트라이앵글룬캡
611	ACCESSORY_2009LOVE_DADDY	_2009러브대디
612	ACCESSORY_612	_병아리모자
613	ACCESSORY_PRIESTHAT	_프리스트의모자
614	ACCESSORY_NOFEAR_POQWER_HEADGEAR	_NOFEAR파워헤드기어
615	ACCESSORY_CACTUS_HAT	_선인장모자
616	ACCESSORY_SNOWMAN_HAT	_눈사람모자
617	ACCESSORY_SAGITTARIUS_CROWN	_인마궁왕관
618	ACCESSORY_SAGITTARIUS_DIADEM	_인마궁보관
619	ACCESSORY_SANTACAP	_루돌프산타모
620	ACCESSORY_ORANGE_STEM_HAT	_귤꼭지모자
621	ACCESSORY_CAPRICORN_CROWN	_마갈궁왕관
622	ACCESSORY_CAPRICORN_DIADEM	_마갈궁보관
623	ACCESSORY_RUNE_CIRCLET	_룬서클릿
624	ACCESSORY_MITRA	_미트라
625	ACCESSORY_RANGER_GOGGLES	_스나이퍼고글
626	ACCESSORY_DRIVER_BAND	_드라이버밴드
627	ACCESSORY_627	_그림자공작
628	ACCESSORY_MINSTRELSONG_HAT	_민스트럴송의모자
629	ACCESSORY_629	_마이더스의속삭임
630	ACCESSORY_630	_마력의돌모자
631	ACCESSORY_631	_불타는혼
632	ACCESSORY_632	_침묵의집행자
633	ACCESSORY_633	_바람의속삭임
634	ACCESSORY_634	_복각슈미츠의투구
635	ACCESSORY_635	_빈사의백조
636	ACCESSORY_NOAHS_HAT	_노아의모자
637	ACCESSORY_DRIVER_BAND2	_드라이버밴드_
638	ACCESSORY_SLOTH_HAT	_나무늘보의모자
639	ACCESSORY_DUNEYRR_HELM	_두네이르투구
640	ACCESSORY_RED_BUNNY_BAND	_빨간토끼머리띠
641	ACCESSORY_BUZZY_BOL_BOARD	_버지볼보드
642	ACCESSORY_BLACK_TAIL_RIBBON	_검은테일리본
643	ACCESSORY_AMISTR_CAP	_아미스트르캡
644	ACCESSORY_SAMURAI_MASK	_사무라이마스크
645	ACCESSORY_SAKURA_CORONET	_벚꽃화관
646	ACCESSORY_GOLDEN_ANGEL	_황금천사조각상
647	ACCESSORY_FOOL_DAY_HAT	_만우절투구
648	ACCESSORY_GOLDEN_SAVAGE_HAT	_골든세비지모자
649	ACCESSORY_SPLASH_HAT	_찰랑모자
650	ACCESSORY_FAMILY_HAT	_패밀리모자
651	ACCESORY_RED_NAVY_HAT	_붉은해군모자
652	ACCESORY_BERET	_해군의베레모
653	ACCESSORY_CHOCODONUT_MOUTH	_입에문초코도넛
654	ACCESSORY_BLAZING_SUN	_불타는태양
655	ACCESSORY_REMOVER_HAT	_리무버모자
656	ACCESSORY_BLUE_ARARA_HAT	_파란아라라모자
657	ACCESSORY_DROOPING_BOTO	_늘어진보토
658	ACCESSORY_TENDRILION_HAT	_텐드릴리온모자
659	ACCESSORY_PERSICA	_페르시카
660	ACCESSORY_HOPLITE_HELMET	_중장보병의투구
661	ACCESSORY_3DGLASS	_3D안경
662	ACCESSORY_YELLOWBUNNY_HAIRBAND	_노란토끼머리띠
663	ACCESSORY_PINKBUNNY_HAIRBAND	_핑크토끼머리띠
664	ACCESSORY_GREENBUNNY_HAIRBAND	_그린토끼머리띠
665	ACCESSORY_OLD_ELFEAR	_고대요정의귀
666	ACCESSORY_THA_MAERO_MASK	_타나토스의슬픔가면
667	ACCESSORY_THANATOS_MAI_MASK	_타나토스의증오가면
668	ACCESSORY_TENKAIPPIN_RAMEN	_천하일품라면
669	ACCESSORY_FISHPIN	_물고기핀
670	ACCESSORY_RED_DRESS_HAT	_빨간드레스햇
671	ACCESSORY_PASSION_FB_HAT	_열정의축구공모자
672	ACCESSORY_COOL_FB_HAT	_냉철의축구공모자
673	ACCESSORY_VICTORY_FB_HAT	_승리의축구공모자
674	ACCESSORY_GLORY_FB_HAT	_영광의축구공모자
675	ACCESSORY_UMBALA_SPIRIT	_움발라의혼
676	ACCESSORY_HATTAH_BLACK	_하타블랙
677	ACCESSORY_GARUDA_HAT	_가루다햇
678	ACCESSORY_RWC2010_INDONESIA	_RWC2010인도네시아
679	ACCESSORY_BLOODY_ANGEL_HAIRBAND	_블러디천사의머리띠
680	ACCESSORY_BLOODY_ANGELWING_EAR	_블러디천사날개귀
681	ACCESSORY_SHINING_SUNFLOWER	_빛나는해바라기
682	ACCESSORY_PARADISE_HAT	_낙원단모자2
683	ACCESSORY_RTC_WINNER_HEADGEAR	_RTC우승자투구
684	ACCESSORY_RTC_2ND_HEADGEAR	_RTC준우승자투구
685	ACCESSORY_RTC_3RD_HEADGEAR	_RTC3등투구
686	ACCESSORY_JATI_CROWN	_자티왕관
687	ACCESSORY_EVILMARCHER_HAT	_사악한마칭햇
688	ACCESSORY_THUNDERSTORM_CLOUD	_벼락구름
689	ACCESSORY_DOKKEBI_MASK	_도깨비가면
690	ACCESSORY_WARTERMELON_HAT	_수박모자
691	ACCESSORY_DARK_PUMPKIN_HAT	_음침한호박모자
692	ACCESSORY_DROOPING_NEKO_CRU	_타레네코크루
693	ACCESSORY_THA_DESPERO_MASK	_타나토스의절망가면
694	ACCESSORY_DROOPING_PERMETER	_늘어진퍼머터
695	ACCESSORY_BUTTERFLYWINGS_EAR	_나비날개귀
696	ACCESSORY_SCREW_STUCK_HEAD	_머리박힌나사
697	ACCESSORY_HEART_EYEBANDAGE1	_하트눈안대1
698	ACCESSORY_HEART_EYEBANDAGE2	_하트눈안대2
699	ACCESSORY_CHICKEN_BILL	_닭부리
700	ACCESSORY_CHARLIES_BEARD	_찰리의수염
701	ACCESSORY_YELLOW_HAT	_노란햇
702	ACCESSORY_SINGING_BIRD	_노래하는새
703	ACCESSORY_CHICKEN_CREST	_닭벼슬
704	ACCESSORY_RAINBOW	_무지개
705	ACCESSORY_RAIN_CLOUD	_비구름
706	ACCESSORY_CHARLIES_HAT	_찰리의모자
707	ACCESSORY_MINI_CROWN1	_미니크라운1
708	ACCESSORY_HEART_RIBBON_BAND	_하트리본머리띠
709	ACCESSORY_HONEYBEE_HAT	_꿀벌모자
710	ACCESSORY_FANCY_PHANTOM_MAS	_화려한팬텀마스크
711	ACCESSORY_PUPPY_GRASS	_강아지풀
712	ACCESSORY_DEVIL_WHISPER	_악마의속삭임
713	ACCESSORY_SKULL_CAP	_스컬캡
714	ACCESSORY_EVIL_MASK	_악마의가면
715	ACCESSORY_LITTLE_FHAT	_리틀페더햇
716	ACCESSORY_LOVE_GUARD	_박애의수호
717	ACCESSORY_WITCHS_HAT	_마녀의모자
718	ACCESSORY_BLACKRABBIT_BAND	_검은토끼헤어밴드
719	ACCESSORY_WHITERABBIT_BAND	_흰토끼헤어밴드
720	ACCESSORY_LOVER_IN_MOUTH	_입안의연인
721	ACCESSORY_CAMPUS_FESTIVAL	_캠퍼스페스티발
722	ACCESSORY_TAINI_CAP	_타이니모자
723	ACCESSORY_BUTTERFLY_HAIRPIN	_나비머리핀
724	ACCESSORY_ASGARD_BLESS	_아스가르드의축복
725	ACCESSORY_GALAXY_CIRCLET	_갤럭시서클릿
726	ACCESSORY_MALANGDO_HAT	_말랑도모자
727	ACCESSORY_MINI_TREE	_미니트리
728	ACCESSORY_KING_PRAWN_HAT	_왕새우모자
729	ACCESSORY_GENERAL_HELMET	_장군의투구
730	ACCESSORY_SINSUNCHO_HAT	_신선초모자
731	ACCESSORY_B_FEATHER_BERET	_검은깃털베레모
732	ACCESSORY_BONE_HAT	_해골모자
733	ACCESSORY_HEART_WING_HAIRBAND	_하트날개헤어밴드
734	ACCESSORY_LOVE_PIECE	_사랑의조각
735	ACCESSORY_ST_PAT_HAT	_레프리컨의모자
736	ACCESSORY_NUT_DONUT_MOUTH	_입에문너트도넛
737	ACCESSORY_STRETCHED_NOSE	_늘어난코
738	ACCESSORY_SOFT_SHEEP_HAT	_부드러운양모자
739	ACCESSORY_ANCIENT_GOLD_ADORNMENT	_고대의금장식
740	ACCESSORY_LUCKY_HAT	_행운의모자
741	ACCESSORY_WHITE_FEATHER	_화이트페더
742	ACCESSORY_LORD_OF_DEATH	_죽은자의투구
743	ACCESSORY_WUNDERKAMMER	_브다칸마
744	ACCESSORY_YINYANG_EARRING	_태극귀걸이
745	ACCESSORY_9TH_ANNIVERSARY	_9주년기념모자
746	ACCESSORY_YGGDRASIL_CROWN	_이그드라실왕관
747	ACCESSORY_RED_TIGER_MASK	_빨간타이거마스크
748	ACCESSORY_BLUE_TIGER_MASK	_파란타이거마스크
749	ACCESSORY_NAVY_DROOPING_KITTY	_남색늘어진고양이
750	ACCESSORY_BROWN_DROOPING_KITTY	_갈색늘어진고양이
751	ACCESSORY_ORANGE_BUNNY_BAND	_오렌지토끼머리띠
752	ACCESSORY_VIOLET_BUNNY_BAND	_바이올렛토끼머리띠
753	ACCESSORY_BLUE_BUNNY_BAND	_블루토끼머리띠
754	ACCESSORY_SILVAH_BUNNY_BAND	_실버토끼머리띠
755	ACCESSORY_STRAWBERRY_HAT	_딸기모자
756	ACCESSORY_NESTEA_HAT	_네스티모자
757	ACCESSORY_HORN_OF_ANCIENT	_고대인의뿔
758	ACCESSORY_SPROUT_HAT	_새싹모자
759	ACCESSORY_MERCURY_HELM	_머큐리의투구
760	ACCESSORY_MASK_OF_BLACKDEVIL	_검은악마의가면
761	ACCESSORY_CATEAR_BERET	_고양이귀베레모
762	ACCESSORY_RED_TAMOSHANTER	_빨간빵모자
763	ACCESSORY_WATERMELON_OF_A_MOUTHFUL	_한입수박
764	ACCESSORY_1ST_ROCKET_HELM	_1등로켓투구
765	ACCESSORY_2ND_ROCKET_HELM	_2등로켓투구
766	ACCESSORY_DARK_AGE	_다크에이지
767	ACCESSORY_TEAR_DROP	_티어드롭
768	ACCESSORY_3RD_ROCKET_HELM	_3등로켓투구
769	ACCESSORY_RWC_ROCKET_HELM	_RWC로켓투구
770	ACCESSORY_WHITE_MUSANG_HAT	_백무상모자
771	ACCESSORY_BLACK_MUSANG_HAT	_흑무상모자
772	ACCESSORY_INJURED_EYEPATCH	_부상자의안대
773	ACCESSORY_LONG_TONGUE	_긴혓바닥
774	ACCESSORY_ONIGIRI_IN_MOUTH	_입에무는주먹밥
775	ACCESSORY_AIRPLANE_HAT	_비행기모자
776	ACCESSORY_THIEF_BANDANA	_도적두건
777	ACCESSORY_GELATO_HAT	_젤라또모자
778	ACCESSORY_7TH_ANNI_HAT_B	_7주년기념모자_B
779	ACCESSORY_HEART_EYEBANDAGE	_하트안대
780	ACCESSORY_FULL_MOON	_보름달
781	ACCESSORY_TARE_DOMOVOI	_타레도모붜이
782	ACCESSORY_FALCON_MASK	_팔콘마스크
783	ACCESSORY_DESERT_WOLF_HAT	_데저트울프모자
784	ACCESSORY_DROOPING_ALICEL	_풀죽은엘리스모자
785	ACCESSORY_PETITE_CHEF_HAT	_리본요리사모자
786	ACCESSORY_PORING_CLIP_YELLOW	_노란포링머리핀
787	ACCESSORY_PORING_CLIP_PINK	_분홍포링머리핀
788	ACCESSORY_PORING_CLIP_GREEN	_녹색포링머리핀
789	ACCESSORY_PORING_CLIP_BLUE	_파란포링머리핀
790	ACCESSORY_BRIDES_BOW	_신부의리본
791	ACCESSORY_CITRON_HAT	_유자모자
792	ACCESSORY_NAVY_HAT	_해군사관모자
793	ACCESSORY_STARFISH_BAND	_불가사리머리띠
794	ACCESSORY_RIBBON_MAGICIANHAT	_리본마술사모자
795	ACCESSORY_SCISSORS_REPLICA	_가위손모형
796	ACCESSORY_ROCK_REPLICA	_바위손모형
797	ACCESSORY_PAPER_REPLICA	_보손모형
798	ACCESSORY_SAILOR_HAT	_바닷사람의모자
799	ACCESSORY_MILKCOW_HAT	_젖소모자
800	ACCESSORY_STAR_EYEBANDAGE	_별모양안대
801	ACCESSORY_TONGUE_CHARM	_혓바닥부적
802	ACCESSORY_LUDE_MASK	_루드마스크
803	ACCESSORY_IGNIS_CAP	_이그니스캡
804	ACCESSORY_VANARGAND_HELM	_바나르간드의투구
805	ACCESSORY_DEVI_HEADPHONE	_데비루치헤드폰
806	ACCESSORY_SS_BANDANA	_비밀결사단의두건
807	ACCESSORY_THIEF_SPECTACLE	_괴도의외눈안경
808	ACCESSORY_BOITATA_HAT	_보이타타모자
809	ACCESSORY_INDIAN_FEATHER	_인디안깃털머리띠
810	ACCESSORY_BLITZ_HELMET	_기동형투구
811	ACCESSORY_ANTLER_GENTLEHAT	_사슴뿔신사모자
812	ACCESSORY_SUNGLASS_BASEBALLCAP	_선글라스야구모자
813	ACCESSORY_BLIND_GLASS	_블라인드안경
814	ACCESSORY_ORANGE_MOUTH	_입에무는오렌지
815	ACCESSORY_COMPACTDISK_MOUTH	_입에무는콤팩트디스크
816	ACCESSORY_CAT_LACE_HEADBAND	_고양이레이스머리띠
817	ACCESSORY_TARE_POPEDOLL	_타레교황인형모자
818	ACCESSORY_HANDKERCHIEF_MOUTH	_입에무는손수건
819	ACCESSORY_COWHIDE_HAT	_소가죽모자
820	ACCESSORY_FLYWING_HAT	_비행날개모자
821	ACCESSORY_GREENAPPLE_HAT	_청사과모자
822	ACCESSORY_HEXAGON_GLASSES	_육각안경
823	ACCESSORY_CHERRYBLOSSOMS_MOUTH	_입에무는벚꽃가지
824	ACCESSORY_GREENONION_MOUTH	_입에무는대파
825	ACCESSORY_ABACUS_MOUTH	_입에무는주판
826	ACCESSORY_FROGHAT_T	_개구리모자_대만
827	ACCESSORY_PUPPY_EAR_HAT	_강아지귀모자
828	ACCESSORY_TEAR	_눈물
829	ACCESSORY_CARROT_MOUTH	_입에무는홍당무
830	ACCESSORY_FANCY_HIGHCAP	_화려한하이캡
831	ACCESSORY_STAR_DUST_HAIRBAND	_스타더스트헤어밴드
832	ACCESSORY_2011_RMSC	_2011_RMSC
836	ACCESSORY_RUDOLPH_HEADBAND	_루돌프머리띠
837	ACCESSORY_MIC_HAT	_마이크모자
838	ACCESSORY_SLEEPINGCAT_HAT	_잠자는고양이모자
839	ACCESSORY_TW_REDBANDANA	_빨간두건
840	ACCESSORY_PHOENIX_HELMET	_봉황관
841	ACCESSORY_ORANGE_HAT	_오렌지모자
842	ACCESSORY_SYRINGE_MOUTH	_입에무는주사기
843	ACCESSORY_CHEESE_CRACK_MOUTH	_입에무는치즈과자
844	ACCESSORY_HUNGRY_BIGFISH_HAT	_굶주린대어모자
845	ACCESSORY_RABBIT_RIBBON_HAT	_토끼리본모자
846	ACCESSORY_ANTIQUITY_HELMET	_고대의문관
847	ACCESSORY_SHAVE_CREAM	_면도용크림
848	ACCESSORY_PLANTSTEM_MOUTH	_입에무는식물줄기
849	ACCESSORY_OLIVER_WOLF_HOOD	_올리버늑대후드
850	ACCESSORY_INSECTIVOROUS_PLANT_HAIRPIN	_식충식물의헤어핀
851	ACCESSORY_CAN_HAT	_캔모자
852	ACCESSORY_CANNIBAL_FLOW_HAT	_식인꽃모자
853	ACCESSORY_CANDY_HAT	_캔디모자
854	ACCESSORY_BLACKSWEATER_HAT	_블랙스웨터모자
855	ACCESSORY_SUGARFRUIT_MOUTH	_입에무는설탕과일
856	ACCESSORY_UNIQUE_GLASSES	_독특한패션안경
857	ACCESSORY_FAN_MOUTH	_입에무는부채
858	ACCESSORY_MONKYCOAT_HAT	_원숭이털모자
859	ACCESSORY_DRINKINGHIPPO_HAT	_물먹는하마모자
860	ACCESSORY_THOTH_OFFCIAL_HAT	_토트신관의투구
861	ACCESSORY_STRAWBERRY_MOUTH	_입에무는딸기
862	ACCESSORY_FLIP_HAT	_플립모자
863	ACCESSORY_ASCENSION_BLACK_DRAGON	_승천블랙드래곤
864	ACCESSORY_ROSE_HEADBAND	_장미머리띠
865	ACCESSORY_SWEETVALENTINE_HAT	_스위트발렌타인모자
866	ACCESSORY_AURAQUARTZ_CROWN	_오러쿼츠의왕관
867	ACCESSORY_RABBIT_KNITHAT	_토끼귀니트모자
868	ACCESSORY_SKYMET	_스카이멧
869	ACCESSORY_SEDORA_HAT	_세도라의모자
870	ACCESSORY_AEGIR_HELM	_에길헬름
871	ACCESSORY_MVP_BASKETHAT	_MVP농구모자
872	ACCESSORY_CRITURA_HAT	_크리투라학원모자
873	ACCESSORY_MAGICAL_BOOSTER	_매지컬부스터
874	ACCESSORY_10TH_PORING_HAT	_10주년포링모
875	ACCESSORY_TARE_TINKER_BELL	_타레요정의귀
876	ACCESSORY_MASK_OF_FOTIA	_포티어의가면
877	ACCESSORY_WHITE_SCHOOL_HAT	_하얀학생모
878	ACCESSORY_CARNATION_HAIRBAND	_카네이션머리띠
879	ACCESSORY_STRONGMAN_HAIR	_강한자의헤어
880	ACCESSORY_WILL_O_WISP	_1
882	ACCESSORY_CHUNG_E_SOUL	_청이의영혼
884	ACCESSORY_CHOCOSTICK_MOUTH	_입에무는초코스틱
885	ACCESSORY_COLD_BREATH	_냉기입김
886	ACCESSORY_IFRIT_EYE	_이프리트의눈
887	ACCESSORY_GOLDCOIN_PORING_HAT	_금원보포링의모자
888	ACCESSORY_MAJORUROS_HORN	_메이저우로스의뿔
889	ACCESSORY_POKERCARD_MOUTH	_입에무는포커카드
890	ACCESSORY_NG_RIDEWORD	_저주받은책
891	ACCESSORY_ADVENTURER_HAT	_모험가의모자
892	ACCESSORY_T_RICEBALL	_대만주먹밥
893	ACCESSORY_BLOOD_SUCKER	_블러드서커
894	ACCESSORY_B_SHIBAINU_HAT	_검은시바이누모자
895	ACCESSORY_SAINTCROBOKE	_성스러운크로브크
896	ACCESSORY_SCRATIST_HAT	_스크랫모자
897	ACCESSORY_LAMPOFALADDIN	_알라딘의램프
898	ACCESSORY_PINK_BUNNYBAND	_분홍토끼머리띠
899	ACCESSORY_POS_SPORE_HAT	_포이즌스포아모자
900	ACCESSORY_RAINBOWPORING	_무지개포링모자
901	ACCESSORY_INDONESIA_ID_SAK	_인도네시아삿갓
902	ACCESSORY_VICTORY1ST	_RWC승리의왕관_빨강
903	ACCESSORY_VICTORY2ND	_RWC승리의왕관_파랑
904	ACCESSORY_VICTORY3RD	_RWC승리의왕관_검정
905	ACCESSORY_KINGPORING	_킹포링모자
906	ACCESSORY_ANEMOS	_아네모스가면
907	ACCESSORY_MISSING_F_ANGEL	_타천사의분실물
908	ACCESSORY_SHRINE_MAIDEN_HAT	_성자의리본모자
909	ACCESSORY_KIEHL_DOLL	_풀죽은키엘모자
910	ACCESSORY_ALIOT_DOLL	_풀죽은엘리엇모자
911	ACCESSORY_MAGICIAN_NIGHT_CAP	_매지션의나이트캡
912	ACCESSORY_ORDINARY_BLACK_MAGE_HAT	_평범한블랙매지션햇
913	ACCESSORY_NIGHT_SPARROW_HAT	_나이트스패로우햇
914	ACCESSORY_VICTORY8	_RWC승리의왕관_8강
915	ACCESSORY_BLUE_ANGEL_HAIRBAND	_딥블루천사의머리띠
916	ACCESSORY_PINK_ANGEL_HAIRBAND	_핑크천사의머리띠
917	ACCESSORY_NERO	_네로가면
918	ACCESSORY_GEE	_기의가면
919	ACCESSORY_J_BOSS_HAT	_보스모자
920	ACCESSORY_ROSE_CASQUETTE	_장미카스캐트
921	ACCESSORY_THORNWOOD_BAND	_가시나무헤어밴드
922	ACCESSORY_ECLIPSE_HAT	_이클립스모자
923	ACCESSORY_BLACKRABBIT_HAT	_검은토끼모자
924	ACCESSORY_YELLOWCITRON_HAT	_노랑유자모자
925	ACCESSORY_WING_GLASSES	_날개안경
926	ACCESSORY_WHITECAT_EAR	_하얀새끼고양이귀
927	ACCESSORY_ANGEL_SCHOOLHAT	_천사학생모
928	ACCESSORY_DEVIL_SCHOOLHAT	_악마학생모
929	ACCESSORY_H_ANGEL_SCHOOLHAT	_진화된천사학생모
930	ACCESSORY_H_DEVIL_SCHOOLHAT	_진화된악마학생모
931	ACCESSORY_MOUTH_RED_PENCIL	_입에무는빨간연필
932	ACCESSORY_MOUTH_BLUE_PENCIL	_입에무는파란연필
933	ACCESSORY_ELDERCROWN	_엘더크라운
934	ACCESSORY_FIVE_COLOR_FEATHER	_오색깃털장식
935	ACCESSORY_IMPERIAL_FEATHER	_임페리얼페더
936	ACCESSORY_BANKRUPTCY_MASK	_파산자의가면
937	ACCESSORY_MONEYLOSE_MIND	_돈을잃은자의마음
938	ACCESSORY_SWEET_BONNET	_스위트보넷
939	ACCESSORY_WOODIE_HAT	_초록이모자
940	ACCESSORY_VALKYRIE_CIRCLET	_발키리의서클릿
941	ACCESSORY_BROWN_HELM	_흙빛의투구
942	ACCESSORY_2012_RMSC_1	_2012RMSCNO1
943	ACCESSORY_2012_RMSC_2	_2012RMSCNO2
944	ACCESSORY_2012_RMSC_3	_2012RMSCNO3
945	ACCESSORY_2012_RMSC_4	_2012RMSCNO4
946	ACCESSORY_ROLFVONZIEGE_666	_랄프폰지게666세
947	ACCESSORY_WISH_LAMP	_소원성취천등
948	ACCESSORY_CIRCLET_OF_MARIN	_마린의관
949	ACCESSORY_SAKURA_HAIRBAND	_사쿠라머리띠
950	ACCESSORY_ANNIVERSARY_RAG_10TH	_라그10주년기념모자
951	ACCESSORY_LIMITED_RAG_10TH	_라그10주년기념한정모자
952	ACCESSORY_CHEER_WHISTLE	_응원용호루라기
953	ACCESSORY_ANGELING_FURHAT	_엔젤링털모자
954	ACCESSORY_PORING_SUNGLASS	_포링선글래스
955	ACCESSORY_Small_Poring_Band	_스몰포링머리띠
956	ACCESSORY_Hat_Of_Girl	_소녀의모자
957	ACCESSORY_Small_Deviling_Hat	_스몰데빌링모자
958	ACCESSORY_Blue_Poring_Bubble	_파란포링풍선
959	ACCESSORY_Banshee_Master_Kiss	_밴시마스터의키스
960	ACCESSORY_PROTECT_OF_SEAGOD	_해신의수호
961	ACCESSORY_SHINESANTAPORING	_발광산타포링
962	ACCESSORY_JOLLY_ROGER_HAT	_졸리로저
963	ACCESSORY_FRESH_ROSE	_싱싱한장미
964	ACCESSORY_SANTA_HAIRBAND	_산타인형머리띠
965	ACCESSORY_MOCHRING_HAT	_모치링모자
966	ACCESSORY_POLAR_BEAR_CAP	_크리스마스흰곰모자
967	ACCESSORY_CELINES_RIBBON	_셀린느의리본
968	ACCESSORY_DELICIOUS_STRAWBERRY_HAT	_맛있는딸기모
969	ACCESSORY_Afro_Wig_Black	_아프로가발_검정
970	ACCESSORY_Afro_Wig_Red	_아프로가발_빨강
971	ACCESSORY_Afro_Wig_Yellow	_아프로가발_노랑
972	ACCESSORY_AVIATOR_HAT	_에비에이터모자
973	ACCESSORY_W_KING_TIGER_DOLL_HAT	_흰호랑이왕모자
974	ACCESSORY_CURUPIRA_HAT	_쿠루피라모자
975	ACCESSORY_PINK_ANGELING_BUBBLE	_핑크엔젤링풍선
976	ACCESSORY_ANGELING_BUBBLE	_엔젤링풍선
977	ACCESSORY_PRESCHOOL_HAT	_유치원생의모자
978	ACCESSORY_GOTHIC_HEAD_DRESS	_고딕헤드드레스
981	ACCESSORY_Sword_Master_Crown	_검성의왕관
982	ACCESSORY_Owlduke_Silk_Hat	_아울듀크의실크햇
983	ACCESSORY_Vajra	_바쥬라
984	ACCESSORY_ASSASSIN_SKULL_MASK	_암살자해골가면
985	ACCESSORY_TARE_ZONDA	_존다인형모자
986	ACCESSORY_Snake_Hat	_뱀모자
987	ACCESSORY_C_Saint_Frill_Ribbon	_C세인트프릴리본
988	ACCESSORY_C_Light_Darkness_Crown	_C빛과어둠의진혼관
989	ACCESSORY_BARON_EVIL_EYE	_바롤의마안
990	ACCESSORY_C_Shelter_Wing_Ears	_C수호날개
991	ACCESSORY_Palace_Guard_Cap	_근위병의모자
992	ACCESSORY_RAINBOW_VEIL	_무지개면사포
993	ACCESSORY_WHITE_LILY	_화이트릴리
994	ACCESSORY_HAPPY_PEACE_PROOF	_행복평화의증표
995	ACCESSORY_Angry_Scorpion_Hat	_스콜피온모자
996	ACCESSORY_BLACKDEATHKING_GOLDEN	_고급흑사왕의모자
997	ACCESSORY_YGGDRASIL_HAT	_세계수의모자
998	ACCESSORY_C_Tomboy_Fairy	_C말썽꾸러기요정
999	ACCESSORY_Mimic_Egg_Shell	_미믹알껍질
1000	ACCESSORY_Bunny_Egg_Shell	_토끼머리알껍질
1001	ACCESSORY_Picky_Egg_Shell	_픽키알껍질
1002	ACCESSORY_EVIL_MARCHER_HAT_J	_사악한마칭햇_J
1003	ACCESSORY_Kannam_On_Head	_칸남모자
1004	ACCESSORY_BUSHY_MOUSTACHE	_무성한콧수염
1005	ACCESSORY_TWINKLE_LITTLE_STAR	_반짝반짝작은별
1006	ACCESSORY_BLACK_WITCH_HAT	_검은마녀의모자
1007	ACCESSORY_RAINBOW_LONG_OCTOPUS	_무지개낙지모자
1008	ACCESSORY_CELESTIAL_DARK_FLAME	_천상의어둠화염
1009	ACCESSORY_PTERIOS_FINS	_프레티리오스지느러미
1010	ACCESSORY_AZURE_DIADEM	_하늘색왕관
1011	ACCESSORY_JEJECAP	_제제캡
1012	ACCESSORY_AQUA_BUNNY_BAND	_아쿠아버니밴드
1013	ACCESSORY_MAROON_BUNNY_BAND	_마룬버니밴드
1014	ACCESSORY_GOLDEN_BUNNY_BAND	_골든버니밴드
1015	ACCESSORY_GRAY_BUNNY_BAND	_그레이버니밴드
1016	ACCESSORY_HUSKY_HAT	_허스키모자
1017	ACCESSORY_UFO_PORING_HAT	_UFO포링모자
1018	ACCESSORY_DRAGON_CLAW_HELM	_용발톱헬멧
1019	ACCESSORY_RAINBOW_STAR	_무지개스타
1020	ACCESSORY_BLUE_EYESHADOW	_블루아이새도
1021	ACCESSORY_DEVOTED_EYES	_신앙의눈
1022	ACCESSORY_WEISSWURST	_뮌헨소시지
1023	ACCESSORY_SEPPL_HAT	_독일축제모자
1024	ACCESSORY_SHOVEL_HAT	_파파삽모자
1025	ACCESSORY_FROZEN_LAND_ROSE	_얼어붙은땅의장미
1026	ACCESSORY_CARNATION_GARLANDS	_카네이션화환
1027	ACCESSORY_BUTTERFLY_BARRETTES	_나비의트윈바렛
1028	ACCESSORY_HOLY_ROSARIO	_성스러운로사리오
1029	ACCESSORY_DROOPING_PANDA	_늘어진판다
1030	ACCESSORY_ISABELLA_RED_EAR	_이사벨라레드귀모자
1031	ACCESSORY_ISABELLA_BROWN_EAR	_이사벨라브라운귀모자
1032	ACCESSORY_ISABELLA_BLUE_EAR	_이사벨라블루귀모자
1033	ACCESSORY_RED_FLOWER_HAT	_레드플라워모자
1034	ACCESSORY_BELL_PIGEON	_벨의비둘기
1035	ACCESSORY_GOSSIP_RAVEN	_수다쟁이까마귀
1036	ACCESSORY_KID_DEVILING	_꼬마데빌링
1037	ACCESSORY_BLOOD_BUFFTERFLY	_피묻은나비귀
1038	ACCESSORY_BEAR_BALLOON	_곰돌이풍선
1039	ACCESSORY_LOVELOVE_BALLOON	_러브러브풍선
1040	ACCESSORY_LONG_OCTOPUS_BALLOON	_낙지풍선
1041	ACCESSORY_JACK_CASTLE_BAT	_잭캐슬배트
1042	ACCESSORY_FEZ_OF_GENTLE	_신사의페즈
1043	ACCESSORY_BORK	_보어크
1044	ACCESSORY_RED_VANE_HAIRPIN	_붉은풍차비녀
1045	ACCESSORY_TABOO_CURSE_SCROLL	_금주의두루마리
1046	ACCESSORY_FULL_BLOOM_HAIRPIN	_앵화난만의비녀
1047	ACCESSORY_MAJESTIHELMET	_위풍위연의투구
1048	ACCESSORY_C_Lolita_Ten_Gallon_Hat	_로리타텐겔론모자
1049	ACCESSORY_C_Pecopeco_Cap	_페코페코캡
1050	ACCESSORY_C_Ifrits_Breath	_이프리트의숨결
1051	ACCESSORY_GODOFWINDS_FAN	_풍신의부채
1052	ACCESSORY_WHITE_CAT_HOOD	_흰고양이후드
1053	ACCESSORY_EVIL_DRUID_HAT	_이블드루이드모자
1054	ACCESSORY_VICIOUS_STOP_BANDAGE	_사안봉인의붕대
1055	ACCESSORY_HELMET_OF_SIEGFRIED	_지크프리트의투구
1056	ACCESSORY_CIRCLET_OF_KRIEMHILD	_크림힐트의왕관
1057	ACCESSORY_DIADEM_OF_BRUENHILD	_브륀힐트의왕관
1058	ACCESSORY_GREEN_FOXTAIL	_녹색강아지풀
1059	ACCESSORY_HAPPY_SUMMER_WIG	_해피섬머아프로
1062	ACCESSORY_IRO_Flag_Bandana	_IRO플래그두건
1063	ACCESSORY_IRO_Flag_Hat	_IRO플래그모자
1064	ACCESSORY_Miracle_Blue_Rose	_기적의푸른장미
1065	ACCESSORY_ELEPHANT_MODEL_HAT	_코끼리모형모자
1066	ACCESSORY_GORILLA_MODEL_HAT	_고릴라모형모자
1067	ACCESSORY_LION_MODEL_HAT	_라이온모형모자
1068	ACCESSORY_RHINO_MODEL_HAT	_코뿔소모형모자
1069	ACCESSORY_MECHANICAL_PLANT_HAT	_기계식물모자
1070	ACCESSORY_FOX_EARS_DROP_RIBBON	_여우귀방울리본
1071	ACCESSORY_BLACK_CAT_EARS_BERET	_검은고양이귀베레모
1072	ACCESSORY_MEMORIES_OF_LOVERS	_메모리오브러버스
1073	ACCESSORY_ASTRO_CIRCLE	_천체서클
1075	ACCESSORY_10_GALLON_HAT_OF_FLAME	_불꽃의텐겔론햇
1076	ACCESSORY_HUNTING_CAP_OF_GUST	_돌풍의헌팅캡
1077	ACCESSORY_KNIT_CAP_OF_WATER	_물의니트캡
1078	ACCESSORY_SILK_HAT_OF_EARTH	_대지의실크햇
1079	ACCESSORY_WEISSBIER_HAT	_바이스비어햇
1080	ACCESSORY_C_ICEFLAKE_HAT	_C빙수모자
1081	ACCESSORY_GOLDEN_FISH	_입에문황금물고기
1082	ACCESSORY_DEVIRUCHI_BALLOON	_데비루치풍선
1083	ACCESSORY_TARE_MAID_DOLL_HAT	_늘어진메이드인형모자
1084	ACCESSORY_TARE_HSCHOOL_DOLL_HAT	_늘어진여고생인형모자
1085	ACCESSORY_PRETTY_RABBIT_HOOD	_프리티토끼후드
1086	ACCESSORY_FLOWERPOT_MASK	_플라워포트마스크
1087	ACCESSORY_PIAMETTE_HOOD	_피아멧트의두건
1088	ACCESSORY_PIPE_OF_JIRAIYA	_지라이야의담뱃대
1089	ACCESSORY_MASK_OF_OROCHIMARU	_오로치마루의마스크
1090	ACCESSORY_SCROLL_OF_TSUNADE	_츠나데의인술서
1091	ACCESSORY_THERE_IS_SOMETHING	_뭔가있어
1092	ACCESSORY_GERHARD_VON_DEVI	_게르하르트폰데비
1093	ACCESSORY_ANGEL_EARING	_천사의귀걸이
1094	ACCESSORY_PH_RO_10TH_CAP	_필리핀10주년모자
1095	ACCESSORY_RABBIT_HEAD_DRESS	_레빗헤드드레스
1096	ACCESSORY_GREEN_GUM_IN_MOUTH	_입에문녹색풍선껌
1097	ACCESSORY_SPECIAL_EYEPATCH	_멋진해적안대
1098	ACCESSORY_HALLOWEEN_HAT	_할로윈모자
1099	ACCESSORY_TRIANGULAR_ROOF_HAT	_삼각지붕모자
1100	ACCESSORY_CAT_EYE	_고양이눈
1101	ACCESSORY_FELOCK_CAP	_파란선장모자
1102	ACCESSORY_OLD_PINK_POO_HAT	_오래된핑크색거시기
1103	ACCESSORY_LITTLE_DEVIL_S_HORN	_소악마의작은뿔
1104	ACCESSORY_LOVE_DADDY_2013	_아버지사랑2013
1105	ACCESSORY_BLACK_CAT_HAT	_검은고양이모자
1106	ACCESSORY_RCC2013_1ST_CROWN	_RCC2013챔피온투구
1107	ACCESSORY_RCC2013_2ND_CROWN	_RCC2013준우승투구
1108	ACCESSORY_RCC2013_3RD_CROWN	_RCC20133등상투구
1109	ACCESSORY_RCC2013_ANV_HAT	_RCC2013기념모자
1110	ACCESSORY_CHOCOLATE_BOMB	_초콜렛폭탄
1111	ACCESSORY_Gothic_Heart_Wing	_고딕하트윙밴드
1112	ACCESSORY_Classic_Ribbon	_클래식리본
1113	ACCESSORY_Angel_Mini_Silk_Hat	_천사의미니실크햇
1114	ACCESSORY_EGGTART_HAT	_에그타르트모자
1115	ACCESSORY_PANDA_BALLOON	_판다풍선
1116	ACCESSORY_HAPPY_PARROT	_즐거운앵무새
1117	ACCESSORY_Crown_Of_Saint	_성자의왕관
1118	ACCESSORY_ASCENDANT_CROWN_	_어센드크라운
1119	ACCESSORY_AUTUMN_HEADBAND	_가을머리띠
1120	ACCESSORY_BLACK_RIBBON_	_까만리본머리띠
1121	ACCESSORY_DIVINE_GUARD_HAT_	_신의보호
1122	ACCESSORY_FOCUS_BERET_	_집중의베레모
1123	ACCESSORY_HARVESTER_HAT_	_추수의모자
1124	ACCESSORY_HITAIKAKUSHI_	_죽은자의두건
1125	ACCESSORY_INCONSPICUOUS_HAT_	_아주평범한모자
1126	ACCESSORY_LYRICA_HAT_	_리리카모자
1127	ACCESSORY_ONI_HORNS_	_오니의뿔
1128	ACCESSORY_SEA_CAPTAIN_HAT_	_바다캡틴모자
1129	ACCESSORY_SHAVING_FOAM	_쉐이빙폼
1130	ACCESSORY_711_Knit_Hat	_711니트모자
1131	ACCESSORY_711_Headphone	_711헤드폰
1132	ACCESSORY_JINN_PORING_BALLOON	_정령포링풍선
1133	ACCESSORY_JINN_MARIN_BALLOON	_정령마린풍선
1134	ACCESSORY_Boss_Beret	_보스베레모
1135	ACCESSORY_Globe_Hat	_지구본모자
1136	ACCESSORY_RWC2013_JP_Hat	_RWC2013_JP기념모자
1137	ACCESSORY_Choir_Hat	_성가대모자
1138	ACCESSORY_Drooping_Argiope	_늘어진아르지오프
1139	ACCESSORY_Chain_Puppet	_체인퍼펫
1140	ACCESSORY_Protect_Of_Crown	_수호의관
1141	ACCESSORY_Circlet_Of_Bone	_뼈의서클릿
1142	ACCESSORY_Camouflage_RabbitHood	_얼룩무늬토끼후드
1143	ACCESSORY_Falconer_Flute	_매부리의피리
1144	ACCESSORY_C_Cat_Santa_Hat	_C고양이산타모자
1145	ACCESSORY_C_Golden_Exclamation	_C금색느낌표
1146	ACCESSORY_C_Silver_Exclamation	_C은색느낌표
1147	ACCESSORY_C_Golden_Question	_C금색물음표
1148	ACCESSORY_C_Silver_Question	_C은색물음표
1149	ACCESSORY_RWC13_JORMUNGANDR_HAT	_요르문간드투구
1150	ACCESSORY_Accessory_of_Ascetic	_도사의장식
1151	ACCESSORY_RWC13_CROWNOFGLORY_1ST	_RWC13영광의왕관1위
1152	ACCESSORY_RWC13_CROWNOFGLORY_2ND	_RWC13영광의왕관2위
1153	ACCESSORY_RWC13_CROWNOFGLORY_3RD	_RWC13영광의왕관3위
1154	ACCESSORY_RWC13_CROWNOFGLORY_AW	_RWC13영광의왕관장려
1155	ACCESSORY_New_Year_Hairpin	_마네키모치바나
1156	ACCESSORY_Mouton_Life	_무통라이프
1157	ACCESSORY_Snow_Rabbit_Knit_Hat	_눈토끼니트모자
1158	ACCESSORY_Galanthus_Guard	_가란사스가드
1159	ACCESSORY_Male_Poring_Balloon	_남포링풍선
1160	ACCESSORY_Male_Poring_Earmuff	_남포링귀장식
1161	ACCESSORY_Female_Poring_Balloon	_여포링풍선
1162	ACCESSORY_Female_Poring_Earmuff	_여포링귀장식
1163	ACCESSORY_Blue_Bellflower_Hat	_파란도라지꽃모자
1164	ACCESSORY_Cat_Magical_Hat	_고양이마법모자
1165	ACCESSORY_Nice_Cat_Magical_Hat	_멋진고양이마법모자
1166	ACCESSORY_Balloon_Flowerform	_꽃모양풍선
1167	ACCESSORY_Earmuff_Flowerform	_꽃모양귀장식
1168	ACCESSORY_Roundly_Woolly_Hat	_둥글둥글털모자
1169	ACCESSORY_Exosrcist_Glass	_퇴마의글래스
1170	ACCESSORY_Yellow_Scarf	_노란스카프
1171	ACCESSORY_saLUsalo_Cap	_saLUsalo기념모자
1172	ACCESSORY_Flower_Style_Hat	_꽃무늬모자
1173	ACCESSORY_Balck_Veil	_검은면사포
1174	ACCESSORY_Cheks_Vandana	_체크패턴두건
1175	ACCESSORY_Ribbon_Of_Lady	_숙녀의리본
1176	ACCESSORY_Flower_Blossom	_꽃의향연
1177	ACCESSORY_X_Hat	_X모자
1178	ACCESSORY_Big_Bunny_Ear	_큰토끼귀
1179	ACCESSORY_Peony_Vandana	_모란두건
1180	ACCESSORY_Rhythm_Hairband	_율동의머리장식
1181	ACCESSORY_Nobility_Hat	_귀족모자
1182	ACCESSORY_Hiphop_Hat	_힙합모자
1183	ACCESSORY_Happy_Balloon	_행복의풍선
1184	ACCESSORY_Party_Balloon	_파티풍선
1185	ACCESSORY_Victory_Ear_Accessary	_승리의귀장식
1186	ACCESSORY_Blue_Ear_Accessary	_파란귀장식
1187	ACCESSORY_Little_Wyverns	_리틀와이번스
1188	ACCESSORY_ANGEL_SPIRIT_GUIDES	_천사의인도
1189	ACCESSORY_Horse_King	_마왕
1190	ACCESSORY_LUBU_HELMET	_여포의투구
1191	ACCESSORY_BOMB_HAT	_폭탄모자
1192	ACCESSORY_DRAGON_TURTLE_HAT	_용비늘거북이모자
1193	ACCESSORY_Mouse_Hat1	_생쥐모자1
1194	ACCESSORY_Mouse_Hat2	_생쥐모자2
1195	ACCESSORY_Mouse_Hat3	_생쥐모자3
1196	ACCESSORY_Mouse_Hat4	_생쥐모자4
1197	ACCESSORY_Mouse_Hat5	_생쥐모자5
1198	ACCESSORY_Sigruns_Wing_2	_사이그룬2
1199	ACCESSORY_Lightning_Speed	_질풍신뢰
1200	ACCESSORY_Double_Horn_Helm	_더블본헬름
1201	ACCESSORY_Riot_Chip	_폭주하는칩
1202	ACCESSORY_Gambler_Seal	_갬블러의씰
1203	ACCESSORY_Camellia_Hair_Pin	_애기동백꽃비녀
1204	ACCESSORY_Lincoln_Hat	_링컨모자
1205	ACCESSORY_Lincoln_Beard	_링컨수염
1206	ACCESSORY_Lobster_Hat	_멋진저녁모자
1207	ACCESSORY_Alphonse_Helmet	_알폰소의투구
1208	ACCESSORY_Horo_Ears	_호로의귀
1209	ACCESSORY_Beret_Of_Artist	_예술가의베레모
1210	ACCESSORY_Gravekeeper_Blinker	_묘지기의눈가리개
1211	ACCESSORY_Cow_Hat1	_젖소모자1
1212	ACCESSORY_Cow_Hat2	_젖소모자2
1213	ACCESSORY_Cow_Hat3	_젖소모자3
1214	ACCESSORY_Cow_Hat4	_젖소모자4
1215	ACCESSORY_Bunny_Head_Dress	_바니헤드드레스
1216	ACCESSORY_Firinto_Scarf	_피린트스카프
1217	ACCESSORY_Buddhist_Priest_Crown	_법사관
1218	ACCESSORY_Monster_Fish_Gill	_괴어의아가미
1219	ACCESSORY_ELEMENTAL_CROWN	_정령의왕관
1220	ACCESSORY_SURVIVE_CIRCLET	_서바이벌서클릿
1221	ACCESSORY_GIGANT_HELM	_기간트헬름
1222	ACCESSORY_Blue_Ribbon_Band	_파란장미장식
1223	ACCESSORY_Prayer_Cherry_Blossom	_기원의벚꽃
1224	ACCESSORY_Wind_of_the_prairie	_초원의바람
1225	ACCESSORY_Pegasus_Balloon	_페가수스풍선
1226	ACCESSORY_Pegasus_Balloon2	_페가수스동행풍선
1227	ACCESSORY_DragonKnight_Eyepatch	_용기사의안대
1228	ACCESSORY_Yellow_Brain_Hat	_옐로우브레인햇
1229	ACCESSORY_Blue_Brain_Hat	_블루브레인햇
1230	ACCESSORY_Floating_Stone_Of_Intelligence	_부유하는현자의돌
1231	ACCESSORY_Q_Scaraba_Crown	_여왕스카라바투구
1232	ACCESSORY_Protect_Feathers	_프로텍트페더
1233	ACCESSORY_Gryphon_Hairband	_그리폰머리띠
1234	ACCESSORY_Alpaca_Hood	_알파카후드
1235	ACCESSORY_Worg_In_Mouth	_입에문워그
1236	ACCESSORY_Flower_Poring_Hat	_화환포링모자
1237	ACCESSORY_10_Type_Glasses	_10식안경
1238	ACCESSORY_Vampire_Hairband	_뱀파이어헤어밴드
1239	ACCESSORY_Ljosalfar	_료스엘프
1240	ACCESSORY_Volume_Fhat	_볼륨페더햇
1241	ACCESSORY_Bragi_Wing_Ears	_브라기의날개귀
1242	ACCESSORY_MetalDragon_Helm	_메탈드래곤투구
1243	ACCESSORY_MetalDragon_Hat	_메탈드래곤모자
1244	ACCESSORY_Mythlit_Hat	_미스릿모자
1245	ACCESSORY_DragonCintamani_Hat1	_여의주를품은용모자1
1246	ACCESSORY_DragonCintamani_Hat2	_여의주를품은용모자2
1247	ACCESSORY_DragonCintamani_Hat3	_여의주를품은용모자3
1248	ACCESSORY_DragonCintamani_Hat4	_여의주를품은용모자4
1249	ACCESSORY_AliceFriesinger_Hat_69	_아이스폰프리징어69세
1250	ACCESSORY_Fallen_Angel_Blessing	_타천사의축복
1251	ACCESSORY_Angel_Of_Happiness	_행복의천사
1252	ACCESSORY_37_Sculpt	_37식스큐트
1253	ACCESSORY_Star_Reading_Hat	_점성술사의모자
1254	ACCESSORY_Mermaid_Headphone	_머메이드헤드폰
1255	ACCESSORY_Under_Rim_Glasses	_언더림안경
1256	ACCESSORY_Aqua_Ten_Gallon_Hat	_아쿠아텐갤론햇
1257	ACCESSORY_Raspberry_Mousse_Hat	_라즈베리무스햇
1258	ACCESSORY_Coiledup_Snake_Hat1	_똬리튼뱀모자1
1259	ACCESSORY_Coiledup_Snake_Hat2	_똬리튼뱀모자2
1260	ACCESSORY_Happy_Summer_Ribbon	_해피섬머리본
1261	ACCESSORY_Charm_Of_Flame_Heart	_챰오브프레임하트
1262	ACCESSORY_Charm_Of_Mistic_Frozen	_챰오브미스틱프로즌
1263	ACCESSORY_Charm_Of_Rough_Wind	_챰오브러프윈드
1264	ACCESSORY_Charm_Of_Great_Nature	_챰오브그레이트네이쳐
1265	ACCESSORY_Whisper_Tall_Hat	_위스퍼톨햇
1266	ACCESSORY_C_Tower_Manager_Incom	_시계탑관리자의인컴
1267	ACCESSORY_Subject_Aura	_사념의오오라
1268	ACCESSORY_Poring_Mascot_Costume	_덮어쓴포링
1269	ACCESSORY_Helm_Of_Abyss_White	_흰색심연의모자
1270	ACCESSORY_Wish_Tree_Hat	_소원종이모자
1271	ACCESSORY_Horse_Hairpin1	_미니말머리핀1
1272	ACCESSORY_Horse_Hairpin2	_미니말머리핀2
1273	ACCESSORY_Straw_Rice_Bag	_쌀가마니모자
1274	ACCESSORY_Monochrome_Cap	_모노크롬캡
1275	ACCESSORY_Maple_Which_Falls	_흩날리는낙엽
1276	ACCESSORY_Ladys_Feather_Hat	_귀부인의깃털모자
1277	ACCESSORY_Lamb_Hat1	_양털모자1
1278	ACCESSORY_Lamb_Hat2	_양털모자2
1279	ACCESSORY_Magical_Feather	_매지컬페더
1280	ACCESSORY_Sepia_Cap	_세피아캡
1281	ACCESSORY_Pumpkin_Head	_펌킨헤드
1282	ACCESSORY_Lude_Hood	_루드후드
1283	ACCESSORY_Halloween_Hat_Orange	_주황색할로윈햇
1284	ACCESSORY_Diabolic_Headphone	_디아볼릭헤드폰
1285	ACCESSORY_Niflheim_Bunny_Hat	_니플헤임버니햇
1286	ACCESSORY_Heaven_Cage	_낙원의새장
1287	ACCESSORY_Crow_Tengu_Mask	_까마귀천구의가면
1288	ACCESSORY_Happy_Pierrot_Mask	_해피삐에로가면
1289	ACCESSORY_Happy_Balloon_J	_해피벌룬
1290	ACCESSORY_Drooping_Dorasuke	_늘어진길용이
1291	ACCESSORY_Der_Meisterpinsel	_마스터브러쉬
1292	ACCESSORY_Scratching_Cat	_할퀴는고양이
1293	ACCESSORY_Leopard_Ear_Hat	_표범무늬귀모자
1294	ACCESSORY_Amistr_Beret	_아미스트르베레모
1295	ACCESSORY_Misty_Ears	_갈색고양이귀
1296	ACCESSORY_Chicken_Hat1	_꼬꼬닭모자1
1297	ACCESSORY_Chicken_Hat2	_꼬꼬닭모자2
1298	ACCESSORY_Chicken_Hat3	_꼬꼬닭모자3
1299	ACCESSORY_Mermaid_Longing	_인어공주의그리움
1300	ACCESSORY_Arabian_Veil	_아라비안베일
1301	ACCESSORY_Spell_Circuit	_스펠서킷
1302	ACCESSORY_Angel_Marcher_Hat	_천사의마칭햇
1303	ACCESSORY_Dark_Night_Veil	_암야의베일
1304	ACCESSORY_Loki_Nidhogg_Hat	_로키와니드호그모자
1305	ACCESSORY_Joystick_Hat	_조이스틱햇
1306	ACCESSORY_Lovegame_Hat	_러브게임햇
1307	ACCESSORY_Love_Dad_2014	_Love_Dad_2014
1308	ACCESSORY_Moon_Cat_Hat	_달고양이모자
1309	ACCESSORY_Time_Accessory	_시간의장식
1310	ACCESSORY_Blackhand_Of_Fate	_운명의검은손
1311	ACCESSORY_Baphomet_Hat	_바포메트투구
1312	ACCESSORY_Large_Ribbon_Muffler	_커다란리본머플러
1313	ACCESSORY_Snownow_Hat	_스노우노우모자
1314	ACCESSORY_Choco_Mint_Bonnet	_초코민트보넷
1315	ACCESSORY_STRONGMAN_HAIR_BLACK	_강한자의헤어검정
1316	ACCESSORY_STRONGMAN_HAIR_RED	_강한자의헤어빨강
1317	ACCESSORY_STRONGMAN_HAIR_WHITE	_강한자의헤어하얀
1318	ACCESSORY_Love_Cheek	_러브발그레
1319	ACCESSORY_Honey_Pancake	_허니팬케익
1320	ACCESSORY_Black_Rabbit_Bonnet	_블랙래빗보넷
1321	ACCESSORY_Blue_Head_Dress	_블루헤드드레스
1322	ACCESSORY_Pink_Clover	_핑크클로버
1323	ACCESSORY_Owlviscount_Silk_Hat	_아울바이카운트의실크햇
1324	ACCESSORY_Secret_Zipper	_비밀의지퍼
1325	ACCESSORY_Penguin_Cap	_펭귄캡
1326	ACCESSORY_Sleep_Eclipse_Family	_잠자는이클립스가족
1327	ACCESSORY_White_Fox_Ear_Ribbon	_흰여우귀방울리본
1328	ACCESSORY_Gryphon_Wing_Ears	_그리폰의날개귀
1329	ACCESSORY_Over_Protector	_오버프로텍터
1330	ACCESSORY_Cherry_Blossom_Hat	_벚꽃모자
1331	ACCESSORY_Cherry_Blossom_Fluttering	_흩날리는벚꽃
1332	ACCESSORY_Under_Rim_Glasses_Red	_언더림안경레드
1333	ACCESSORY_Man_Medal_Gold	_비행기모자골드
1334	ACCESSORY_BIJOUHAT	_비쥬모자
1335	ACCESSORY_Drama_Clockwork	_연극용태엽키
1336	ACCESSORY_C_Wing_Ear_Black	_C수호자검은날개
1337	ACCESSORY_C_Evil_Druid_Hat_Black	_C칠흑의이블드루이드모자
1338	ACCESSORY_RAMEN_HAT_BLACK	_라면모자_블랙
1339	ACCESSORY_Rabbit_Ear_Eggshell	_토끼귀알껍질
1340	ACCESSORY_C_Happy_Lunatic_Hanging_Ear	_C행복의늘어진루나틱귀
1341	ACCESSORY_C_Face_Crusher	_C페이스_크래셔
1342	ACCESSORY_C_Hill_Wind_Mask	_C힐윈드_마스크
1343	ACCESSORY_C_Beelzebub_Crown	_C베르제브브의왕관
1344	ACCESSORY_C_Artist_Hat	_C예술가의모자
1345	ACCESSORY_Loki_Assassin_Mask	_로키의어쌔신마스크
1346	ACCESSORY_Bra_Hat	_머리위의브라
1347	ACCESSORY_Wing_Headphone	_날개헤드폰
1348	ACCESSORY_BeginnerMark	_비기너마크
1349	ACCESSORY_Dwarf_Beard	_드워프수염
1350	ACCESSORY_Chibi_Beelzebub_Hat	_데블의딜
1351	ACCESSORY_Analyze_Eye	_애널라이즈아이
1352	ACCESSORY_Seraph_Wing_Helm	_지천사날개투구
1353	ACCESSORY_CatEars_Cyber_HeadP	_고양이귀사이버헤드폰
1354	ACCESSORY_Charleston_Antenna	_찰스턴안테나
1355	ACCESSORY_Crimson_Booster	_크림슨부스터
1356	ACCESSORY_Faceworm_Egg_Shell	_페이스웜알껍질
1357	ACCESSORY_KarduiEar	_카르듀이의귀
1358	ACCESSORY_FlyingGalapago	_날으는갈라파고
1359	ACCESSORY_DVAngelNurseCap	_성천사의간호모
1360	ACCESSORY_QueenAnzRevenge	_퀸안즈리벤지
1361	ACCESSORY_RuneHelm	_룬헬름
1362	ACCESSORY_Pigeon_Hat	_비둘기모자
1363	ACCESSORY_Little_Aquarium	_리틀아쿠아리움
1364	ACCESSORY_Sailor_Collar	_수병의옷깃
1365	ACCESSORY_Marine_Cap	_마린캡
1366	ACCESSORY_Bio_Protector	_바이오프로텍터
1367	ACCESSORY_Mask_of_Hero	_영웅의마스크
1368	ACCESSORY_Parfait_V_Hat	_파르펠레자경단모자
1369	ACCESSORY_C_Flower_Summer_Hat	_C플라워섬머햇
1370	ACCESSORY_Moon_Eyepatch	_달의안대
1371	ACCESSORY_Straight_Pony_BL	_스트레이트포니_검정
1372	ACCESSORY_Cowlick_BL	_삐침머리_검정
1373	ACCESSORY_Loose_Wave_Twin_BL	_루즈웨이브트윈_검정
1374	ACCESSORY_Melon_Helmet	_멜론헬멧
1375	ACCESSORY_Unicorn_Helm	_유니콘헬름
1376	ACCESSORY_ZHERLTHSH_DOLL	_지르타스인형
1377	ACCESSORY_Souvenirs_Of_Izlude	_이즈루드의기념품
1378	ACCESSORY_C_Flutter_Butterfly	_C나비의날갯짓
1379	ACCESSORY_C_Angel_Veil	_C천사의베일
1380	ACCESSORY_C_Angel_Fluttering	_C흩날리는천사의날개
1381	ACCESSORY_C_Classical_Fhat	_C클래시컬페더햇
1382	ACCESSORY_Cowlick_YL	_삐침머리_노랑
1383	ACCESSORY_Cowlick_GN	_삐침머리_녹색
1384	ACCESSORY_Cowlick_PP	_삐침머리_보라
1385	ACCESSORY_Cowlick_RD	_삐침머리_빨강
1386	ACCESSORY_Cowlick_OM	_삐침머리_연갈색
1387	ACCESSORY_Cowlick_BU	_삐침머리_파랑
1388	ACCESSORY_Cowlick_WH	_삐침머리_흰색
1389	ACCESSORY_Straight_Pony_YL	_스트레이트포니_노랑
1390	ACCESSORY_Straight_Pony_GN	_스트레이트포니_녹색
1391	ACCESSORY_Straight_Pony_PP	_스트레이트포니_보라
1392	ACCESSORY_Straight_Pony_RD	_스트레이트포니_빨강
1393	ACCESSORY_Straight_Pony_OM	_스트레이트포니_연갈색
1394	ACCESSORY_Straight_Pony_BU	_스트레이트포니_파랑
1395	ACCESSORY_Straight_Pony_WH	_스트레이트포니_흰색
1396	ACCESSORY_Loose_Wave_Twin_YL	_루즈웨이브트윈_노랑
1397	ACCESSORY_Loose_Wave_Twin_GN	_루즈웨이브트윈_녹색
1398	ACCESSORY_Loose_Wave_Twin_PP	_루즈웨이브트윈_보라
1399	ACCESSORY_Loose_Wave_Twin_RD	_루즈웨이브트윈_빨강
1400	ACCESSORY_Loose_Wave_Twin_OM	_루즈웨이브트윈_연갈색
1401	ACCESSORY_Loose_Wave_Twin_BU	_루즈웨이브트윈_파랑
1402	ACCESSORY_Loose_Wave_Twin_WH	_루즈웨이브트윈_흰색
1403	ACCESSORY_Piamette_Ribon	_피아멧트의리본
1404	ACCESSORY_PocketWatch_Hair_Orna	_회중시계머리장식
1405	ACCESSORY_Mech_Feather_Hairband	_기계깃털헤어밴드
1406	ACCESSORY_Steampunk_Hat	_스팀펑크햇
1407	ACCESSORY_Silversniper_Doll	_실버스나이퍼인형
1408	ACCESSORY_Magicdecoy_Doll	_매직데코이인형
1409	ACCESSORY_Noble_Mask	_귀족의가면
1410	ACCESSORY_PurpleCrystal_Tiara	_보라색수정티아라
1411	ACCESSORY_Pumpkin_Cock_Hat	_펌킨요리사모자
1412	ACCESSORY_Kings_Crown	_고대왕의왕관
1413	ACCESSORY_YDragon_SkyWing	_황룡의하늘날개
1414	ACCESSORY_Explosion_Gum	_익스플로젼껌
1415	ACCESSORY_Jakk_Head	_잭머리
1416	ACCESSORY_Eremes_Scarf	_에레메스스카프
1417	ACCESSORY_Commandments_Of_Chain	_금제의사슬
1418	ACCESSORY_Subject_Aura_Red	_사념의오오라_빨강
1419	ACCESSORY_Bldy_Light_Dark_Crown	_피의빛과어둠진홍관
1420	ACCESSORY_Magicstone_Of_Grace	_마법석의은혜
1421	ACCESSORY_Mad_Hatter	_매드해터
1422	ACCESSORY_Wild_Poring_Rider	_와일드포링라이더
1423	ACCESSORY_Valhalla_Idol	_발할라아이돌
1424	ACCESSORY_Laser_Of_Eagle	_레이저오브이글
1425	ACCESSORY_Blessing_Of_Angels	_천사들의축복
1426	ACCESSORY_C_1Grade_Balloon	_C1학년풍선
1427	ACCESSORY_C_2Grade_Balloon	_C2학년풍선
1428	ACCESSORY_C_3Grade_Balloon	_C3학년풍선
1429	ACCESSORY_C_4Grade_Balloon	_C4학년풍선
1430	ACCESSORY_C_5Grade_Balloon	_C5학년풍선
1431	ACCESSORY_C_6Grade_Balloon	_C6학년풍선
1432	ACCESSORY_C_7Grade_Balloon	_C7학년풍선
1433	ACCESSORY_C_8Grade_Balloon	_C8학년풍선
1434	ACCESSORY_C_9Grade_Balloon	_C9학년풍선
1435	ACCESSORY_C_10Grade_Balloon	_C10학년풍선
1436	ACCESSORY_C_11Grade_Balloon	_C11학년풍선
1437	ACCESSORY_C_12Grade_Balloon	_C12학년풍선
1438	ACCESSORY_C_13Grade_Balloon	_C13학년풍선
1439	ACCESSORY_Piamette_BowTie	_피아멧트나비넥타이
1440	ACCESSORY_Morocc_Kid_Servant	_소년모로크수하
1441	ACCESSORY_Maggi_Head_Dress	_마기스틴헤드드레스
1442	ACCESSORY_Khalitzburg_KN_Helm	_칼리츠버그기사투구
1443	ACCESSORY_Louise_Red_Hat	_루이제빨간모자
1444	ACCESSORY_Droop_Gunslinger	_늘어진건슬링거
1445	ACCESSORY_Tengu_Scroll	_천구의두루마리
1446	ACCESSORY_Poster_Girl_Hat	_간판소녀모자
1447	ACCESSORY_Tone_Of_Gold	_금빛음색
1448	ACCESSORY_L_RibbonMuff_Red	_큰리본머플러_빨강
1449	ACCESSORY_RW_Mochiring_Hat	_홍백모치링모자
1450	ACCESSORY_GrimReaper_Protection	_사신님의가호
1451	ACCESSORY_C_Cons_Of_Water	_C물의마스터
1452	ACCESSORY_C_White_Black_Temp	_C흑과백의유혹
1453	ACCESSORY_C_Gram_Peony	_C글램피오니
1454	ACCESSORY_C_Sky_Of_Memory	_C추억의밤하늘
1455	ACCESSORY_C_berry_Prince_Crown	_C딸기왕자의왕관
1456	ACCESSORY_Gemini_Eyes	_제미니S58의눈
1457	ACCESSORY_Sting_Silk_Ribbon	_스팅실크리본
1458	ACCESSORY_Republic_Hat	_공화국의모자
1460	ACCESSORY_C_Combat_Vestige	_C전투의흔적
1461	ACCESSORY_C_Feather_Fluttering	_C흩날리는깃털
1462	ACCESSORY_Youinone_Mask	_유인원마스크
1463	ACCESSORY_RED_BABY_DRAGON	_레드베이비드래곤
1464	ACCESSORY_Cat_Ears_Cape	_고양이귀케이프
1465	ACCESSORY_Two_Tone_Beret	_투톤베레모
1466	ACCESSORY_Monochrome_RibbonHat	_모노크롬리본햇
1467	ACCESSORY_Glasses_Without_Lens	_렌즈없는패션안경
1468	ACCESSORY_Crimson_Ribbon	_진홍색리본
1469	ACCESSORY_SweetChocolate_Hat	_달콤한초콜릿모자
1470	ACCESSORY_PureWhite_Marching_Hat	_순백의마칭햇
1471	ACCESSORY_Necklace_Rosary	_로자리오목걸이
1472	ACCESSORY_C_Twin_Margaret	_C트윈마가레트
1473	ACCESSORY_C_Floral_Waltz	_C꽃의왈츠
1474	ACCESSORY_C_Pope_Ribbon	_C교황의리본
1475	ACCESSORY_C_Pope_Crown	_C교황의관
1476	ACCESSORY_C_Full_Bloom_Hp_Blue	_C앵화난만의비녀파랑
1477	ACCESSORY_Cylinder_Hairband	_시험관헤어밴드
1478	ACCESSORY_Whistle	_휘파람
1479	ACCESSORY_C_Cat_Ear_Hat	_C고양이귀모자
1480	ACCESSORY_C_Pretty_Bear	_C프리티베어
1481	ACCESSORY_C_Black_Cat_Hood	_C검은고양이후드
1482	ACCESSORY_C_Pig_Nose	_C돼지코
1483	ACCESSORY_C_Tare_Pope_Casual	_타레교황사복모
1484	ACCESSORY_C_Tare_Luwmin	_타레루우민
1485	ACCESSORY_Believers_Cap	_프레이야신도의모자
1486	ACCESSORY_Squirrel_Ear_Hat	_다람쥐귀모자
1487	ACCESSORY_SeraphimCoronet	_치천사의화관
1488	ACCESSORY_SurviveOrb	_서바이벌오브
1489	ACCESSORY_FELOCK_CAP_	_검은선장모자
1490	ACCESSORY_DEMONSEYE	_요마의눈
1491	ACCESSORY_Kings_Crown2	_고대왕의왕관_
1492	ACCESSORY_Blue_Rear_Ribbon	_쪽빛리어리본
1493	ACCESSORY_White_Rose_Princess	_화이트로즈프린세스
1494	ACCESSORY_First_Love_Cheek	_첫사랑발그레
1495	ACCESSORY_White_Lily_Black	_화이트릴리검정
1496	ACCESSORY_C_HappySummer_SunVisor	_C해피섬머선바이저
1497	ACCESSORY_Alchemist_Mask	_연금술사마스크
1498	ACCESSORY_Barrel_Helm	_배럴헬름
1499	ACCESSORY_C_Poring_Soap_Pipe	_C포링버블파이프
1500	ACCESSORY_C_Exploding_Wave_Red	_C홍염의폭렬파동
1501	ACCESSORY_C_Eremes_Scarf_Black	_C에레메스스카프검정
1502	ACCESSORY_Eleanor_Wig	_엘레노아가발
1503	ACCESSORY_Hair_Bun_BU	_당고머리_청
1504	ACCESSORY_Hair_Bun_RD	_당고머리_적
1505	ACCESSORY_Hair_Bun_YL	_당고머리_황
1506	ACCESSORY_Hair_Bun_GN	_당고머리_녹
1507	ACCESSORY_Hair_Bun_BL	_당고머리_흑
1508	ACCESSORY_Hair_Bun_WH	_당고머리_백
1509	ACCESSORY_Hair_Bun_OM	_당고머리_갈
1510	ACCESSORY_Hair_Bun_PP	_당고머리_자
1511	ACCESSORY_Roll_Twin_BU	_롤트윈_청
1512	ACCESSORY_Roll_Twin_RD	_롤트윈_적
1513	ACCESSORY_Roll_Twin_YL	_롤트윈_황
1514	ACCESSORY_Roll_Twin_GN	_롤트윈_녹
1515	ACCESSORY_Roll_Twin_BL	_롤트윈_흑
1516	ACCESSORY_Roll_Twin_WH	_롤트윈_백
1517	ACCESSORY_Roll_Twin_OM	_롤트윈_갈
1518	ACCESSORY_Roll_Twin_PP	_롤트윈_자
1519	ACCESSORY_Long_Pony_BU	_롱포니_청
1520	ACCESSORY_Long_Pony_RD	_롱포니_적
1521	ACCESSORY_Long_Pony_YL	_롱포니_황
1522	ACCESSORY_Long_Pony_GN	_롱포니_녹
1523	ACCESSORY_Long_Pony_BL	_롱포니_흑
1524	ACCESSORY_Long_Pony_WH	_롱포니_백
1525	ACCESSORY_Long_Pony_OM	_롱포니_갈
1526	ACCESSORY_Long_Pony_PP	_롱포니_자
1527	ACCESSORY_CatharinaPawnBrad60	_카타리나폰브레드60세
1528	ACCESSORY_C_GoldShower	_C골드샤워
1529	ACCESSORY_Para_Team_Hat100	_낙원단모자100
1530	ACCESSORY_Para_Team_Hat160	_낙원단모자160
1531	ACCESSORY_Underlamp	_입에문램프
1532	ACCESSORY_C_JP_EV01	_C_JP_EV01
1533	ACCESSORY_C_JP_EV02	_C_JP_EV02
1534	ACCESSORY_C_JP_EV03	_C_JP_EV03
1535	ACCESSORY_C_JP_EV04	_C_JP_EV04
1536	ACCESSORY_C_JP_EV05	_C_JP_EV05
1537	ACCESSORY_C_JP_EV06	_C_JP_EV06
1538	ACCESSORY_C_JP_EV07	_C_JP_EV07
1539	ACCESSORY_C_JP_EV08	_C_JP_EV08
1540	ACCESSORY_C_JP_EV09	_C_JP_EV09
1541	ACCESSORY_RoCelebrationHat	_Ro기념모자
1542	ACCESSORY_FREE_HUG	_프리허그모자
1543	ACCESSORY_BR_GUILDMAN	_브라질길원모집모자
1544	ACCESSORY_BR_PARTY	_브라질파티모집모자
1545	ACCESSORY_BR_PARTYMAN	_브라질파티원모집모자
1546	ACCESSORY_BR_BEGGING	_브라질구걸모자
1547	ACCESSORY_Truemoney_TH	_트루머니간판_TH
1548	ACCESSORY_Vampire_Familiar	_뱀파이어의사역마
1549	ACCESSORY_Stall_Of_Bat	_박쥐스톨
1550	ACCESSORY_Bloody_Stop_Bandage	_피묻은사안봉인붕대
1551	ACCESSORY_Ghostring_Tall_Hat	_고스트링톨햇
1552	ACCESSORY_Guardian_Processor	_가디언프로세서
1553	ACCESSORY_Pope_Sitting_Head	_앉아있는교황
1554	ACCESSORY_Christmas_Wreath	_크리스마스리스
1555	ACCESSORY_Clock_Casket	_크로크카스캐트
1556	ACCESSORY_Blue_Rose_Ornament	_파랑새의장미장식
1557	ACCESSORY_PIAMETTE_HOOD_RED	_피아멧트의붉은두건
1558	ACCESSORY_White_Rabbit_Ear	_흰토끼의귀
1559	ACCESSORY_Play_Crown_TH	_태국연극왕관
1560	ACCESSORY_C_Krathong_Crown_TH	_C크라통왕관_태국
1561	ACCESSORY_Flying_Drone	_소형정찰기
1562	ACCESSORY_Luwmin_Ice	_부유하는얼음
1563	ACCESSORY_Nydhog_Wig	_니드호그의가발
1564	ACCESSORY_Shalosh_Head_Dress	_샬로시의헤드드레스
1565	ACCESSORY_Chasher_Ear	_체샤의고양이귀
1566	ACCESSORY_Piamette_BowTie_Red	_피아멧트빨간넥타이
1567	ACCESSORY_C_Aniv_Star_Hat2	_C괴도2세모자
1568	ACCESSORY_Mob_Scarf	_폭주의스카프
1569	ACCESSORY_Black_Cowboy_Hat	_검은색카우보이모자
1570	ACCESSORY_Cactus_Corsage	_선인장꽃코르사쥬
1571	ACCESSORY_Teddy_Bear_Hood	_테디베어후드
1572	ACCESSORY_Brown_Stole	_브라운스톨
1573	ACCESSORY_Mouton_Life_B	_무통라이프_파랑
1574	ACCESSORY_Piggyback	_목말
1575	ACCESSORY_Lunatic_Hanging_Ear_BL	_늘어진루나틱귀_검정
1576	ACCESSORY_Roast_Memory	_Roast_Memory
1577	ACCESSORY_Looking	_보고있어
1578	ACCESSORY_Tail_Hat	_테일햇
1579	ACCESSORY_Flame_Muffler	_심두멸각머플러
1580	ACCESSORY_Wolf_Masquerade	_울프마스커레이드
1581	ACCESSORY_Shura_King_Pledge	_수라왕의두건
1582	ACCESSORY_C_Black_Cat	_C_Black_Cat
1583	ACCESSORY_War_Princess_Ribbon	_War_Princess_Ribbon
1584	ACCESSORY_Mono_Gothic_Bonnet	_Mono_Gothic_Bonnet
1586	ACCESSORY_Angel_Mini_Silk_Hat_B	_Angel_Mini_Silk_Hat_B
1587	ACCESSORY_MALANG_PIRATE	_말랑해적단모자
1588	ACCESSORY_WHIKEBAIN_EARS_GOLD	_WHIKEBAIN_EARS_GOLD
1589	ACCESSORY_BLUECAT_EAR	_BLUECAT_EAR
1590	ACCESSORY_Tare_Ahat	_늘어진아하트
1591	ACCESSORY_Cat_Ears_Cape_Red	_Cat_Ears_Cape_Red
1592	ACCESSORY_Choco_Minihat	_Choco_Minihat
1593	ACCESSORY_Doram_Head_Hat	_Doram_Head_Hat
1594	ACCESSORY_Special_Doram_Hat	_Special_Doram_Hat
1595	ACCESSORY_Doram_Balloon	_Doram_Balloon
1596	ACCESSORY_JP_EV12	_JP_EV12
1597	ACCESSORY_EXE_Wing_Cap	_EXE_Wing_Cap
1598	ACCESSORY_Egg_Crispinette	_Egg_Crispinette
1599	ACCESSORY_Wrapping_Ribbon	_Wrapping_Ribbon
1600	ACCESSORY_Royal_Rabbit_Crown	_Royal_Rabbit_Crown
1601	ACCESSORY_Dog_Officer	_Dog_Officer
1602	ACCESSORY_Charcoal_Stove	_Charcoal_Stove
1603	ACCESSORY_Straight_Long_YL	_Straight_Long_YL
1604	ACCESSORY_Straight_Long_WH	_Straight_Long_WH
1605	ACCESSORY_Side_Pigtail_BU	_Side_Pigtail_BU
1606	ACCESSORY_Side_Pigtail_RD	_Side_Pigtail_RD
1607	ACCESSORY_Side_Pigtail_YL	_Side_Pigtail_YL
1608	ACCESSORY_Side_Pigtail_GN	_Side_Pigtail_GN
1609	ACCESSORY_Side_Pigtail_BL	_Side_Pigtail_BL
1610	ACCESSORY_Side_Pigtail_WH	_Side_Pigtail_WH
1611	ACCESSORY_Side_Pigtail_OM	_Side_Pigtail_OM
1612	ACCESSORY_Side_Pigtail_PP	_Side_Pigtail_PP
1613	ACCESSORY_Low_Pony_BU	_Low_Pony_BU
1614	ACCESSORY_Low_Pony_RD	_Low_Pony_RD
1615	ACCESSORY_Low_Pony_YL	_Low_Pony_YL
1616	ACCESSORY_Low_Pony_GN	_Low_Pony_GN
1617	ACCESSORY_Low_Pony_BL	_Low_Pony_BL
1618	ACCESSORY_Low_Pony_WH	_Low_Pony_WH
1619	ACCESSORY_Low_Pony_OM	_Low_Pony_OM
1620	ACCESSORY_Low_Pony_PP	_Low_Pony_PP
1621	ACCESSORY_Long_Twin_BU	_Long_Twin_BU
1622	ACCESSORY_Long_Twin_RD	_Long_Twin_RD
1623	ACCESSORY_Long_Twin_YL	_Long_Twin_YL
1624	ACCESSORY_Long_Twin_GN	_Long_Twin_GN
1625	ACCESSORY_Long_Twin_BL	_Long_Twin_BL
1626	ACCESSORY_Long_Twin_WH	_Long_Twin_WH
1627	ACCESSORY_Long_Twin_OM	_Long_Twin_OM
1628	ACCESSORY_Long_Twin_PP	_Long_Twin_PP
1629	ACCESSORY_Royalguard_Necklace	_Royalguard_Necklace
1630	ACCESSORY_SB_Headwear	_SB_Headwear
1631	ACCESSORY_Horse_King_Red	_Horse_King_Red
1632	ACCESSORY_White_Clay_Filler	_White_Clay_Filler
1633	ACCESSORY_Bubble_A_Angel_H	_Bubble_A_Angel_H
1634	ACCESSORY_Clay_Poring_Jar	_Clay_Poring_Jar
1635	ACCESSORY_Rabbit_Hopping	_Rabbit_Hopping
1636	ACCESSORY_Wonderful_Beast_Ear	_Wonderful_Beast_Ear
1637	ACCESSORY_Cat_Mouth	_Cat_Mouth
1638	ACCESSORY_Cat_Ear_Hat_White	_Cat_Ear_Hat_White
1639	ACCESSORY_Observer_J	_Observer_J
1640	ACCESSORY_CHNPrivateWing1	_CHNPrivateWing1
1641	ACCESSORY_CHNPrivateWing2	_CHNPrivateWing2
1642	ACCESSORY_CHNPrivateWing3	_CHNPrivateWing3
1643	ACCESSORY_Soda_In_Mouth	_Soda_In_Mouth
1644	ACCESSORY_Jirant_Circlet	_Jirant_Circlet
1645	ACCESSORY_GoldFish_Hat	_GoldFish_Hat
1646	ACCESSORY_Smoky_TransformHat	_Smoky_TransformHat
1647	ACCESSORY_2017RTCChamp	_2017RTCChamp
1648	ACCESSORY_2017RTC2nd	_2017RTC2nd
1649	ACCESSORY_2017RTC3rd	_2017RTC3rd
1650	ACCESSORY_2017RTCStmbol	_2017RTCStmbol
1651	ACCESSORY_Kings_Crown_Purple	_Kings_Crown_Purple
1652	ACCESSORY_Jirant_Circlet_Red	_Jirant_Circlet_Red
1653	ACCESSORY_Garden_Of_Eden	_Garden_Of_Eden
1654	ACCESSORY_Gemini_RedEyes	_Gemini_RedEyes
1655	ACCESSORY_OpenAir_Headset	_OpenAir_Headset
1656	ACCESSORY_White_Rabbit	_White_Rabbit
1657	ACCESSORY_Warm_Cat_Muffler	_Warm_Cat_Muffler
1658	ACCESSORY_Blinking_Eyes	_Blinking_Eyes
1659	ACCESSORY_Black_Magenta_Ribbon	_Black_Magenta_Ribbon
1660	ACCESSORY_15th_Anniversary_Wing	_15th_Anniversary_Wing
1661	ACCESSORY_IA_Choker	_IA_Choker
1662	ACCESSORY_C_FallenAngelWingEar	_C_FallenAngelWingEar
1663	ACCESSORY_C_Ghost_Holiday	_C_Ghost_Holiday
1664	ACCESSORY_C_Stall_Of_Angel	_C_Stall_Of_Angel
1665	ACCESSORY_C_FlutterButterfly_BL	_C_FlutterButterfly_BL
1666	ACCESSORY_C_TW_1st_Balloon	_C_TW_1st_Balloon
1667	ACCESSORY_Return_TW_1st_Hat	_Return_TW_1st_Hat
1668	ACCESSORY_C_CatEars_Cyber_HeadP_R	_C_CatEars_Cyber_HeadP_R
1669	ACCESSORY_C_Shiba_Inu	_C_Shiba_Inu
1670	ACCESSORY_C_SmartUnderRim_Glasses	_C_SmartUnderRim_Glasses
1671	ACCESSORY_C_Wildcat_Knit_Cap	_C_Wildcat_Knit_Cap
1672	ACCESSORY_DJ_Kitty	_DJ_Kitty
1673	ACCESSORY_Alice_Wig	_Alice_Wig
1674	ACCESSORY_Fallen_Angel_Valletta	_Fallen_Angel_Valletta
1675	ACCESSORY_Chung_E_Shinyon_Cap	_Chung_E_Shinyon_Cap
1676	ACCESSORY_Khalitzburg_KN_Helm_BL	_Khalitzburg_KN_Helm_BL
1677	ACCESSORY_Harvest_Festa_Hat	_Harvest_Festa_Hat
1678	ACCESSORY_GodsHelm	_신의투구
1679	ACCESSORY_Heart_Card_In_Mouth	_Heart_Card_In_Mouth
1680	ACCESSORY_C_Jirant_Circlet	_C_Jirant_Circlet
1681	ACCESSORY_Diabolic_Lapel	_Diabolic_Lapel
1682	ACCESSORY_Cat_Ears_Punkish	_Cat_Ears_Punkish
1683	ACCESSORY_Volume_Low_Twin	_Volume_Low_Twin
1684	ACCESSORY_False_Ears	_False_Ears
1685	ACCESSORY_Gothic_Pumpkin_Head	_Gothic_Pumpkin_Head
1686	ACCESSORY_First_Tail	_First_Tail
1687	ACCESSORY_Jjakk	_Jjakk
1688	ACCESSORY_White_Bird_Rose	_White_Bird_Rose
1689	ACCESSORY_Cat_In_Mouth	_Cat_In_Mouth
1690	ACCESSORY_Let_It_Snow	_Let_It_Snow
1691	ACCESSORY_Book_Of_Magic	_Book_Of_Magic
1692	ACCESSORY_Sorcerer_Hood	_Sorcerer_Hood
1693	ACCESSORY_Blinking_Thin_Eyes	_Blinking_Thin_Eyes
1694	ACCESSORY_Darkness_Veil	_Darkness_Veil
1695	ACCESSORY_Greater_Dracul_Horn	_Greater_Dracul_Horn
1696	ACCESSORY_Neev_Barrette	_Neev_Barrette
1697	ACCESSORY_Royal_Mantle	_Royal_Mantle
1698	ACCESSORY_Idun_Green_Apple	_Idun_Green_Apple
1699	ACCESSORY_Wall	_Wall
1700	ACCESSORY_Poring_Traffic_Light	_Poring_Traffic_Light
1701	ACCESSORY_Eleanor_Wig_YL	_Eleanor_Wig_YL
1702	ACCESSORY_C_Nydhog_Wig_WH	_Nydhog_Wig_WH
1703	ACCESSORY_Alice_Wig_PK	_Alice_Wig_PK
1704	ACCESSORY_Feather_Of_Seraphim	_Feather_Of_Seraphim
1705	ACCESSORY_C_Baby_Penguin	_C_Baby_Penguin
1706	ACCESSORY_C_Fluffy_Angel_Cape	_C_Fluffy_Angel_Cape
1707	ACCESSORY_C_Fluffy_Heart_Earmuffs	_C_Fluffy_Heart_Earmuffs
1708	ACCESSORY_C_Snow_Bear_Hood	_C_Snow_Bear_Hood
1709	ACCESSORY_C_Penguin_Cap_BU	_C_Penguin_Cap_BU
1710	ACCESSORY_Feather_Fedora_TW	_Feather_Fedora_TW
1711	ACCESSORY_Spider_Temp_TW	_Spider_Temp_TW
1712	ACCESSORY_Blue_Rose_Eyepatch	_Blue_Rose_Eyepatch
1713	ACCESSORY_Lolita_Two_Side_Up	_Lolita_Two_Side_Up
1714	ACCESSORY_Blue_Frill_Ribbon	_Blue_Frill_Ribbon
1715	ACCESSORY_White_Cat	_White_Cat
1716	ACCESSORY_L_RibbonMuff_Black	_L_RibbonMuff_Black
1717	ACCESSORY_Love_Feeling	_Love_Feeling
1718	ACCESSORY_Enchanted_Dog	_Enchanted_Dog
1719	ACCESSORY_C_Baby_Leopard_Cat	_C_Baby_Leopard_Cat
1720	ACCESSORY_Blessing_Sky_Lantern	_Blessing_Sky_Lantern
1721	ACCESSORY_Hat_of_Goggle	_Hat_of_Goggle
1722	ACCESSORY_Egg_Minihat	_Egg_Minihat
1723	ACCESSORY_Fairy_Feathers	_Fairy_Feathers
1724	ACCESSORY_Tipsy	_Tipsy
1725	ACCESSORY_Straight_Long_BL	_Straight_Long_BL
1726	ACCESSORY_Black_Fox_Ear_Ribbon	_Black_Fox_Ear_Ribbon
1727	ACCESSORY_Cherry_Blossom_Hat_YL	_Cherry_Blossom_Hat_YL
1728	ACCESSORY_Stripe_Hat	_Stripe_Hat
1729	ACCESSORY_ManyStars	_ManyStars
1730	ACCESSORY_Jioia	_Jioia
1731	ACCESSORY_CatCoffeeCup	_CatCoffeeCup
1732	ACCESSORY_LunaticMuffler	_LunaticMuffler
1733	ACCESSORY_CatEarRibbon	_CatEarRibbon
1734	ACCESSORY_BearBalloon	_BearBalloon
1735	ACCESSORY_RusRoulette_Hat	_RusRoulette_Hat
1736	ACCESSORY_C_JP_EV13	_C_JP_EV13
1737	ACCESSORY_C_JP_EV14	_C_JP_EV14
1738	ACCESSORY_C_Mvp	_C_Mvp
1739	ACCESSORY_C_Bouquet_Hat	_C_Bouquet_Hat
1740	ACCESSORY_C_Poring_Muffler	_C_Poring_Muffler
1741	ACCESSORY_C_Orange_Tabby_Cat	_C_Orange_Tabby_Cat
1742	ACCESSORY_C_Cat_Ears_Cape_Brown	_C_Cat_Ears_Cape_Brown
1743	ACCESSORY_C_Volume_Low_Twin_WH	_C_Volume_Low_Twin_WH
1744	ACCESSORY_Flowery_Vision_TH	_Flowery_Vision_TH
1745	ACCESSORY_Elephangel_TH	_Elephangel_TH
1746	ACCESSORY_BaphoJ_Parachute	_BaphoJ_Parachute
1747	ACCESSORY_Sparkler_Stick	_Sparkler_Stick
1748	ACCESSORY_Sparkler_Fountain	_Sparkler_Fountain
1749	ACCESSORY_Aches_Love_Cobra	_Aches_Love_Cobra
1750	ACCESSORY_C_TW_2th_Balloon	_C_TW_2th_Balloon
1751	ACCESSORY_C_Fawn_Ear	_C_Fawn_Ear
1752	ACCESSORY_C_Cat_Ear_Short	_C_Cat_Ear_Short
1753	ACCESSORY_C_Cat_Ear_Long	_C_Cat_Ear_Long
1754	ACCESSORY_C_Panda_Rabbit	_C_Panda_Rabbit
1755	ACCESSORY_C_Rabbit_Hopping_BL	_C_Rabbit_Hopping_BL
1756	ACCESSORY_C_American_S_hair	_C_American_S_hair
1757	ACCESSORY_C_Leopard_Cat	_C_Leopard_Cat
1758	ACCESSORY_Mini_Melon	_Mini_Melon
1759	ACCESSORY_Striking_hat	_Striking_hat
1760	ACCESSORY_Floating_Ball	_Floating_Ball
1761	ACCESSORY_Protect_cloth	_Protect_cloth
1762	ACCESSORY_C_JP_EV15	_C_JP_EV15
1763	ACCESSORY_Pop_Popcorn_Hat	_Pop_Popcorn_Hat
1764	ACCESSORY_Slurp_Slurp_Hat	_Slurp_Slurp_Hat
1765	ACCESSORY_Surpentarius_Crown_J	_Surpentarius_Crown_J
1766	ACCESSORY_C_Lunch_box	_C_Lunch_box
1767	ACCESSORY_Accelerator_Chip	_Accelerator_Chip
1768	ACCESSORY_Exa_Goat_Cap	_Exa_Goat_Cap
1769	ACCESSORY_C_Happy_Rabbit_Ribbon	_C_Happy_Rabbit_Ribbon
1770	ACCESSORY_C_Lovely_Heart_Cap	_C_Lovely_Heart_Cap
1771	ACCESSORY_C_Warm_Cat_Muffler_BL	_C_Warm_Cat_Muffler_BL
1772	ACCESSORY_Return_TW_2th_Hat	_Return_TW_2th_Hat
1773	ACCESSORY_C_Bulgogi_TW	_C_Bulgogi_TW
1774	ACCESSORY_C_Eru_Rava_Hat	_C_Eru_Rava_Hat
1775	ACCESSORY_C_Piamette_Roll_Hair	_C_Piamette_Roll_Hair
1776	ACCESSORY_C_Eremes_Scarf_BU	_C_Eremes_Scarf_BU
1777	ACCESSORY_C_Clock_Casket_RD	_C_Clock_Casket_RD
1778	ACCESSORY_C_Poporing_Mascot_Costume	_C_Poporing_Mascot_Costume
1779	ACCESSORY_Eyes_Of_Illusion	_Eyes_Of_Illusion
1780	ACCESSORY_C_Qixi_Hairband	_C_Qixi_Hairband
1781	ACCESSORY_C_Hoplite_Helmet_Silver	_C_Hoplite_Helmet_Silver
1782	ACCESSORY_C_Hoplite_Helmet_Black	_C_Hoplite_Helmet_Black
1783	ACCESSORY_C_Sheep_Horn	_C_Sheep_Horn
1784	ACCESSORY_C_Stall_Of_Dominions	_C_Stall_Of_Dominions
1785	ACCESSORY_C_Variant_Veil	_C_Variant_Veil
1786	ACCESSORY_C_Princess_Ribbon_Crown	_C_Princess_Ribbon_Crown
1787	ACCESSORY_Gothic_Heart_Wing_TW	_Gothic_Heart_Wing_TW
1788	ACCESSORY_C_Mobile_Pursuit_System	_C_Mobile_Pursuit_System
1789	ACCESSORY_C_Mecha_Cat_Ears	_C_Mecha_Cat_Ears
1790	ACCESSORY_C_Cyber_Income	_C_Cyber_Income
1791	ACCESSORY_C_Electro_Two_Side_Up	_C_Electro_Two_Side_Up
1792	ACCESSORY_Autumnal_Flavor	_Autumnal_Flavor
1793	ACCESSORY_Work_Cap	_Work_Cap
1794	ACCESSORY_Black_Feather	_Black_Feather
1795	ACCESSORY_C_Marin_Muffler	_C_Marin_Muffler
1796	ACCESSORY_C_Drops_Muffler	_C_Drops_Muffler
1797	ACCESSORY_C_Poporing_Muffler	_C_Poporing_Muffler
1798	ACCESSORY_C_NationalDay_helmet_TW	_C_NationalDay_helmet_TW
1799	ACCESSORY_SnowFlake_Tiara	_SnowFlake_Tiara
1800	ACCESSORY_GOLD_MAJESTIC_GOUT	_GOLD_MAJESTIC_GOUT
1801	ACCESSORY_C_Morning_Poring	_C_Morning_Poring
1802	ACCESSORY_C_Forest_Guide	_C_Forest_Guide
1803	ACCESSORY_C_Medium_Wave	_C_Medium_Wave
1804	ACCESSORY_C_Kishu_Inu	_C_Kishu_Inu
1805	ACCESSORY_C_Under_Rim_Glasses_BU	_C_Under_Rim_Glasses_BU
1806	ACCESSORY_Master_Cat	_Master_Cat
1807	ACCESSORY_C_Midgarts_Glory	_C_Midgarts_Glory
1808	ACCESSORY_B_EarWitchHat	_B_EarWitchHat
1809	ACCESSORY_RabbitFamilyBalloon	_RabbitFamilyBalloon
1810	ACCESSORY_C_Dark_Snake_Lord_Stall	_C_Dark_Snake_Lord_Stall
1811	ACCESSORY_C_Large_Sorcerer_Crown	_C_Large_Sorcerer_Crown
1812	ACCESSORY_C_Fox	_C_Fox
1813	ACCESSORY_C_Geisha_Make	_C_Geisha_Make
1814	ACCESSORY_Sleep_Sheep	_Sleep_Sheep
1815	ACCESSORY_C_Lady_Tanee	_C_Lady_Tanee
1816	ACCESSORY_DancingButterfly	_DancingButterfly
1817	ACCESSORY_Magic_Inheritor	_Magic_Inheritor
1818	ACCESSORY_Snow_Fox	_Snow_Fox
1819	ACCESSORY_HappyMargay	_HappyMargay
1820	ACCESSORY_LostTime	_LostTime
1821	ACCESSORY_RomanticRose	_RomanticRose
1822	ACCESSORY_HeartOfCat	_HeartOfCat
1823	ACCESSORY_ResonateTaego	_ResonateTaego
1824	ACCESSORY_HeartAngel	_HeartAngel
1825	ACCESSORY_PoringBeret	_PoringBeret
1826	ACCESSORY_FluffyWing	_FluffyWing
1827	ACCESSORY_VesperHeadGear	_VesperHeadGear
1830	ACCESSORY_LittleGarden	_LittleGarden
1831	ACCESSORY_ZilantNecklace	_ZilantNecklace
1832	ACCESSORY_C_Fairy_Long_BD	_C_Fairy_Long_BD
1833	ACCESSORY_C_Fairy_Long_SV	_C_Fairy_Long_SV
1834	ACCESSORY_C_Straight_Long_BU	_C_Straight_Long_BU
1835	ACCESSORY_C_Straight_Long_RD	_C_Straight_Long_RD
1836	ACCESSORY_C_Straight_Long_GL	_C_Straight_Long_GL
1837	ACCESSORY_C_Straight_Long_GN	_C_Straight_Long_GN
1838	ACCESSORY_C_Straight_Long_JBL	_C_Straight_Long_JBL
1839	ACCESSORY_C_Straight_Long_LPP	_C_Straight_Long_LPP
1840	ACCESSORY_C_Straight_Long_OM	_C_Straight_Long_OM
1841	ACCESSORY_C_Straight_Long_PP	_C_Straight_Long_PP
1842	ACCESSORY_C_Side_Tail_BU	_C_Side_Tail_BU
1843	ACCESSORY_C_Side_Tail_RD	_C_Side_Tail_RD
1844	ACCESSORY_C_Side_Tail_YL	_C_Side_Tail_YL
1845	ACCESSORY_C_Side_Tail_GN	_C_Side_Tail_GN
1846	ACCESSORY_C_Side_Tail_BL	_C_Side_Tail_BL
1847	ACCESSORY_C_Side_Tail_WH	_C_Side_Tail_WH
1848	ACCESSORY_C_Side_Tail_OM	_C_Side_Tail_OM
1849	ACCESSORY_C_Side_Tail_PP	_C_Side_Tail_PP
1850	ACCESSORY_C_Back_Signon_BU	_C_Back_Signon_BU
1851	ACCESSORY_C_Back_Signon_RD	_C_Back_Signon_RD
1852	ACCESSORY_C_Back_Signon_YL	_C_Back_Signon_YL
1853	ACCESSORY_C_Back_Signon_GN	_C_Back_Signon_GN
1854	ACCESSORY_C_Back_Signon_BL	_C_Back_Signon_BL
1855	ACCESSORY_C_Back_Signon_WH	_C_Back_Signon_WH
1856	ACCESSORY_C_Back_Signon_OM	_C_Back_Signon_OM
1857	ACCESSORY_C_Back_Signon_PP	_C_Back_Signon_PP
1858	ACCESSORY_STRONGMAN_HAIR_BLUE	_강한자의헤어파랑
1859	ACCESSORY_Drooping_Schmidt	_Drooping_Schmidt
1860	ACCESSORY_Drooping_Oscar	_Drooping_Oscar
1861	ACCESSORY_Drooping_Heinrich	_Drooping_Heinrich
1863	ACCESSORY_C_GoldPoring_Hat_TW	_C_GoldPoring_Hat_TW
1864	ACCESSORY_C_Miyabi_Long_Hair	_C_Miyabi_Long_Hair
1865	ACCESSORY_C_Twin_Canon	_C_Twin_Canon
1866	ACCESSORY_C_Mermaid_Wig	_C_Mermaid_Wig
1867	ACCESSORY_C_Picnic_Basket	_C_Picnic_Basket
1868	ACCESSORY_C_Jitterbug_Cap	_C_Jitterbug_Cap
1869	ACCESSORY_Eat_Coin	_Eat_Coin
1870	ACCESSORY_Poring_Letter_TW	_Poring_Letter_TW
1871	ACCESSORY_C_Pig_Girl_TW	_C_Pig_Girl_TW
1872	ACCESSORY_C_Pig_Boy_TW	_C_Pig_Boy_TW
1873	ACCESSORY_C_Kururinpa_Hair	_C_Kururinpa_Hair
1874	ACCESSORY_C_Fluffy_Semi_Long	_C_Fluffy_Semi_Long
1875	ACCESSORY_C_Desert_Wolf_B	_C_Desert_Wolf_B
1876	ACCESSORY_C_Alchemist_Square_Bag	_C_Alchemist_Square_Bag
1877	ACCESSORY_C_Poring_On_Shoulder	_C_Poring_On_Shoulder
1878	ACCESSORY_C_Melon_Cap	_C_Melon_Cap
1879	ACCESSORY_C_Pigtail_Red_Hood	_C_Pigtail_Red_Hood
1880	ACCESSORY_C_Smiling_Eyes	_C_Smiling_Eyes
1881	ACCESSORY_C_Luna_On_Shoulder	_C_Luna_On_Shoulder
1882	ACCESSORY_C_ScarfOfHero_TW	_C_ScarfOfHero_TW
1883	ACCESSORY_C_Small_Ocean	_C_Small_Ocean
1884	ACCESSORY_C_Nine_Tail_Fox_Hair	_C_Nine_Tail_Fox_Hair
1885	ACCESSORY_C_Gothic_Skull_Ribbon	_C_Gothic_Skull_Ribbon
1886	ACCESSORY_C_Golden_Violet	_C_Golden_Violet
1887	ACCESSORY_C_Orange_Rabbit	_C_Orange_Rabbit
1888	ACCESSORY_C_Blinking_Eyes_RD	_C_Blinking_Eyes_RD
1889	ACCESSORY_C_Medium_Wave_BD	_C_Medium_Wave_BD
1890	ACCESSORY_Cons_Of_Fire	_Cons_Of_Fire
1891	ACCESSORY_S_Circlet_Of_Time	_S_Circlet_Of_Time
1892	ACCESSORY_Circlet_Of_Time	_Circlet_Of_Time
1893	ACCESSORY_C_Miracle_Plant	_C_Miracle_Plant
1894	ACCESSORY_C_Volume_Low_Twin_CB	_C_Volume_Low_Twin_CB
1895	ACCESSORY_Popcorn_hair	_Popcorn_hair
1896	ACCESSORY_C_SnackParty	_C_SnackParty
1897	ACCESSORY_Frantic_Looking	_Frantic_Looking
1898	ACCESSORY_Sinister_Horn_Gear	_Sinister_Horn_Gear
1899	ACCESSORY_Phantom_Of_Masquerade	_Phantom_Of_Masquerade
1900	ACCESSORY_CitrusRibbon	_CitrusRibbon
1901	ACCESSORY_FortunetellinSealed	_FortunetellinSealed
1902	ACCESSORY_2019RTC1ST_TW	_2019RTC1ST_TW
1903	ACCESSORY_2019RTC2ST_TW	_2019RTC2ST_TW
1904	ACCESSORY_2019RTC3ST_TW	_2019RTC3ST_TW
1905	ACCESSORY_2019RTC4ST_TW	_2019RTC4ST_TW
1906	ACCESSORY_C_Garnet_Tiara	_C_Garnet_Tiara
1907	ACCESSORY_C_Peony_Hair_Ornament	_C_Peony_Hair_Ornament
1908	ACCESSORY_2019RTC_CeleAura_TW	_2019RTC_CeleAura_TW
1909	ACCESSORY_C_TW_3rd_Balloon	_C_TW_3rd_Balloon
1910	ACCESSORY_Lolita_Two_Side_UpK	_Lolita_Two_Side_Up
1911	ACCESSORY_C_Fairy_Long_BDK	_C_Fairy_Long_BD
1912	ACCESSORY_C_Fairy_Long_SVK	_C_Fairy_Long_SV
1913	ACCESSORY_C_Volume_Low_Twin_WHK	_C_Volume_Low_Twin_WH
1914	ACCESSORY_C_Volume_Low_TwinK	_Volume_Low_Twin
1915	ACCESSORY_C_SavageB_On_Shoulder	_C_SavageB_On_Shoulder
1916	ACCESSORY_C_Piamette_Roll_Hair_SV	_C_Piamette_Roll_Hair_SV
1917	ACCESSORY_Magic_Helm	_Magic_Helm
1918	ACCESSORY_BeachBall	_BeachBall
1919	ACCESSORY_SharkHead	_SharkHead
1920	ACCESSORY_C_Baryon_HeadPhone_TW	_C_Baryon_HeadPhone_TW
1921	ACCESSORY_C_Shih_Tzu_Long	_C_Shih_Tzu_Long
1922	ACCESSORY_C_Baby_Panda	_C_Baby_Panda
1923	ACCESSORY_C_Pretty_Bear_WH	_C_Pretty_Bear_WH
1924	ACCESSORY_C_Cons_Of_Wind	_C_Cons_Of_Wind
1925	ACCESSORY_C_Angola_Intention	_C_Angola_Intention
1926	ACCESSORY_C_Rabbit_Winged_Robe	_C_Rabbit_Winged_Robe
1927	ACCESSORY_C_Rabbit_Two_Side_Up	_C_Rabbit_Two_Side_Up
1928	ACCESSORY_C_Cat_Ear_LongK	_C_Cat_Ear_Long
1929	ACCESSORY_C_Cat_Ear_ShortK	_C_Cat_Ear_Short
1930	ACCESSORY_C_TopPlayer_TW	_C_TopPlayer_TW
1931	ACCESSORY_C_Dullahan_Mask	_C_Dullahan_Mask
1932	ACCESSORY_C_Turkey_Hat	_C_Turkey_Hat
1933	ACCESSORY_C_Nose_Glasses_J	_C_Nose_Glasses_J
1934	ACCESSORY_C_Mask_Of_Cat_J	_C_Mask_Of_Cat_J
1935	ACCESSORY_C_Sunglass_Bear_Cap_J	_C_Sunglass_Bear_Cap_J
1936	ACCESSORY_Durumagi	_Durumagi
1937	ACCESSORY_C_Disguise_Mantle	_C_Disguise_Mantle
1938	ACCESSORY_C_Bicolor_Cat_Witch_Hat	_C_Bicolor_Cat_Witch_Hat
1939	ACCESSORY_C_Halloween_Cat_Short	_C_Halloween_Cat_Short
1940	ACCESSORY_C_Halloween_Cat_Long	_C_Halloween_Cat_Long
1941	ACCESSORY_C_2019_D10_Muffler_TW	_C_2019_D10_Muffler_TW
1942	ACCESSORY_BJ_HeadsetA	_BJ_HeadsetA
1943	ACCESSORY_BJ_HeadsetB	_BJ_HeadsetB
1944	ACCESSORY_C_Lovely_Ribbon_Hair	_C_Lovely_Ribbon_Hair
1945	ACCESSORY_C_Blinking_Eyes_Cocktai_BU	_C_Blinking_Eyes_Cocktai_BU
1946	ACCESSORY_C_Rose_Gothic_Bonnet	_C_Rose_Gothic_Bonnet
1947	ACCESSORY_Runaway_Accelerator	_Runaway_Accelerator
1948	ACCESSORY_Gift_Of_Panagia	_Gift_Of_Panagia
1949	ACCESSORY_Phalanx	_Phalanx
1950	ACCESSORY_WitchManteau	_WitchManteau
1951	ACCESSORY_ZombieMask	_ZombieMask
1952	ACCESSORY_C_Pierced_Apple	_C_Pierced_Apple
1953	ACCESSORY_Mushroom_Hair	_Mushroom_Hair
1954	ACCESSORY_C_Airy_Two_Side_Up_BD	_C_Airy_Two_Side_Up_BD
1955	ACCESSORY_C_Airy_Two_Side_Up_SV	_C_Airy_Two_Side_Up_SV
1956	ACCESSORY_C_Signon_Princess_Wave_BU	_C_Signon_Princess_Wave_BU
1957	ACCESSORY_C_Signon_Princess_Wave_RD	_C_Signon_Princess_Wave_RD
1958	ACCESSORY_C_Signon_Princess_Wave_YL	_C_Signon_Princess_Wave_YL
1959	ACCESSORY_C_Signon_Princess_Wave_GN	_C_Signon_Princess_Wave_GN
1960	ACCESSORY_C_Signon_Princess_Wave_BL	_C_Signon_Princess_Wave_BL
1961	ACCESSORY_C_Signon_Princess_Wave_WH	_C_Signon_Princess_Wave_WH
1962	ACCESSORY_C_Signon_Princess_Wave_OM	_C_Signon_Princess_Wave_OM
1963	ACCESSORY_C_Signon_Princess_Wave_PP	_C_Signon_Princess_Wave_PP
1964	ACCESSORY_C_Braid_Headband_BU	_C_Braid_Headband_BU
1965	ACCESSORY_C_Braid_Headband_RD	_C_Braid_Headband_RD
1966	ACCESSORY_C_Braid_Headband_YL	_C_Braid_Headband_YL
1967	ACCESSORY_C_Braid_Headband_GN	_C_Braid_Headband_GN
1968	ACCESSORY_C_Braid_Headband_BL	_C_Braid_Headband_BL
1969	ACCESSORY_C_Braid_Headband_WH	_C_Braid_Headband_WH
1970	ACCESSORY_C_Braid_Headband_OM	_C_Braid_Headband_OM
1971	ACCESSORY_C_Braid_Headband_PP	_C_Braid_Headband_PP
1972	ACCESSORY_C_Exotic_Bob_L_LB	_C_Exotic_Bob_L_LB
1973	ACCESSORY_C_Exotic_Bob_L_YL	_C_Exotic_Bob_L_YL
1974	ACCESSORY_C_Exotic_Bob_L_WH	_C_Exotic_Bob_L_WH
1975	ACCESSORY_C_Exotic_Bob_L_LPP	_C_Exotic_Bob_L_LPP
1976	ACCESSORY_C_Exotic_Bob_R_PK	_C_Exotic_Bob_R_PK
1977	ACCESSORY_C_Exotic_Bob_R_BG	_C_Exotic_Bob_R_BG
1978	ACCESSORY_C_Exotic_Bob_R_JBL	_C_Exotic_Bob_R_JBL
1979	ACCESSORY_C_Exotic_Bob_R_BW	_C_Exotic_Bob_R_BW
1980	ACCESSORY_C_Happy_Cat_TW	_C_Happy_Cat_TW
1981	ACCESSORY_C_Pure_Love_Muffler	_C_Pure_Love_Muffler
1982	ACCESSORY_Cons_Of_Earth	_Cons_Of_Earth
1983	ACCESSORY_C_Blanc_Neige_Prince	_C_Blanc_Neige_Prince
1984	ACCESSORY_C_PGstone_Knit_Hat_PK	_C_PGstone_Knit_Hat_PK
1985	ACCESSORY_C_PGstone_Knit_Hat_BW	_C_PGstone_Knit_Hat_BW
1986	ACCESSORY_Eleanor_WigB	_엘레노아가발
1987	ACCESSORY_C_Sweet_Corone	_C_Sweet_Corone
1988	ACCESSORY_C_Frill_Collar	_C_Frill_Collar
1989	ACCESSORY_VIP_Hair_Male	_VIP_Hair_Male
1990	ACCESSORY_VIP_Hair_Female	_VIP_Hair_Female
1991	ACCESSORY_Nut_Cracker	_Nut_Cracker
1992	ACCESSORY_C_Fairy_Long_CB	_C_Fairy_Long_CB
1993	ACCESSORY_C_Fluffy_Semi_Long_SV	_C_Fluffy_Semi_Long_SV
1994	ACCESSORY_C_Baby_Polar_Bear	_C_Baby_Polar_Bear
1995	ACCESSORY_C_Blinking_Eyes_BU	_C_Blinking_Eyes_BU
1996	ACCESSORY_C_Magic_Heir_TW	_C_Magic_Heir_TW
1997	ACCESSORY_C_Sudden_Wealth_TW	_C_Sudden_Wealth_TW
1998	ACCESSORY_C_Disapear_Time_TW	_C_Disapear_Time_TW
1999	ACCESSORY_C_Romance_Rose_TW	_C_Romance_Rose_TW
2000	ACCESSORY_C_Mike_Stand	_C_Mike_Stand
2001	ACCESSORY_C_Half_Rim_Glasses	_C_Half_Rim_Glasses
2002	ACCESSORY_C_Suit_Sollar	_C_Suit_Sollar
2003	ACCESSORY_C_Miyabi_Long_Hair_LPP	_C_Miyabi_Long_Hair_LPP
2004	ACCESSORY_C_Blink_Eyes_Sakura_Princess	_C_Blink_Eyes_Sakura_Princess
2005	ACCESSORY_20th_Anniversary	_20th_Anniversary
2006	ACCESSORY_C_Unicorn_Ornament	_C_Unicorn_Ornament
2007	ACCESSORY_C_L_Knitting_Low_Twin	_C_L_Knitting_Low_Twin
2008	ACCESSORY_C_Kriemhild_Crown_TW	_C_Kriemhild_Crown_TW
2009	ACCESSORY_2020RTC_Imp_TW	_2020RTC_Imp_TW
2010	ACCESSORY_C_Frog_Hood	_C_Frog_Hood
2011	ACCESSORY_C_Elegant_Wave	_C_Elegant_Wave
2012	ACCESSORY_2020RTC_01	_2020RTC_01
2013	ACCESSORY_2020RTC_02	_2020RTC_02
2014	ACCESSORY_2020RTC_03	_2020RTC_03
2015	ACCESSORY_C_18y_Hat_TW	_C_18y_Hat_TW
2016	ACCESSORY_GatesofNetherworld	_GatesofNetherworld
2017	ACCESSORY_Cor_Core_Headset	_Cor_Core_Headset
2018	ACCESSORY_Vassalage_Necklace	_Vassalage_Necklace
2019	ACCESSORY_Rag_Origin_Hat	_Rag_Origin_Hat
2020	ACCESSORY_Cons_Of_Darkness	_Cons_Of_Darkness
2021	ACCESSORY_C_CAPOORING_TW	_C_CAPOORING_TW
2022	ACCESSORY_C_Gluttony_CAPOO_TW	_C_Gluttony_CAPOO_TW
2023	ACCESSORY_C_OneEyedJack	_C_OneEyedJack
2024	ACCESSORY_Hunters_Dinner	_Hunters_Dinner
2025	ACCESSORY_C_Katashiro_Flying	_C_Katashiro_Flying
2026	ACCESSORY_C_Onihime_Camellia	_C_Onihime_Camellia
2027	ACCESSORY_C_Japanes_Hair	_C_Japanes_Hair
2028	ACCESSORY_C_Airy_Two_Side_Up_WH	_C_Airy_Two_Side_Up_WH
2029	ACCESSORY_C_Long_Wave_BD	_C_Long_Wave_BD
2030	ACCESSORY_C_Long_Wave_SV	_C_Long_Wave_SV
2031	ACCESSORY_C_Fluffy_Semi_Long_LB	_C_Fluffy_Semi_Long_LB
2032	ACCESSORY_C_Fluffy_Semi_Long_CB	_C_Fluffy_Semi_Long_CB
2033	ACCESSORY_C_Fluffy_Semi_Long_YL	_C_Fluffy_Semi_Long_YL
2034	ACCESSORY_C_Fluffy_Semi_Long_BG	_C_Fluffy_Semi_Long_BG
2035	ACCESSORY_C_Fluffy_Semi_Long_JBL	_C_Fluffy_Semi_Long_JBL
2036	ACCESSORY_C_Fluffy_Semi_Long_WH	_C_Fluffy_Semi_Long_WH
2037	ACCESSORY_C_Fluffy_Semi_Long_OM	_C_Fluffy_Semi_Long_OM
2038	ACCESSORY_C_Fluffy_Semi_Long_LPP	_C_Fluffy_Semi_Long_LPP
2039	ACCESSORY_C_Country_Tail_BU	_C_Country_Tail_BU
2040	ACCESSORY_C_Country_Tail_RD	_C_Country_Tail_RD
2041	ACCESSORY_C_Country_Tail_YL	_C_Country_Tail_YL
2042	ACCESSORY_C_Country_Tail_GN	_C_Country_Tail_GN
2043	ACCESSORY_C_Country_Tail_BL	_C_Country_Tail_BL
2044	ACCESSORY_C_Country_Tail_WH	_C_Country_Tail_WH
2045	ACCESSORY_C_Country_Tail_OM	_C_Country_Tail_OM
2046	ACCESSORY_C_Country_Tail_PP	_C_Country_Tail_PP
2047	ACCESSORY_C_Braid_Half_Up_BU	_C_Braid_Half_Up_BU
2048	ACCESSORY_C_Braid_Half_Up_RD	_C_Braid_Half_Up_RD
2049	ACCESSORY_C_Braid_Half_Up_YL	_C_Braid_Half_Up_YL
2050	ACCESSORY_C_Braid_Half_Up_GN	_C_Braid_Half_Up_GN
2051	ACCESSORY_C_Braid_Half_Up_BL	_C_Braid_Half_Up_BL
2052	ACCESSORY_C_Braid_Half_Up_WH	_C_Braid_Half_Up_WH
2053	ACCESSORY_C_Braid_Half_Up_OM	_C_Braid_Half_Up_OM
2054	ACCESSORY_C_Braid_Half_Up_PP	_C_Braid_Half_Up_PP
2055	ACCESSORY_Wonder_Egg_Basket	_Wonder_Egg_Basket
2056	ACCESSORY_Imperial_Glory	_Imperial_Glory
2057	ACCESSORY_C_Artist_Silk_Hat	_C_Artist_Silk_Hat
2058	ACCESSORY_C_Tiger	_C_Tiger
2059	ACCESSORY_C_H_Knight_Cloak	_C_H_Knight_Cloak
2060	ACCESSORY_C_Blink_Eyes_Golden	_C_Blink_Eyes_Golden
2061	ACCESSORY_Cons_Of_Poison	_Cons_Of_Poison
2062	ACCESSORY_C_RK_Hair_BL	_C_RK_Hair_BL
2063	ACCESSORY_C_RK_Hair_BU	_C_RK_Hair_BU
2064	ACCESSORY_C_RK_Hair_GN	_C_RK_Hair_GN
2065	ACCESSORY_C_RK_Hair_OM	_C_RK_Hair_OM
2066	ACCESSORY_C_RK_Hair_PK	_C_RK_Hair_PK
2067	ACCESSORY_C_RK_Hair_PP	_C_RK_Hair_PP
2068	ACCESSORY_C_RK_Hair_RD	_C_RK_Hair_RD
2069	ACCESSORY_C_RK_Hair_WH	_C_RK_Hair_WH
2070	ACCESSORY_C_RK_Hair_YL	_C_RK_Hair_YL
2071	ACCESSORY_C_AB_Hair_BL	_C_AB_Hair_BL
2072	ACCESSORY_C_AB_Hair_LPP	_C_AB_Hair_LPP
2073	ACCESSORY_C_AB_Hair_OM	_C_AB_Hair_OM
2074	ACCESSORY_C_AB_Hair_WH	_C_AB_Hair_WH
2075	ACCESSORY_C_Puriku_Pcha	_C_Puriku_Pcha
2076	ACCESSORY_C_Puriku_Cap	_C_Puriku_Cap
2077	ACCESSORY_Ep18_Mini_Elly	_Ep18_Mini_Elly
2078	ACCESSORY_C_bullhead	_C_bullhead
2079	ACCESSORY_C_Phigasia_Scarf_EXE	_C_Phigasia_Scarf_EXE
2080	ACCESSORY_C_Falling_Snow	_C_Falling_Snow
2081	ACCESSORY_C_White_Corone	_C_White_Corone
2082	ACCESSORY_C_Floating_Parasol	_C_Floating_Parasol
2083	ACCESSORY_C_Long_Ribbon	_C_Long_Ribbon
2084	ACCESSORY_C_Hair_Bun_Wave	_C_Hair_Bun_Wave
2085	ACCESSORY_C_P_blossom_Hairpin	_C_P_blossom_Hairpin
2086	ACCESSORY_C_Poulet_TW	_C_Poulet_TW
2087	ACCESSORY_C_Choco_Banana	_C_Choco_Banana
2088	ACCESSORY_YinYang_Earring_Y	_YinYang_Earring_Y
2089	ACCESSORY_Thanos_Helm_2	_Thanos_Helm_2
2090	ACCESSORY_Thanos_Helm2_LT	_Thanos_Helm2_LT
2091	ACCESSORY_C_Rose_Crispinette	_C_Rose_Crispinette
2092	ACCESSORY_C_ZoMask_Green_TW	_C_ZoMask_Green_TW
2093	ACCESSORY_C_Ghost_Bat_TW	_C_Ghost_Bat_TW
2094	ACCESSORY_C_Helm_Of_Ra	_C_Helm_Of_Ra
2095	ACCESSORY_C_Deviruchi_Apron	_C_Deviruchi_Apron
2096	ACCESSORY_C_Shadow_Devil	_C_Shadow_Devil
2097	ACCESSORY_C_Smokie_Muffler	_C_Smokie_Muffler
2098	ACCESSORY_Mountain_Helmet	_Mountain_Helmet
2099	ACCESSORY_Themis_Helm	_Themis_Helm
2100	ACCESSORY_C_Asgard_Circlet_TW	_C_Asgard_Circlet_TW
2101	ACCESSORY_C_Glory_Symbol_TW	_C_Glory_Symbol_TW
2102	ACCESSORY_Thanos_Helm3_LT	_Thanos_Helm3_LT
2103	ACCESSORY_Thanos_Helm_3	_Thanos_Helm_3
2104	ACCESSORY_Thanos_Helm4_LT	_Thanos_Helm4_LT
2105	ACCESSORY_Thanos_Helm_4	_Thanos_Helm_4
2106	ACCESSORY_C_AB_Hair_RD	_C_AB_Hair_RD
2107	ACCESSORY_C_AB_Hair_YL	_C_AB_Hair_YL
2108	ACCESSORY_C_AB_Hair_BU	_C_AB_Hair_BU
2109	ACCESSORY_C_AB_Hair_GN	_C_AB_Hair_GN
2110	ACCESSORY_C_AB_Hair_PK	_C_AB_Hair_PK
2111	ACCESSORY_C_AB_Hair_PP	_C_AB_Hair_PP
2112	ACCESSORY_C_Cherry_Ribbon	_C_Cherry_Ribbon
2113	ACCESSORY_C_Carefree_Face	_C_Carefree_Face
2114	ACCESSORY_Drooping_Betelgeuse	_Drooping_Betelgeuse
2115	ACCESSORY_Black_Dragon_Style	_Black_Dragon_Style
2116	ACCESSORY_Diving_Goggles	_Diving_Goggles
2117	ACCESSORY_Metal_Pick	_Metal_Pick
2118	ACCESSORY_Professor_MiniGlass	_Professor_MiniGlass
2119	ACCESSORY_C_Blossom_Glasses	_C_Blossom_Glasses
2120	ACCESSORY_Rebirth_Circlet	_Rebirth_Circlet
2121	ACCESSORY_Kings_Crown_A	_Kings_Crown_A
2122	ACCESSORY_Noble_Hankie_TW	_Noble_Hankie_TW
2123	ACCESSORY_Angeling_Balloon_TW	_Angeling_Balloon_TW
2124	ACCESSORY_C_Hopping_Twin_Pigtail	_C_Hopping_Twin_Pigtail
2125	ACCESSORY_C_Astrologer_T_Hat	_C_Astrologer_T_Hat
2126	ACCESSORY_C_Fish_Marche	_C_Fish_Marche
2127	ACCESSORY_Demons_Familiar	_Demons_Familiar
2128	ACCESSORY_Lord_of_Royals	_Lord_of_Royals
2129	ACCESSORY_C_Melon_Headphone	_C_Melon_Headphone
2130	ACCESSORY_C_Feather_Stola	_C_Feather_Stola
2131	ACCESSORY_C_L_Knitting_Low_Twin_W	_C_L_Knitting_Low_Twin_W
2132	ACCESSORY_Northern_Cross	_Northern_Cross
2133	ACCESSORY_2021RTC_Wing_TW	_2021RTC_Wing_TW
2134	ACCESSORY_C_2021RTC_Headset_TW	_C_2021RTC_Headset_TW
2135	ACCESSORY_C_Demon_Crown	_C_Demon_Crown
2136	ACCESSORY_C_Released_Ground	_C_Released_Ground
2137	ACCESSORY_C_BirthDay_Balloon_TW	_C_BirthDay_Balloon_TW
2138	ACCESSORY_Wave_Noodle	_Wave_Noodle
2139	ACCESSORY_C_Fishbone_Hair	_C_Fishbone_Hair
2140	ACCESSORY_C_Whale_Cap	_C_Whale_Cap
2141	ACCESSORY_C_Sailor_Collar_WH	_C_Sailor_Collar_WH
2142	ACCESSORY_C_Pet_Popcorn_Box	_C_Pet_Popcorn_Box
2143	ACCESSORY_C_Ep19_Iwin	_C_Ep19_Iwin
2144	ACCESSORY_C_Ep19_Rgan	_C_Ep19_Rgan
2145	ACCESSORY_C_Fishbowl_Parfait_Hat	_C_Fishbowl_Parfait_Hat
2146	ACCESSORY_Black_Moon_Cat	_Black_Moon_Cat
2147	ACCESSORY_C_Bear_Head	_C_Bear_Head
2148	ACCESSORY_Supplement_P_Income	_Supplement_P_Income
2149	ACCESSORY_Fafnir_Helm	_Fafnir_Helm
2150	ACCESSORY_C_Cat_Footprints	_C_Cat_Footprints
2151	ACCESSORY_C_White_Cat_On_Shoulder	_C_White_Cat_On_Shoulder
2152	ACCESSORY_Pope_Ribbon_R	_Pope_Ribbon_R
2153	ACCESSORY_Purple_Cat_Ears_Beret	_Purple_Cat_Ears_Beret
2154	ACCESSORY_Sweet_Potato_In_Mouth	_Sweet_Potato_In_Mouth
2155	ACCESSORY_C_Inner_Color_Long	_C_Inner_Color_Long
2156	ACCESSORY_C_Avenger	_C_Avenger
2157	ACCESSORY_2021RTC_Headset_1_TW	_2021RTC_Headset_1_TW
2158	ACCESSORY_Viva_Adul_Hat_AB	_Viva_Adul_Hat_AB
2159	ACCESSORY_Viva_Adul_Hat_SC	_Viva_Adul_Hat_SC
2160	ACCESSORY_2021RTC_Headset_2_TW	_2021RTC_Headset_2_TW
2161	ACCESSORY_2021RTC_Headset_3_TW	_2021RTC_Headset_3_TW
2162	ACCESSORY_NostalgiaCherryBlossom	_NostalgiaCherryBlossom
2163	ACCESSORY_C_Sweet_Chef_Hat	_C_Sweet_Chef_Hat
2164	ACCESSORY_C_WL_Hair_BU	_C_WL_Hair_BU
2165	ACCESSORY_C_L_Ribbon_M_WH	_C_L_Ribbon_M_WH
2166	ACCESSORY_C_Mermaid_Wig_Peach	_C_Mermaid_Wig_Peach
2167	ACCESSORY_C_Kururinpa_Hair_BD	_C_Kururinpa_Hair_BD
2168	ACCESSORY_C_Long_Wave_LBW	_C_Long_Wave_LBW
2169	ACCESSORY_C_B_Shiba_Inu_TW	_C_B_Shiba_Inu_TW
2170	ACCESSORY_C_Heart_Angel_TW	_C_Heart_Angel_TW
2171	ACCESSORY_C_Silk_Of_Soul	_C_Silk_Of_Soul
2172	ACCESSORY_C_domovoi	_C_domovoi
2173	ACCESSORY_Viva_Adul_Hat_LG	_Viva_Adul_Hat_LG
2174	ACCESSORY_Viva_Adul_Hat_RA	_Viva_Adul_Hat_RA
2175	ACCESSORY_C_Black_Fairy_TW	_C_Black_Fairy_TW
2176	ACCESSORY_C_Kuujaka_TW	_C_Kuujaka_TW
2177	ACCESSORY_Wolf_Officer_Hat	_Wolf_Officer_Hat
2178	ACCESSORY_Fluffy_Lovely_Fox	_Fluffy_Lovely_Fox
2179	ACCESSORY_C_Evt_RagFes_band	_C_Evt_RagFes_band
2180	ACCESSORY_C_Silky_Long_BD	_C_Silky_Long_BD
2181	ACCESSORY_C_Silky_Long_SV	_C_Silky_Long_SV
2182	ACCESSORY_C_Intake_BU	_C_Intake_BU
2183	ACCESSORY_C_Intake_RD	_C_Intake_RD
2184	ACCESSORY_C_Intake_YL	_C_Intake_YL
2185	ACCESSORY_C_Intake_GN	_C_Intake_GN
2186	ACCESSORY_C_Intake_BL	_C_Intake_BL
2187	ACCESSORY_C_Intake_WH	_C_Intake_WH
2188	ACCESSORY_C_Intake_OM	_C_Intake_OM
2189	ACCESSORY_C_Intake_PP	_C_Intake_PP
2190	ACCESSORY_C_Bun_Twin_Tail_BU	_C_Bun_Twin_Tail_BU
2191	ACCESSORY_C_Bun_Twin_Tail_RD	_C_Bun_Twin_Tail_RD
2192	ACCESSORY_C_Bun_Twin_Tail_YL	_C_Bun_Twin_Tail_YL
2193	ACCESSORY_C_Bun_Twin_Tail_GN	_C_Bun_Twin_Tail_GN
2194	ACCESSORY_C_Bun_Twin_Tail_BL	_C_Bun_Twin_Tail_BL
2195	ACCESSORY_C_Bun_Twin_Tail_WH	_C_Bun_Twin_Tail_WH
2196	ACCESSORY_C_Bun_Twin_Tail_OM	_C_Bun_Twin_Tail_OM
2197	ACCESSORY_C_Bun_Twin_Tail_PP	_C_Bun_Twin_Tail_PP
2198	ACCESSORY_Faith_Of_Yggdrasil	_Faith_Of_Yggdrasil
2199	ACCESSORY_Guardian_Helm	_Guardian_Helm
2200	ACCESSORY_Einherial_Mantle	_Einherial_Mantle
2201	ACCESSORY_C_B_Thin_Eyes_B_TW	_C_B_Thin_Eyes_B_TW
2202	ACCESSORY_Viva_Adul_Hat_GC	_Viva_Adul_Hat_GC
2203	ACCESSORY_Viva_Adul_Hat_SO	_Viva_Adul_Hat_SO
2204	ACCESSORY_Crushed_Snow_Man	_Crushed_Snow_Man
2205	ACCESSORY_C_Fluffy_Rabbit_Cape	_C_Fluffy_Rabbit_Cape
2206	ACCESSORY_C_SR_Hair_SV	_C_SR_Hair_SV
2207	ACCESSORY_Viva_Adul_Hat_RK	_Viva_Adul_Hat_RK
2208	ACCESSORY_Viva_Adul_Hat_WM	_Viva_Adul_Hat_WM
2209	ACCESSORY_Viva_Adul_Hat_NC	_Viva_Adul_Hat_NC
2210	ACCESSORY_Viva_Adul_Hat_GN	_Viva_Adul_Hat_GN
2211	ACCESSORY_Gemmed_Sallet	_쥬얼헬름
2212	ACCESSORY_Grisly_Soul	_Grisly_Soul
2213	ACCESSORY_RTC2021_Reward_1_TH	_RTC2021_Reward_1_TH
2214	ACCESSORY_RTC2021_Reward_2_TH	_RTC2021_Reward_2_TH
2215	ACCESSORY_RTC2021_Reward_3_TH	_RTC2021_Reward_3_TH
2216	ACCESSORY_C_HwaHoJumJung	_C_HwaHoJumJung
2217	ACCESSORY_Viva_Adul_Hat_KO	_Viva_Adul_Hat_KO
2218	ACCESSORY_Viva_Adul_Hat_RL	_Viva_Adul_Hat_RL
2219	ACCESSORY_Viva_Adul_Hat_SP	_Viva_Adul_Hat_SP
2220	ACCESSORY_Viva_Adul_Hat_SJ	_Viva_Adul_Hat_SJ
2221	ACCESSORY_Viva_Adul_Hat_SU	_Viva_Adul_Hat_SU
2222	ACCESSORY_C_Twinkle_Twin	_C_Twinkle_Twin
2223	ACCESSORY_C_Macaron_Bunny_Head	_C_Macaron_Bunny_Head
2224	ACCESSORY_C_Wanderer_Curl	_C_Wanderer_Curl
2225	ACCESSORY_C_Rocking_Short	_C_Rocking_Short
2226	ACCESSORY_Phantom_Ear	_Phantom_Ear
2227	ACCESSORY_Guardian_Claus	_Guardian_Claus
2228	ACCESSORY_C_WL_Hair_BL	_C_WL_Hair_BL
2229	ACCESSORY_C_WL_Hair_GN	_C_WL_Hair_GN
2230	ACCESSORY_C_WL_Hair_OM	_C_WL_Hair_OM
2231	ACCESSORY_C_WL_Hair_PK	_C_WL_Hair_PK
2232	ACCESSORY_C_WL_Hair_PP	_C_WL_Hair_PP
2233	ACCESSORY_C_WL_Hair_RD	_C_WL_Hair_RD
2234	ACCESSORY_C_WL_Hair_WH	_C_WL_Hair_WH
2235	ACCESSORY_C_WL_Hair_YL	_C_WL_Hair_YL
2236	ACCESSORY_C_SR_Hair_BL	_C_SR_Hair_BL
2237	ACCESSORY_C_SR_Hair_GN	_C_SR_Hair_GN
2238	ACCESSORY_C_SR_Hair_OM	_C_SR_Hair_OM
2239	ACCESSORY_C_SR_Hair_PK	_C_SR_Hair_PK
2240	ACCESSORY_C_SR_Hair_PP	_C_SR_Hair_PP
2241	ACCESSORY_C_SR_Hair_RD	_C_SR_Hair_RD
2242	ACCESSORY_C_SR_Hair_WH	_C_SR_Hair_WH
2243	ACCESSORY_C_SR_Hair_YL	_C_SR_Hair_YL
2244	ACCESSORY_C_Tiger_WH	_C_Tiger_WH
2245	ACCESSORY_C_Tiger_BL	_C_Tiger_BL
2246	ACCESSORY_Belka_Strelka	_Belka_Strelka
2247	ACCESSORY_C_Dreaming_Rose_Long	_C_Dreaming_Rose_Long
2248	ACCESSORY_C_Many_Flowers_Prayer	_C_Many_Flowers_Prayer
2249	ACCESSORY_Hairband_Of_Asmodeus	_Hairband_Of_Asmodeus
2250	ACCESSORY_GorgonCoronet	_GorgonCoronet
2251	ACCESSORY_C_Omega_Golf_Bag	_C_Omega_Golf_Bag
2252	ACCESSORY_C_Drooping_Omega	_C_Drooping_Omega
2253	ACCESSORY_C_Alpha_Long_Pony	_C_Alpha_Long_Pony
2254	ACCESSORY_C_Agnes_Mini	_C_Agnes_Mini
2255	ACCESSORY_C_Debris_Mini	_C_Debris_Mini
2256	ACCESSORY_C_ElenaVolkova_Mini	_C_ElenaVolkova_Mini
2257	ACCESSORY_C_Elumina_Mini	_C_Elumina_Mini
2258	ACCESSORY_C_Berner_Mini	_C_Berner_Mini
2259	ACCESSORY_C_AI_Nabi	_C_AI_Nabi
2260	ACCESSORY_Legacy_of_Wise_One_J	_Legacy_of_Wise_One_J
2261	ACCESSORY_C_Flower_L_Knitting	_C_Flower_L_Knitting
2262	ACCESSORY_C_Happening_Clover	_C_Happening_Clover
2263	ACCESSORY_C_Bouquet_Valletta	_C_Bouquet_Valletta
2264	ACCESSORY_Yesterday_Once_More	_Yesterday_Once_More
2265	ACCESSORY_Magic_Celestial_Globe	_Magic_Celestial_Globe
2266	ACCESSORY_SLEEPYCAT_HAT	_SLEEPYCAT_HAT
2267	ACCESSORY_Jirant_Circlet_A	_Jirant_Circlet_A
2268	ACCESSORY_Ally_of_the_Demons	_Ally_of_the_Demons
2269	ACCESSORY_Exotic_traditional_Hat	_Exotic_traditional_Hat
2270	ACCESSORY_C_Starry_Ribbon_Twin	_C_Starry_Ribbon_Twin
2271	ACCESSORY_C_Starry_Long_Wave	_C_Starry_Long_Wave
2272	ACCESSORY_C_Protect_Cloth_B	_C_Protect_Cloth_B
2273	ACCESSORY_C_Cons_Of_Light_Dark	_C_Cons_Of_Light_Dark
2274	ACCESSORY_C_Twinkle_Twin_B	_C_Twinkle_Twin_B
2275	ACCESSORY_Princess_Headphone	_Princess_Headphone
2276	ACCESSORY_Queen_Headphone	_Queen_Headphone
2277	ACCESSORY_Sleep_RedSheep	_Sleep_RedSheep
2278	ACCESSORY_C_RA_Hair_PK	_C_RA_Hair_PK
2279	ACCESSORY_C_Tent	_C_Tent
2280	ACCESSORY_C_Traveller_Oil_Lantern	_C_Traveller_Oil_Lantern
2281	ACCESSORY_C_Reliance_Crown	_C_Reliance_Crown
2282	ACCESSORY_C_Guardian_Wing	_C_Guardian_Wing
2283	ACCESSORY_C_Indomitable_Crown	_C_Indomitable_Crown
2284	ACCESSORY_C_20th_Anniversary_Hat	_C_20th_Anniversary_Hat
2285	ACCESSORY_C_2012RMSCNO4	_C_2012RMSCNO4
2286	ACCESSORY_Feather_Beret_WH	_Feather_Beret_WH
2287	ACCESSORY_Shine_Circlet	_Shine_Circlet
2288	ACCESSORY_Sin_Circlet	_Sin_Circlet
2289	ACCESSORY_Rebel_Pocket_Watch	_Rebel_Pocket_Watch
2290	ACCESSORY_C_King_Mini	_C_King_Mini
2291	ACCESSORY_C_Angeling_Mini	_C_Angeling_Mini
2292	ACCESSORY_C_Seyren_Mini	_C_Seyren_Mini
2293	ACCESSORY_C_Gulaling_Mini	_C_Gulaling_Mini
2294	ACCESSORY_C_Fox_Bamboo_Hat	_C_Fox_Bamboo_Hat
2295	ACCESSORY_C_Silky_Long_BL	_C_Silky_Long_BL
2296	ACCESSORY_C_15th_Nov_Helmet	_C_15th_Nov_Helmet
2297	ACCESSORY_C_Wichienmaat_Bangkaew	_C_Wichienmaat_Bangkaew
2298	ACCESSORY_C_Somtam	_C_Somtam
2299	ACCESSORY_C_2022Cosutama_Imp_JP	_C_2022Cosutama_Imp_JP
2300	ACCESSORY_C_Braid_Ring	_C_Braid_Ring
2301	ACCESSORY_C_Midnight_Candle	_C_Midnight_Candle
2302	ACCESSORY_C_20Y_Anniv_Helmet	_C_20Y_Anniv_Helmet
2303	ACCESSORY_C_ROROGO	_C_ROROGO
2304	ACCESSORY_C_Evil_Mini	_C_Evil_Mini
2305	ACCESSORY_C_Lehar_Mini	_C_Lehar_Mini
2306	ACCESSORY_C_Marlbron_Mini	_C_Marlbron_Mini
2307	ACCESSORY_C_Spica_Mini	_C_Spica_Mini
2308	ACCESSORY_C_Fire_Giant_Red	_C_Fire_Giant_Red
2309	ACCESSORY_C_Fire_Giant_Gold	_C_Fire_Giant_Gold
2310	ACCESSORY_20th_Scarf_J	_20th_Scarf_J
2311	ACCESSORY_C_Valkyrie_Hair	_C_Valkyrie_Hair
2312	ACCESSORY_C_Vanargandr_Helm_GL	_C_Vanargandr_Helm_GL
2313	ACCESSORY_C_Balloon_Hat_Classical	_C_Balloon_Hat_Classical
2314	ACCESSORY_C_Ignis_Cap_BU	_C_Ignis_Cap_BU
2315	ACCESSORY_C_spiding	_C_spiding
2316	ACCESSORY_C_Little_Abyss_Dragon	_C_Little_Abyss_Dragon
2317	ACCESSORY_C_Eis_Spinne	_C_Eis_Spinne
2318	ACCESSORY_Ear_OF_Bloody	_Ear_OF_Bloody
2319	ACCESSORY_Larva_Red	_Larva_Red
2320	ACCESSORY_Sausage	_Sausage
2321	ACCESSORY_Larva_Yellow_Mini	_Larva_Yellow_Mini
2322	ACCESSORY_Ear_OF_Abyss	_Ear_OF_Abyss
2323	ACCESSORY_C_PU_EarWitchHat	_C_PU_EarWitchHat
2324	ACCESSORY_Soccer_Ball	_Soccer_Ball
2325	ACCESSORY_Tiger_Glass	_Tiger_Glass
2326	ACCESSORY_5th_Anniversary	_5th_Anniversary
2327	ACCESSORY_Book_of_Sorcery	_Book_of_Sorcery
2328	ACCESSORY_C_Angelic_Long_BD	_C_Angelic_Long_BD
2329	ACCESSORY_C_Angelic_Long_RBD	_C_Angelic_Long_RBD
2330	ACCESSORY_C_Angelic_Long_SV	_C_Angelic_Long_SV
2331	ACCESSORY_C_Angelic_Long_RSV	_C_Angelic_Long_RSV
2332	ACCESSORY_GoodnEvil_Circlet	_GoodnEvil_Circlet
2333	ACCESSORY_C_Snow_Rabbit_Wig	_C_Snow_Rabbit_Wig
2334	ACCESSORY_C_Jumbo_Rabbit	_C_Jumbo_Rabbit
2335	ACCESSORY_C_Friendly_White_Fox	_C_Friendly_White_Fox
2336	ACCESSORY_C_Blink_Eyes_Frozen	_C_Blink_Eyes_Frozen
2337	ACCESSORY_Sacred_Lapel	_Sacred_Lapel
2338	ACCESSORY_Ghost_Whisper	_Ghost_Whisper
2339	ACCESSORY_Red_Baby_Dragon_LT	_Red_Baby_Dragon_LT
2340	ACCESSORY_C_L_Ribbon_M_BU	_C_L_Ribbon_M_BU
2341	ACCESSORY_C_white_tteok	_C_white_tteok
2342	ACCESSORY_C_blacksesame_tteok	_C_blacksesame_tteok
2343	ACCESSORY_C_bean_tteok	_C_bean_tteok
2344	ACCESSORY_C_1st_Evt_Hat_MSP	_C_1st_Evt_Hat_MSP
2345	ACCESSORY_C_1st_Evt_Balloon_MSP	_C_1st_Evt_Balloon_MSP
2346	ACCESSORY_C_Twinkle_Wave	_C_Twinkle_Wave
2347	ACCESSORY_C_Sweets_Captive	_C_Sweets_Captive
2348	ACCESSORY_Black_Rabbit_Ear	_Black_Rabbit_Ear
2349	ACCESSORY_Black_Rabbit	_Black_Rabbit
2350	ACCESSORY_Clockwise	_Clockwise
2351	ACCESSORY_Sanctus	_Sanctus
2352	ACCESSORY_Wild_Beast	_Wild_Beast
2353	ACCESSORY_Ghost_Fire_TW	_Ghost_Fire_TW
2354	ACCESSORY_White_Serpent_Hair	_White_Serpent_Hair
2355	ACCESSORY_Serpent_Crystal	_Serpent_Crystal
2356	ACCESSORY_Armored_Copo	_Armored_Copo
2357	ACCESSORY_Egg_Copo	_Egg_Copo
2358	ACCESSORY_Dragon_Circlet	_Dragon_Circlet
2359	ACCESSORY_Two_tone_Cap	_Two_tone_Cap
2360	ACCESSORY_C_Demi_Freyja_Hair	_C_Demi_Freyja_Hair
2361	ACCESSORY_VIP_Hair_2023	_VIP_Hair_2023
2362	ACCESSORY_C_Serving_Rabbit	_C_Serving_Rabbit
2363	ACCESSORY_C_Spinning_Skulls	_C_Spinning_Skulls
2364	ACCESSORY_C_Rabbit_Egg	_C_Rabbit_Egg
2365	ACCESSORY_C_Eternal_Rose	_C_Eternal_Rose
2366	ACCESSORY_C_Sakura_Witch_Hat	_C_Sakura_Witch_Hat
2367	ACCESSORY_Heart_Chiffon_Rabbit	_Heart_Chiffon_Rabbit
2369	ACCESSORY_Chocolat_Rabbit_Hair	_Chocolat_Rabbit_Hair
2370	ACCESSORY_Cookie_PinkRibbon	_Cookie_PinkRibbon
2371	ACCESSORY_Squirrel_Ear_Hat_W	_Squirrel_Ear_Hat_W
2372	ACCESSORY_Gothic_HW_TW_LT	_Gothic_HW_TW_LT
2373	ACCESSORY_VIP_Hair_2024	_VIP_Hair_2024
2374	ACCESSORY_Spade_Card_In_Mouth	_Spade_Card_In_Mouth
2375	ACCESSORY_Handiness_Telescope	_Handiness_Telescope
2376	ACCESSORY_C_Mad_Hatter_Hat	_C_Mad_Hatter_Hat
2377	ACCESSORY_C_Over_Piamette_Hood	_C_Over_Piamette_Hood
2378	ACCESSORY_C_Bird_Cage_Candle_Hold	_C_Bird_Cage_Candle_Hold
2379	ACCESSORY_C_Wanderer_Curl_WH	_C_Wanderer_Curl_WH
2380	ACCESSORY_Chic_Peony	_Chic_Peony
2381	ACCESSORY_Wildcat_Knit_Cap_W	_Wildcat_Knit_Cap_W
2382	ACCESSORY_C_Come_On_Melon	_C_Come_On_Melon
2383	ACCESSORY_Diamond_Ace_Range	_Diamond_Ace_Range
2384	ACCESSORY_C_Adventurer_Pope_Mini	_C_Adventurer_Pope_Mini
2385	ACCESSORY_C_Adventurer_Hat	_C_Adventurer_Hat
2386	ACCESSORY_C_Flying_Tilby	_C_Flying_Tilby
2387	ACCESSORY_C_Juan_Hat_MSP	_C_Juan_Hat_MSP
2388	ACCESSORY_C_Gods_Rabbit_Pet	_C_Gods_Rabbit_Pet
2389	ACCESSORY_C_Skia_Two_Side_Up	_C_Skia_Two_Side_Up
2390	ACCESSORY_C_Lion_Crown	_C_Lion_Crown
2391	ACCESSORY_Striking_hat_A	_Striking_hat_A
2392	ACCESSORY_Khalitzburg_KN_Helm_W	_Khalitzburg_KN_Helm_W
2393	ACCESSORY_Poenetentia_B_Crown	_Poenetentia_B_Crown
2394	ACCESSORY_Poenetentia_V_Crown	_Poenetentia_V_Crown
2395	ACCESSORY_C_Wanderer_Grim_Reaper	_C_Wanderer_Grim_Reaper
2396	ACCESSORY_C_Consecrate_F_Aureola	_C_Consecrate_F_Aureola
2397	ACCESSORY_C_Ocean_Color_Long	_C_Ocean_Color_Long
2398	ACCESSORY_C_Sailor_Cap	_C_Sailor_Cap
2399	ACCESSORY_C_Brother_Keen_Eye	_C_Brother_Keen_Eye
2400	ACCESSORY_C_Rainbow_Popcorn	_C_Rainbow_Popcorn
2401	ACCESSORY_Octopus_Leg_In_Mouth	_Octopus_Leg_In_Mouth
2402	ACCESSORY_Poenetentia_D_Crown	_Poenetentia_D_Crown
2403	ACCESSORY_Lightning_Savage	_Lightning_Savage
2404	ACCESSORY_C_Tuktuk	_C_Tuktuk
2405	ACCESSORY_Alien_Sunglass_BU	_Alien_Sunglass_BU
2406	ACCESSORY_Alien_Sunglass_GN	_Alien_Sunglass_GN
2407	ACCESSORY_Alien_Sunglass_RD	_Alien_Sunglass_RD
2408	ACCESSORY_Remorse_Crown	_Remorse_Crown
2409	ACCESSORY_Bulb_Wreath	_C_Bulb_Wreath
2410	ACCESSORY_C_Angry_Fish	_C_Angry_Fish
2411	ACCESSORY_C_TV_Hair_PK	_C_TV_Hair_PK
2412	ACCESSORY_C_Festival_Stalls	_C_Festival_Stalls
2413	ACCESSORY_C_Cat_Straw_Hat	_C_Cat_Straw_Hat
2414	ACCESSORY_Mobile_Support_Systems	_Mobile_Support_Systems
2415	ACCESSORY_Flash_of_Lightning	_Flash_of_Lightning
2416	ACCESSORY_Poenetentia_H_Crown	_Poenetentia_H_Crown
2417	ACCESSORY_C_Tiger_Muffler_MSP	_C_Tiger_Muffler_MSP
2418	ACCESSORY_C_Temari_Candy_Hair	_C_Temari_Candy_Hair
2419	ACCESSORY_C_Horo_Ears_WH	_C_Horo_Ears_WH
2420	ACCESSORY_C_Fluttering_Haze	_C_Fluttering_Haze
2421	ACCESSORY_King_Headphone	_King_Headphone
2422	ACCESSORY_C_Hosangto_Hat	_C_Hosangto_Hat
2423	ACCESSORY_C_H_N_Hat	_C_H_N_Hat
2424	ACCESSORY_C_Autumn_Piece	_C_Autumn_Piece
2425	ACCESSORY_StripedRibbonHat	_StripedRibbonHat
2426	ACCESSORY_Altair_Hat	_Altair_Hat
2427	ACCESSORY_C_Cinnamon	_C_Cinnamon
2428	ACCESSORY_C_Cinnamon2	_C_Cinnamon2
2429	ACCESSORY_C_Sonic_Mini	_C_Sonic_Mini
2430	ACCESSORY_C_Super_Sonic_Mini	_C_Super_Sonic_Mini
2431	ACCESSORY_C_Tails_Mini	_C_Tails_Mini
2432	ACCESSORY_C_S_Attack_Ring	_C_S_Attack_Ring
2433	ACCESSORY_C_Sonic_Ring	_C_Sonic_Ring
2434	ACCESSORY_C_Dr_Eggman_Mask	_C_Dr_Eggman_Mask
2435	ACCESSORY_C_GC_Hair_OM	_C_GC_Hair_OM
2436	ACCESSORY_C_Ragdoll	_C_Ragdoll
2437	ACCESSORY_C_Blink_Eyes_Bloody	_C_Blink_Eyes_Bloody
2438	ACCESSORY_C_Fairy_Poison_Apple	_C_Fairy_Poison_Apple
2439	ACCESSORY_Nightmare_Looker_TW	_Nightmare_Looker_TW
2440	ACCESSORY_C_Cat_Straight_Long_WH	_C_Cat_Straight_Long_WH
2441	ACCESSORY_Time_Dimen_R_Crown	_Time_Dimen_R_Crown
2442	ACCESSORY_2023Seppay_02	_2023Seppay_02
2443	ACCESSORY_2023Seppay_03	_2023Seppay_03
2444	ACCESSORY_2023Seppay_04	_2023Seppay_04
2445	ACCESSORY_2023Seppay_05	_2023Seppay_05
2446	ACCESSORY_2023Seppay_06	_2023Seppay_06
2447	ACCESSORY_Inquisitor_Veil	_Inquisitor_Veil
2448	ACCESSORY_Clover_Ace_Defense	_Clover_Ace_Defense
2449	ACCESSORY_Awaking_Bloom	_Awaking_Bloom
2450	ACCESSORY_EvilEye_of_FalseGods	_EvilEye_of_FalseGods
2451	ACCESSORY_C_Rose_Wave_BD	_C_Rose_Wave_BD
2452	ACCESSORY_C_Rose_Wave_BDP	_C_Rose_Wave_BDP
2453	ACCESSORY_C_Rose_Wave_SV	_C_Rose_Wave_SV
2454	ACCESSORY_C_Rose_Wave_SVB	_C_Rose_Wave_SVB
2455	ACCESSORY_C_GCM_Hair_BG	_C_GCM_Hair_BG
2456	ACCESSORY_C_GCM_Hair_YL	_C_GCM_Hair_YL
2457	ACCESSORY_C_GCM_Hair_CB	_C_GCM_Hair_CB
2458	ACCESSORY_C_GCM_Hair_LB	_C_GCM_Hair_LB
2459	ACCESSORY_C_GCM_Hair_LPP	_C_GCM_Hair_LPP
2460	ACCESSORY_C_GCM_Hair_JBL	_C_GCM_Hair_JBL
2461	ACCESSORY_C_GCM_Hair_WH	_C_GCM_Hair_WH
2462	ACCESSORY_C_GCM_Hair_OM	_C_GCM_Hair_OM
2463	ACCESSORY_C_MN_Hair_BG	_C_MN_Hair_BG
2464	ACCESSORY_C_MN_Hair_YL	_C_MN_Hair_YL
2465	ACCESSORY_C_MN_Hair_CB	_C_MN_Hair_CB
2466	ACCESSORY_C_MN_Hair_LB	_C_MN_Hair_LB
2467	ACCESSORY_C_MN_Hair_LPP	_C_MN_Hair_LPP
2468	ACCESSORY_C_MN_Hair_JBL	_C_MN_Hair_JBL
2469	ACCESSORY_C_MN_Hair_WH	_C_MN_Hair_WH
2470	ACCESSORY_C_MN_Hair_OM	_C_MN_Hair_OM
2471	ACCESSORY_C_RA_Hair_BG	_C_RA_Hair_BG
2472	ACCESSORY_C_RA_Hair_YL	_C_RA_Hair_YL
2473	ACCESSORY_C_RA_Hair_CB	_C_RA_Hair_CB
2474	ACCESSORY_C_RA_Hair_LB	_C_RA_Hair_LB
2475	ACCESSORY_C_RA_Hair_LPP	_C_RA_Hair_LPP
2476	ACCESSORY_C_RA_Hair_JBL	_C_RA_Hair_JBL
2477	ACCESSORY_C_RA_Hair_WH	_C_RA_Hair_WH
2478	ACCESSORY_C_RA_Hair_OM	_C_RA_Hair_OM
2479	ACCESSORY_C_Kanahei_Fam	_C_Kanahei_Fam
2480	ACCESSORY_C_Usa_Pis	_C_Usa_Pis
2481	ACCESSORY_C_Baby_Gloom	_C_Baby_Gloom
2482	ACCESSORY_C_Jellyfish	_C_Jellyfish
2483	ACCESSORY_Sound_of_Catbell	_Sound_of_Catbell
2484	ACCESSORY_Passion_Rabbit_Ribbon	_Passion_Rabbit_Ribbon
2485	ACCESSORY_C_Chaos_Emerald	_C_Chaos_Emerald
2486	ACCESSORY_C_Snow_Head	_C_Snow_Head
2487	ACCESSORY_Wolf_Rayet	_Wolf_Rayet
2488	ACCESSORY_SnowmanHat	_SnowmanHat
2489	ACCESSORY_C_Kotatsu	_C_Kotatsu
2490	ACCESSORY_C_Meer_Hair	_C_Meer_Hair
2491	ACCESSORY_C_One_Sho_Bottle	_C_One_Sho_Bottle
2492	ACCESSORY_C_Blink_Eyes_A_Dragon	_C_Blink_Eyes_A_Dragon
2493	ACCESSORY_C_Lucky_Purse	_C_Lucky_Purse
2494	ACCESSORY_C_Bluedragon	_C_Bluedragon
2495	ACCESSORY_YellowKitty_HeadPhone	_YellowKitty_HeadPhone
2496	ACCESSORY_PGstone_Knit_Hat_GR	_PGstone_Knit_Hat_GR
2497	ACCESSORY_Twin_Canon_LT_TW	_Twin_Canon_LT_TW
2498	ACCESSORY_C_Petit_Choco_Hat	_C_Petit_Choco_Hat
2499	ACCESSORY_C_White_Rabbit_Hair	_C_White_Rabbit_Hair
2500	ACCESSORY_Poenetentia_P_Crown	_Poenetentia_P_Crown
2501	ACCESSORY_C_Merlion_Hat_MSP	_C_Merlion_Hat_MSP
2502	ACCESSORY_C_GGH_Numbawan_MSP	_C_GGH_Numbawan_MSP
2503	ACCESSORY_Wisdom_Core_Headphones	_Wisdom_Core_Headphones
2504	ACCESSORY_Steamroller	_Steamroller
2505	ACCESSORY_White_Fox_Bamboo_Hat	_White_Fox_Bamboo_Hat
2506	ACCESSORY_Poenetentia_S_Crown	_Poenetentia_S_Crown
2507	ACCESSORY_C_Ribbon_Beret_B	_C_Ribbon_Beret_B
2508	ACCESSORY_C_Neon_Half_Long	_C_Neon_Half_Long
2509	ACCESSORY_White_Cat_Witch_Hat	_White_Cat_Witch_Hat
2510	ACCESSORY_CharmOfAnywhere	_CharmOfAnywhere
2511	ACCESSORY_Poenetentia_M_Crown	_Poenetentia_M_Crown
2512	ACCESSORY_C_Heine_Tab_1	_C_Heine_Tab_1
2513	ACCESSORY_C_Heine_Tab_2	_C_Heine_Tab_2
2514	ACCESSORY_C_Heine_Tab_3	_C_Heine_Tab_3
2515	ACCESSORY_C_Clover_Hairpin	_C_Clover_Hairpin
2516	ACCESSORY_C_Flower_S_Knit_Hat	_C_Flower_S_Knit_Hat
2517	ACCESSORY_C_Chewy_Low_Twin	_C_Chewy_Low_Twin
2518	ACCESSORY_C_Consecrate_Aureola_M	_C_Consecrate_F_Aureola
2519	ACCESSORY_Soul_Mastery_Crown	_Soul_Mastery_Crown
2520	ACCESSORY_Bear_Candy_Cart	_Bear_Candy_Cart
2521	ACCESSORY_Garden_Of_Heaven	_Garden_Of_Heaven
2522	ACCESSORY_Cat_Ears_Cape_Blue	_Cat_Ears_Cape_Blue
2523	ACCESSORY_Satanic_Crown	_Satanic_Crown
2524	ACCESSORY_C_Eye_Mask	_C_Eye_Mask
2525	ACCESSORY_Undead_Seal_Rose	_Undead_Seal_Rose
2526	ACCESSORY_Ground_Seal_Rose	_Ground_Seal_Rose
2527	ACCESSORY_C_Randgris_Hair	_C_Randgris_Hair
2528	ACCESSORY_C_Blink_Eyes_D_Freyja	_C_Blink_Eyes_D_Freyja
2529	ACCESSORY_Interdimensional_Rift	_Interdimensional_Rift
2530	ACCESSORY_Queen_of_Calamity	_Queen_of_Calamity
2531	ACCESSORY_C_CLB_SS_DF	_C_CLB_SS_DF
2532	ACCESSORY_C_CLB_SS_EA	_C_CLB_SS_EA
2533	ACCESSORY_C_CLB_SS_LL	_C_CLB_SS_LL
2534	ACCESSORY_C_Kitchen_Car	_C_Kitchen_Car
2535	ACCESSORY_C_Signon_Loop	_C_Signon_Loop
2536	ACCESSORY_C_Fluffy_Bakery	_C_Fluffy_Bakery
2537	ACCESSORY_C_Yellow_Head_Dress	_C_Yellow_Head_Dress
2538	ACCESSORY_C_CatCoffeeCup_WH	_C_CatCoffeeCup_WH
2539	ACCESSORY_C_Dragon_Green_Aura	_C_Dragon_Green_Aura
2540	ACCESSORY_C_Dragon_Red_Aura	_C_Dragon_Red_Aura
2541	ACCESSORY_C_Dragon_Yellow_Aura	_C_Dragon_Yellow_Aura
2542	ACCESSORY_C_Broken_Egg	_C_Broken_Egg
2543	ACCESSORY_Marin_Pattern_Hat	_Marin_Pattern_Hat
2544	ACCESSORY_Handiness_Telescope_LT	_Handiness_Telescope_LT
2545	ACCESSORY_Rescue_whistle_LT	_Rescue_whistle_LT
2546	ACCESSORY_C_Guardian_Of_Abyss	_C_Guardian_Of_Abyss
2547	ACCESSORY_C_Ribbon_Braid_Hair	_C_Ribbon_Braid_Hair
2548	ACCESSORY_C_Jerboa_Headband	_C_Jerboa_Headband
2549	ACCESSORY_C_Angel_Berry_Wig	_C_Angel_Berry_Wig
2550	ACCESSORY_C_Bell_Flower_Hat	_C_Bell_Flower_Hat
2551	ACCESSORY_C_2024ROS_Hat_1st	_C_2024ROS_Hat_1st
2552	ACCESSORY_C_2024ROS_Hat_2nd	_C_2024ROS_Hat_2nd
2553	ACCESSORY_C_2024ROS_Hat_3rd	_C_2024ROS_Hat_3rd
2554	ACCESSORY_C_2024ROS_Hat_4th	_C_2024ROS_Hat_4th
2555	ACCESSORY_C_Helm_Of_Ra_KR	_C_Helm_Of_Ra_KR
2556	ACCESSORY_Magma_Ignis_Cap	_Magma_Ignis_Cap
2557	ACCESSORY_C_Carabao_MSP	_C_Carabao_MSP
2558	ACCESSORY_C_Gold_Paeonia	_C_Gold_Paeonia
2559	ACCESSORY_C_Red_Paeonia	_C_Red_Paeonia
2560	ACCESSORY_C_Buoyant_Parasol_B	_C_Buoyant_Parasol_B
2561	ACCESSORY_C_Buoyant_Parasol_R	_C_Buoyant_Parasol_R
2562	ACCESSORY_C_Blue_Sunbed	_C_Blue_Sunbed
2563	ACCESSORY_C_Green_Sunbed	_C_Green_Sunbed
2564	ACCESSORY_C_Auspicloud	_C_Auspicloud
2565	ACCESSORY_Astraea_Helm_LT	_Astraea_Helm_LT
2566	ACCESSORY_C_Pool	_C_Pool
2567	ACCESSORY_C_Cha_Ex_Twin	_C_Cha_Ex_Twin
2568	ACCESSORY_C_Eyes_Phen	_C_Eyes_Phen
2569	ACCESSORY_C_Candle_Set	_C_Candle_Set
2570	ACCESSORY_C_Baby_Seal	_C_Baby_Seal
2571	ACCESSORY_C_Fenrir_Afv_Hat	_C_Fenrir_Afv_Hat
2572	ACCESSORY_C_Great_Pyrenees	_C_Great_Pyrenees
2573	ACCESSORY_C_Bell_Cat_Hair	_C_Bell_Cat_Hair
2574	ACCESSORY_C_Puppy_Hat_WH	_C_Puppy_Hat_WH
2575	ACCESSORY_Many_Flowers_Love	_Many_Flowers_Love
2576	ACCESSORY_C_Con_of_Singapura_MSP	_C_Con_of_Singapura_MSP
2577	ACCESSORY_C_Angel_Berry_Wig_N	_C_Angel_Berry_Wig_N
2578	ACCESSORY_C_Cat_Whisper_Cloth	_C_Cat_Whisper_Cloth
2579	ACCESSORY_C_Halloween_Candypouch	_C_Halloween_Candypouch
2580	ACCESSORY_C_OR_EarWitchHat	_C_OR_EarWitchHat
2581	ACCESSORY_C_Yakgwa_Hairband	_C_Yakgwa_Hairband
2582	ACCESSORY_C_Sakura_Witch_Hat_W	_C_Sakura_Witch_Hat_W
2583	ACCESSORY_M_Plant_Hat_W	_M_Plant_Hat_W
2584	ACCESSORY_C_Jormun_Cape	_C_Jormun_Cape
2585	ACCESSORY_C_G_S_Captain_Hat	_C_G_S_Captain_Hat
2587	ACCESSORY_C_Helm_Of_Galaxia	_C_Helm_Of_Galaxia
2588	ACCESSORY_C_Traditors_Low_Tail	_C_Traditors_Low_Tail
2589	ACCESSORY_C_Braids_Wave	_C_Braids_Wave
2590	ACCESSORY_C_Yorker_Hood	_C_Yorker_Hood
2591	ACCESSORY_Yorscalp_P_Circlet	_Yorscalp_P_Circlet
2592	ACCESSORY_Yorscalp_M_Circlet	_Yorscalp_M_Circlet
2593	ACCESSORY_C_Doram_Headband	_C_Doram_Headband
2594	ACCESSORY_Atque_Poenitentia	_Atque_Poenitentia
2595	ACCESSORY_Perm_Frost_Oblivion	_Perm_Frost_Oblivion
2596	ACCESSORY_C_Sparkly_Rainbow_Hair	_C_Sparkly_Rainbow_Hair
2597	ACCESSORY_C_Commentary_Booth	_C_Commentary_Booth
2598	ACCESSORY_C_Adventurer_Map	_C_Adventurer_Map
2599	ACCESSORY_C_Eyes_Closed	_C_Eyes_Closed
2600	ACCESSORY_C_Drops_Mascot_Costume	_C_Drops_Mascot_Costume
2601	ACCESSORY_C_Angeling_H	_C_Angeling_H
2602	ACCESSORY_Bar_Fire_Circlet	_Bar_Fire_Circlet
2603	ACCESSORY_Bar_Ice_Circlet	_Bar_Ice_Circlet
2604	ACCESSORY_Bar_Death_Circlet	_Bar_Death_Circlet
2605	ACCESSORY_Bar_Plain_Circlet	_Bar_Plain_Circlet
2606	ACCESSORY_C_Alecsander	_C_Alecsander
2607	ACCESSORY_C_Cassandra	_C_Cassandra
2608	ACCESSORY_Leviathan_Helm	_Leviathan_Helm
2609	ACCESSORY_C_Winter_Tree	_C_Winter_Tree
2610	ACCESSORY_C_S_Two_Side_Up_BD	_C_S_Two_Side_Up_BD
2611	ACCESSORY_C_S_Two_Side_Up_BDP	_C_S_Two_Side_Up_BDP
2612	ACCESSORY_C_S_Two_Side_Up_SV	_C_S_Two_Side_Up_SV
2613	ACCESSORY_C_S_Two_Side_Up_BLP	_C_S_Two_Side_Up_BLP
2614	ACCESSORY_C_HN_Hair_BG	_C_HN_Hair_BG
2615	ACCESSORY_C_HN_Hair_YL	_C_HN_Hair_YL
2616	ACCESSORY_C_HN_Hair_CB	_C_HN_Hair_CB
2617	ACCESSORY_C_HN_Hair_LB	_C_HN_Hair_LB
2618	ACCESSORY_C_HN_Hair_LPP	_C_HN_Hair_LPP
2619	ACCESSORY_C_HN_Hair_JBL	_C_HN_Hair_JBL
2620	ACCESSORY_C_HN_Hair_WH	_C_HN_Hair_WH
2621	ACCESSORY_C_HN_Hair_OM	_C_HN_Hair_OM
2622	ACCESSORY_C_RAM_Hair_BG	_C_RAM_Hair_BG
2623	ACCESSORY_C_RAM_Hair_YL	_C_RAM_Hair_YL
2624	ACCESSORY_C_RAM_Hair_CB	_C_RAM_Hair_CB
2625	ACCESSORY_C_RAM_Hair_LB	_C_RAM_Hair_LB
2626	ACCESSORY_C_RAM_Hair_LPP	_C_RAM_Hair_LPP
2627	ACCESSORY_C_RAM_Hair_JBL	_C_RAM_Hair_JBL
2628	ACCESSORY_C_RAM_Hair_WH	_C_RAM_Hair_WH
2629	ACCESSORY_C_RAM_Hair_OM	_C_RAM_Hair_OM
2630	ACCESSORY_C_Wanderer_Curl_BG	_C_Wanderer_Curl_BG
2631	ACCESSORY_C_Wanderer_Curl_YL	_C_Wanderer_Curl_YL
2632	ACCESSORY_C_Wanderer_Curl_CB	_C_Wanderer_Curl_CB
2633	ACCESSORY_C_Wanderer_Curl_LB	_C_Wanderer_Curl_LB
2634	ACCESSORY_C_Wanderer_Curl_LPP	_C_Wanderer_Curl_LPP
2635	ACCESSORY_C_Wanderer_Curl_JBL	_C_Wanderer_Curl_JBL
2636	ACCESSORY_C_Wanderer_Curl_SWH	_C_Wanderer_Curl_SWH
2637	ACCESSORY_C_Wanderer_Curl_OM	_C_Wanderer_Curl_OM
2638	ACCESSORY_C_CLB_KP_Po	_C_CLB_KP_Po
2639	ACCESSORY_C_CLB_KP_DC	_C_CLB_KP_DC
2640	ACCESSORY_C_CLB_KP_Oog	_C_CLB_KP_Oog
2641	ACCESSORY_C_CLB_KP_SF	_C_CLB_KP_SF
2642	ACCESSORY_C_CLB_KP_Zh	_C_CLB_KP_Zh
2643	ACCESSORY_C_Pd_Drooping_Shen	_C_Pd_Drooping_Shen
2644	ACCESSORY_C_CLB_KP_Ta	_C_CLB_KP_Ta
2645	ACCESSORY_Mob_Scarf_LT	_Mob_Scarf_LT
2646	ACCESSORY_C_WH_Fox_Hood_Twin	_C_WH_Fox_Hood_Twin
2647	ACCESSORY_C_WH_Fox_Hood_Twin_N	_C_WH_Fox_Hood_Twin_N
2648	ACCESSORY_C_Lunatic_Kamakura	_C_Lunatic_Kamakura
2649	ACCESSORY_C_Blink_Eyes_WH_Serpent	_C_Blink_Eyes_WH_Serpent
2650	ACCESSORY_C_Guide_Of_Dead_Cap	_C_Guide_Of_Dead_Cap
2651	ACCESSORY_C_Libra_Of_Judgement	_C_Libra_Of_Judgement
2652	ACCESSORY_C_Wedjat	_C_Wedjat
2653	ACCESSORY_C_Baby_Seal2	_C_Baby_Seal2
2654	ACCESSORY_C_Knit_Ribbon_Lowtwin	_C_Knit_Ribbon_Lowtwin
2655	ACCESSORY_C_Knit_Ribbon_Lowtwin_N	_C_Knit_Ribbon_Lowtwin_N
2656	ACCESSORY_C_Maid_Frill	_C_Maid_Frill
2657	ACCESSORY_C_Red_Head_Dress	_C_Red_Head_Dress
2658	ACCESSORY_C_Sberry_Donut_In_Mouth	_C_Sberry_Donut_In_Mouth
2659	ACCESSORY_Mech_Feather_Hairband_B	_Mech_Feather_Hairband_B
2660	ACCESSORY_C_Kitchen_Car2	_C_Kitchen_Car2
2661	ACCESSORY_VIP_Hair_2025	_VIP_Hair_2025
2662	ACCESSORY_Gluttony_Crown	_Gluttony_Crown
2663	ACCESSORY_Blue_Astrologer_Hat	_Blue_Astrologer_Hat
2664	ACCESSORY_C_Experiment_Mind	_C_Experiment_Mind
2665	ACCESSORY_THA_DOLOR_MASK	_THA_DOLOR_MASK
2666	ACCESSORY_C_Rigel_Hair	_C_Rigel_Hair
2667	ACCESSORY_C_Blink_Eyes_Rigel	_C_Blink_Eyes_Rigel
2668	ACCESSORY_C_Consecrate_F_Aureola_RD	_C_Consecrate_F_Aureola_RD
2669	ACCESSORY_C_God_Of_Sun_Poring	_C_God_Of_Sun_Poring
2670	ACCESSORY_C_Poncho	_C_Poncho
2671	ACCESSORY_C_Deep_You_N	_C_Deep_You_N
2672	ACCESSORY_C_Deep_You	_C_Deep_You
2673	ACCESSORY_C_Thornbush_Hairband_BU	_C_Thornbush_Hairband_BU
2674	ACCESSORY_Vampire_Stall	_Vampire_Stall
2675	ACCESSORY_C_JP_EV18	_C_JP_EV18
2676	ACCESSORY_C_FumiHausu_Doll	_C_FumiHausu_Doll
2677	ACCESSORY_C_Doughkun	_C_Doughkun
2678	ACCESSORY_C_Eye_Mask_2	_C_Eye_Mask_2
2679	ACCESSORY_C_Muka_Sombrero	_C_Muka_Sombrero
2680	ACCESSORY_C_Capybara	_C_Capybara
2681	ACCESSORY_C_CLB_HM_Uzagi	_C_CLB_HM_Uzagi
2682	ACCESSORY_C_CB_Fullb_Twintails	_C_CB_Fullb_Twintails
2683	ACCESSORY_C_CB_Fullb_Twosideup	_C_CB_Fullb_Twosideup
2684	ACCESSORY_C_Hot_Spring	_C_Hot_Spring
2685	ACCESSORY_C_Blink_Eyes_Forest	_C_Blink_Eyes_Forest
2686	ACCESSORY_C_Majestic_Helmet_BL	_C_Majestic_Helmet_BL
2687	ACCESSORY_C_Frog_Cap_BW	_C_Frog_Cap_BW
2688	ACCESSORY_Eclipse_Muffler	_Eclipse_Muffler
2689	ACCESSORY_Evil_Druid_Hat_Blue	_Evil_Druid_Hat_Blue
2690	ACCESSORY_Variant_Devils_Horn	_Variant_Devils_Horn
2691	ACCESSORY_Midgard_Insignia	_Midgard_Insignia
2692	ACCESSORY_Midgard_Diadem_JP	_Midgard_Diadem_JP
2693	ACCESSORY_C_CLB_DT_TS_Hat	_C_CLB_DT_TS_Hat
2694	ACCESSORY_C_CLB_DT_TS_Mini	_C_CLB_DT_TS_Mini
2695	ACCESSORY_C_CLB_DT_TS_Drooping	_C_CLB_DT_TS_Drooping
2696	ACCESSORY_C_CLB_DT_TS_Hood	_C_CLB_DT_TS_Hood
2697	ACCESSORY_C_Wonderful_Long_N	_C_Wonderful_Long_N
2698	ACCESSORY_C_Wonderful_Long	_C_Wonderful_Long
2699	ACCESSORY_C_Forest_Friends	_C_Forest_Friends
2700	ACCESSORY_C_Petal_Hood	_C_Petal_Hood
2701	ACCESSORY_C_N_Forest_Cat	_C_N_Forest_Cat
2702	ACCESSORY_C_Chick_Hat_BU	_C_Chick_Hat_BU
2703	ACCESSORY_C_Ear_Of_Puppy_OM	_C_Ear_Of_Puppy_OM
2704	ACCESSORY_Orange_Rear_Ribbon	_Orange_Rear_Ribbon
2705	ACCESSORY_Snow_Aura_LT	_Snow_Aura_LT
2706	ACCESSORY_C_Twin_Milkyway_N	_C_Twin_Milkyway_N
2707	ACCESSORY_C_Twin_Milkyway	_C_Twin_Milkyway
2708	ACCESSORY_C_Blink_Eyes_Cosmic	_C_Blink_Eyes_Cosmic
2709	ACCESSORY_C_Stardust_Hairband_BU	_C_Stardust_Hairband_BU
2710	ACCESSORY_Happy_Cat_JP_BL	_Happy_Cat_JP_BL
2711	ACCESSORY_C_Immortal_H_Power	_C_Immortal_H_Power
2712	ACCESSORY_C_Cat_Straight_Long_BL	_C_Cat_Straight_Long_BL
2713	ACCESSORY_C_Cat_Ear_Long_BU	_C_Cat_Ear_Long_BU
2714	ACCESSORY_C_Cat_Ear_Short_WH	_C_Cat_Ear_Short_WH
2715	ACCESSORY_Imperial_Guardian	_Imperial_Guardian
2716	ACCESSORY_OpenAir_Headset_Red	_OpenAir_Headset_Red
2717	ACCESSORY_C_2508_Salt_Hat	_C_2508_Salt_Hat
2718	ACCESSORY_C_Vacation_Pope_Hair	_C_Vacation_Pope_Hair
2719	ACCESSORY_C_Miriam_Hair	_C_Miriam_Hair
2720	ACCESSORY_C_Summer_Sunglasses	_C_Summer_Sunglasses
2721	ACCESSORY_C_Come_On_Soda	_C_Come_On_Soda
2722	ACCESSORY_C_Chestnut_Helmet	_C_Chestnut_Helmet
2723	ACCESSORY_C_Ear_Of_Nyar_WH	_C_Ear_Of_Nyar_WH
2724	ACCESSORY_C_WH_Cat_Eyes	_C_WH_Cat_Eyes
2725	ACCESSORY_C_Snug_Nyar_Hair	_C_Snug_Nyar_Hair
2726	ACCESSORY_C_Ear_Of_Nyar_GY	_C_Ear_Of_Nyar_GY
2727	ACCESSORY_C_YL_Cat_Eyes	_C_YL_Cat_Eyes
2728	ACCESSORY_C_Waggy_Nyar_Hair	_C_Waggy_Nyar_Hair
2729	ACCESSORY_C_Divine_Veil	_C_Divine_Veil
2730	ACCESSORY_C_Divine_Twinkling	_C_Divine_Twinkling
2731	ACCESSORY_Eremes_Scarf_WH	_Eremes_Scarf_WH
2732	ACCESSORY_H_NightWatch_Cloak_BK	_H_NightWatch_Cloak_BK
2733	ACCESSORY_Frontier_R_Crown	_Frontier_R_Crown
2734	ACCESSORY_C_Feather_Hair_TT	_C_Feather_Hair_TT
2735	ACCESSORY_C_Feather_Hair_BD	_C_Feather_Hair_BD
2736	ACCESSORY_C_Gear_Monocle	_C_Gear_Monocle
2737	ACCESSORY_C_Liamette_Hair_Band	_C_Liamette_Hair_Band
2738	ACCESSORY_C_N_Piamette_Bonnet	_C_N_Piamette_Bonnet
2739	ACCESSORY_C_Chained_Bear	_C_Chained_Bear
2740	ACCESSORY_C_N_Piamette_RollHair	_C_N_Piamette_RollHair
2741	ACCESSORY_Brown_Tabby_Muffler	_Brown_Tabby_Muffler
2742	ACCESSORY_Majestic_Fox	_Majestic_Fox
2743	ACCESSORY_C_Halloween_Candy_Hair	_C_Halloween_Candy_Hair
2744	ACCESSORY_C_HalloCandy_Hair_N	_C_HalloCandy_Hair_N
2745	ACCESSORY_C_Medjed_Cloth	_C_Medjed_Cloth
2746	ACCESSORY_C_Blink_Eyes_Halloween	_C_Blink_Eyes_Halloween
2747	ACCESSORY_C_Halloween_Pumpkin	_C_Halloween_Pumpkin
2748	ACCESSORY_C_Violet_Starlight	_C_Violet_Starlight
2749	ACCESSORY_Toy_Syringe_LT_TW	_Toy_Syringe_LT_TW
2750	ACCESSORY_Midgard_Integrity	_Midgard_Integrity
2751	ACCESSORY_Solid_State_Recognition	_Solid_State_Recognition
2752	ACCESSORY_Flame_Muffler_BU	_Flame_Muffler_BU
2753	ACCESSORY_Poporing_Soap_Pipe	_Poporing_Soap_Pipe
2754	ACCESSORY_Asha_Vahishta	_Asha_Vahishta
2755	ACCESSORY_C_Warm_PoongCha	_C_Warm_PoongCha
2756	ACCESSORY_C_L_Knitting_Wave_BD	_C_L_Knitting_Wave_BD
2757	ACCESSORY_C_L_Knitting_Wave_RBD	_C_L_Knitting_Wave_RBD
2758	ACCESSORY_C_L_Knitting_Wave_SV	_C_L_Knitting_Wave_SV
2759	ACCESSORY_C_L_Knitting_Wave_RSV	_C_L_Knitting_Wave_RSV
2760	ACCESSORY_C_Skia_Two_Side_Up_BG	_C_Skia_Two_Side_Up_BG
2761	ACCESSORY_C_Skia_Two_Side_Up_BD	_C_Skia_Two_Side_Up_BD
2762	ACCESSORY_C_Skia_Two_Side_Up_CB	_C_Skia_Two_Side_Up_CB
2763	ACCESSORY_C_Skia_Two_Side_Up_LB	_C_Skia_Two_Side_Up_LB
2764	ACCESSORY_C_Skia_Two_Side_Up_SV	_C_Skia_Two_Side_Up_SV
2765	ACCESSORY_C_Skia_Two_Side_Up_BL	_C_Skia_Two_Side_Up_BL
2766	ACCESSORY_C_Skia_Two_Side_Up_WH	_C_Skia_Two_Side_Up_WH
2767	ACCESSORY_C_Skia_Two_Side_Up_OM	_C_Skia_Two_Side_Up_OM
2768	ACCESSORY_C_Fairy_Long_BG	_C_Fairy_Long_BG
2769	ACCESSORY_C_Fairy_Long_YL	_C_Fairy_Long_YL
2770	ACCESSORY_C_Fairy_Long_RD	_C_Fairy_Long_RD
2771	ACCESSORY_C_Fairy_Long_LB	_C_Fairy_Long_LB
2772	ACCESSORY_C_Fairy_Long_LPP	_C_Fairy_Long_LPP
2773	ACCESSORY_C_Fairy_Long_BL	_C_Fairy_Long_BL
2774	ACCESSORY_C_Fairy_Long_WH	_C_Fairy_Long_WH
2775	ACCESSORY_C_Fairy_Long_OM	_C_Fairy_Long_OM
2776	ACCESSORY_C_Rocking_Short_BG	_C_Rocking_Short_BG
2777	ACCESSORY_C_Rocking_Short_BD	_C_Rocking_Short_BD
2778	ACCESSORY_C_Rocking_Short_RD	_C_Rocking_Short_RD
2779	ACCESSORY_C_Rocking_Short_LB	_C_Rocking_Short_LB
2780	ACCESSORY_C_Rocking_Short_SV	_C_Rocking_Short_SV
2781	ACCESSORY_C_Rocking_Short_JBL	_C_Rocking_Short_JBL
2782	ACCESSORY_C_Rocking_Short_WH	_C_Rocking_Short_WH
2783	ACCESSORY_C_Rocking_Short_OM	_C_Rocking_Short_OM
2784	ACCESSORY_Pigeon_Magic_Hat	_Pigeon_Magic_Hat
2785	ACCESSORY_Angel_Valletta	_Angel_Valletta
2786	ACCESSORY_Draco_Eques	_Draco_Eques
2787	ACCESSORY_Blue_Fox_Ear_Ribbon	_Blue_Fox_Ear_Ribbon
2788	ACCESSORY_Regia_Black_Mask	_Regia_Black_Mask
2789	ACCESSORY_C_Aurelie_Hair	_C_Aurelie_Hair
2790	ACCESSORY_C_Emperor_Penguin	_C_Emperor_Penguin
2791	ACCESSORY_C_Success_CN	_C_Success_CN
2792	ACCESSORY_C_Red_Horse_Hairpin	_Red_Horse_Hairpin
2793	ACCESSORY_ROZ_KH_AMP_R	_기계인형증폭장치
2794	ACCESSORY_C_Lots_Braided_Hair	_C_Lots_Braided_Hair
2795	ACCESSORY_C_Blink_Eyes_Chocolate	_C_Blink_Eyes_Chocolate
2796	ACCESSORY_C_Love_Piece_BL	_C_Love_Piece_BL
2797	ACCESSORY_C_CLB_GAT_G1	_C_CLB_GAT_G1
2798	ACCESSORY_C_CLB_GAT_G2	_C_CLB_GAT_G2
2799	ACCESSORY_C_CLB_GAT_G3	_C_CLB_GAT_G3
2800	ACCESSORY_C_CLB_GAT_G4	_C_CLB_GAT_G4
2801	ACCESSORY_C_CLB_GAT_G5	_C_CLB_GAT_G5
2802	ACCESSORY_C_CLB_GAT_bye	_C_CLB_GAT_bye
2803	ACCESSORY_C_CLB_GAT_go	_C_CLB_GAT_go
2804	ACCESSORY_C_CLB_GAT_BK	_C_CLB_GAT_BK
2805	ACCESSORY_C_CLB_GAT_button	_C_CLB_GAT_button
2806	ACCESSORY_C_Malangmalang	_C_Malangmalang
2807	ACCESSORY_Book_Of_elementalors	_Book_Of_elementalors
2808	ACCESSORY_Chatty_Cockatiel	_Chatty_Cockatiel
2809	ACCESSORY_C_Eye_of_Necromancer	_C_Eye_of_Necromancer
2810	ACCESSORY_C_Jaow_Pirun	_C_Jaow_Pirun
2811	ACCESSORY_C_Spirit_Cat_TH	_C_Spirit_Cat_TH
2812	ACCESSORY_Umbala_Utan_Helmet	_Umbala_Utan_Helmet
2813	ACCESSORY_Ruin_Tempest	_Ruin_Tempest
2814	ACCESSORY_C_Apprentice_Witch_Hat	_C_Apprentice_Witch_Hat
2815	ACCESSORY_C_Seyren_Hair	_C_Seyren_Hair
2816	ACCESSORY_C_Magaleta_Hair	_C_Magaleta_Hair
2817	ACCESSORY_C_Nursing_Poring	_C_Nursing_Poring
2818	ACCESSORY_C_Nymph_Ear	_C_Nymph_Ear
2819	ACCESSORY_C_LG_Feather_Hat	_C_LG_Feather_Hat
2820	ACCESSORY_C_Petal_Twin	_C_Petal_Twin
2821	ACCESSORY_C_Petal_Twin_N	_C_Petal_Twin_N
2822	ACCESSORY_C_Ruck_Keeper	_C_Ruck_Keeper
2823	ACCESSORY_C_Nine_Tailed_Fox	_C_Nine_Tailed_Fox
2824	ACCESSORY_C_Naughty_P_Wig	_C_Naughty_P_Wig
2825	ACCESSORY_C_Fox_Ear_Beret	_C_Fox_Ear_Beret
2826	ACCESSORY_C_Mask_Of_Fox_YL	_C_Mask_Of_Fox_YL
2827	ACCESSORY_C_Joyful_Taogunka	_C_Joyful_Taogunka
2828	ACCESSORY_C_Cynic_Guard	_C_Cynic_Guard
2830	ACCESSORY_Primordial_Weapons	_Primordial_Weapons
2831	ACCESSORY_Two_Side_Wing	_Two_Side_Wing
2832	ACCESSORY_Pride_A_Helm	_Pride_A_Helm
2833	ACCESSORY_C_CLB_BS_Head	_C_CLB_BS_Head
2834	ACCESSORY_C_CLB_BS_Hood_B	_C_CLB_BS_Hood_B
2835	ACCESSORY_C_CLB_BS_Hood_M	_C_CLB_BS_Hood_M
2836	ACCESSORY_C_CLB_BS_Hood_F	_C_CLB_BS_Hood_F
2837	ACCESSORY_C_CLB_BS_Hood_GM	_C_CLB_BS_Hood_GM
2838	ACCESSORY_C_CLB_BS_Hood_GF	_C_CLB_BS_Hood_GF
2839	ACCESSORY_C_CLB_BS_Pilot_Fish	_C_CLB_BS_Pilot_Fish
2840	ACCESSORY_C_CLB_BS_Mini	_C_CLB_BS_Mini
2841	ACCESSORY_C_Spiritual_Eye_Mask	_C_Spiritual_Eye_Mask
2842	ACCESSORY_C_Water_Elem_Dragon	_C_Water_Elem_Dragon
2843	ACCESSORY_Holy_Rosario_Silver	_Holy_Rosario_Silver
2844	ACCESSORY_C_Culture_Pod	_C_Culture_Pod
2845	ACCESSORY_C_Tarou_Magical_Hat	_C_Tarou_Magical_Hat
